ID,Unitprice,Expire date,Outbound number,Total outbound,Pal grossweight,Pal height,Units per pal,risk_score,risk_level,cluster
1,0.058,547,9,2441.0,105.6,1.56,1920,59.93725277928343,Medium,0
2,0.954,547,0,0.0,207.68,1.0,384,62.73841961852862,Medium,1
3,2.385,547,12,23.0,165.78,1.02,108,62.67434947647648,Medium,1
4,5.1,547,0,0.0,221.04,1.05,72,62.73841961852862,Medium,1
5,0.0,547,0,0.0,0.0,0.0,0,62.73841961852862,Medium,2
6,1.11,547,1,1.0,207.68,1.0,384,62.734121672843926,Medium,1
7,2.515,547,2,4.0,165.78,1.02,108,62.7275519464618,Medium,1
8,0.0,547,0,0.0,0.0,0.0,0,62.73841961852862,Medium,2
9,0.2625,547,0,0.0,0.0,0.0,0,62.73841961852862,Medium,2
10,13.354,365,0,0.0,441.72,1.44,36,75.13623978201633,High,1
11,4.253,547,0,0.0,221.04,1.05,72,62.73841961852862,Medium,1
12,1.042,547,6,14.0,207.68,1.0,384,62.70354482163074,Medium,1
13,2.592,547,8,12.0,165.78,1.02,108,62.69949249165625,Medium,1
14,5.425,547,0,0.0,0.0,0.0,0,62.73841961852862,Medium,2
15,0.0,547,0,0.0,0.0,0.0,0,62.73841961852862,Medium,2
16,4.321,547,1,2.0,221.04,0.0,72,62.73298578249521,Medium,1
17,0.0,547,0,0.0,0.0,0.0,0,62.73841961852862,Medium,2
18,2.39,547,3,5.0,165.78,1.02,108,62.72325400077712,Medium,1
19,0.0,547,0,0.0,0.0,0.0,0,62.73841961852862,Medium,2
20,0.976,547,0,0.0,207.68,1.0,384,62.73841961852862,Medium,1
21,2.9171,547,0,0.0,165.78,1.02,108,62.73841961852862,Medium,1
22,0.0,547,0,0.0,0.0,0.0,0,62.73841961852862,Medium,2
23,17.113,365,1,3.0,441.72,1.44,36,75.12967005563424,High,1
24,4.942,547,1,1.0,221.04,1.05,72,62.734121672843926,Medium,1
25,14.783,365,1,1.0,515.34,1.68,42,75.13194183633166,High,1
26,19.63,365,0,0.0,0.0,0.0,24,75.13623978201633,High,2
27,4.61,547,2,3.0,221.04,1.05,72,62.72868783681053,Medium,1
28,0.006,547,9,1336.0,105.6,1.56,1920,61.19241161461719,Medium,0
29,14.919,365,1,1.0,515.34,1.68,42,75.13194183633166,High,1
30,4.79,547,0,0.0,221.04,1.05,72,62.73841961852862,Medium,1
31,0.19,547,0,0.0,0.0,0.0,0,62.73841961852862,Medium,2
32,0.0,547,0,0.0,0.0,0.0,0,62.73841961852862,Medium,2
33,15.318,365,1,1.0,515.34,1.68,42,75.13194183633166,High,1
34,17.02,365,0,0.0,0.0,0.0,24,75.13623978201633,High,2
35,4.48,547,0,0.0,0.0,0.0,0,62.73841961852862,Medium,2
36,15.808,365,1,1.0,515.34,1.68,42,75.13194183633166,High,1
37,16.201,365,0,0.0,515.34,1.68,42,75.13623978201633,High,1
38,4.303,547,0,0.0,221.04,1.05,72,62.73841961852862,Medium,1
39,16.76,365,0,0.0,0.0,0.0,0,75.13623978201633,High,2
40,0.0,365,0,0.0,0.0,0.0,0,75.13623978201633,High,2
41,0.192,547,10,760.0,105.6,1.56,1920,61.843522400142994,Medium,0
42,0.192,0,0,0.0,0.0,0.0,0,100.0,High,2
43,0.992,547,7,19.0,207.68,1.0,384,62.69470331455119,Medium,1
44,1.67,365,0,0.0,0.0,0.0,0,75.13623978201633,High,2
45,2.318,547,7,16.0,165.78,1.02,108,62.698110985597346,Medium,1
46,0.0,365,0,0.0,0.0,0.6,25,75.13623978201633,High,2
47,9.547,547,2,2.0,243.84,0.72,32,62.72982372715924,Medium,1
48,1.29,547,0,0.0,207.68,1.0,384,62.73841961852862,Medium,1
49,2.28,547,0,0.0,165.78,1.02,108,62.73841961852862,Medium,1
50,1.137,547,1,1.0,207.68,1.0,384,62.734121672843926,Medium,1
51,1.86,365,74,744.0,198.0,1.02,180,74.05714526770824,High,0
52,2.4,547,4,10.0,165.78,1.02,108,62.71441249369756,Medium,1
53,9.496,547,3,3.0,243.84,0.72,32,62.72552578147456,Medium,1
54,0.0,547,0,0.0,0.0,0.0,0,62.73841961852862,Medium,2
55,0.0,365,0,0.0,0.0,0.0,0,75.13623978201633,High,2
56,2.41,547,0,0.0,0.0,0.0,0,62.73841961852862,Medium,2
57,0.0,365,0,0.0,0.0,0.0,0,75.13623978201633,High,2
58,2.5,547,3,5.0,165.78,1.02,108,62.72325400077712,Medium,1
59,10.141,547,0,0.0,243.84,0.72,32,62.73841961852862,Medium,1
60,15.04,365,0,0.0,441.72,1.44,36,75.13623978201633,High,1
61,4.04,547,3,4.0,221.04,1.05,72,62.72438989112583,Medium,1
62,0.2,547,4,1340.0,105.6,1.56,1920,61.20367832990217,Medium,0
63,14.568,365,13,17.0,515.34,1.68,42,75.07582292672055,High,1
64,0.0,547,0,0.0,0.0,0.0,0,62.73841961852862,Medium,2
65,16.333,365,2,2.0,515.34,1.68,42,75.12764389064698,High,1
66,0.998,547,4,6.0,207.68,1.0,384,62.718956055092434,Medium,1
67,2.345,547,2,2.0,165.78,1.02,108,62.72982372715924,Medium,1
68,0.0,547,0,0.0,0.0,0.0,0,62.73841961852862,Medium,2
69,0.0,547,0,0.0,0.0,0.0,0,62.73841961852862,Medium,2
70,15.316,365,2,2.0,515.34,1.68,42,75.12764389064698,High,1
71,0.0,365,0,0.0,0.0,0.0,0,75.13623978201633,High,2
72,0.0,547,0,0.0,0.0,0.0,0,62.73841961852862,Medium,2
73,0.0,365,0,0.0,0.0,0.0,0,75.13623978201633,High,2
74,0.106,547,3,360.0,105.6,1.56,1920,62.3200129269821,Medium,0
75,0.962,547,0,0.0,207.68,1.0,384,62.73841961852862,Medium,1
76,1.97,365,3,23.0,198.0,1.02,180,75.10062813798791,High,1
77,2.063,547,1,1.0,165.78,1.02,108,62.734121672843926,Medium,1
78,4.642,547,3,3.0,221.04,1.05,72,62.72552578147456,Medium,1
79,1.143,547,0,0.0,207.68,1.0,384,62.73841961852862,Medium,1
80,1.8,365,0,0.0,198.0,1.02,180,75.13623978201633,High,1
81,2.263,547,6,7.0,165.78,1.02,108,62.71149605407178,Medium,1
82,1.75,547,0,0.0,198.0,1.02,180,62.73841961852862,Medium,1
83,4.456,547,0,0.0,221.04,1.05,72,62.73841961852862,Medium,1
84,2.502,547,0,0.0,165.78,1.02,108,62.73841961852862,Medium,1
85,4.309,547,4,5.0,221.04,1.05,72,62.72009194544115,Medium,1
86,0.934,547,0,0.0,0.0,0.0,0,62.73841961852862,Medium,2
87,2.201,547,0,0.0,165.78,1.02,108,62.73841961852862,Medium,1
88,0.0,547,0,0.0,0.0,0.0,0,62.73841961852862,Medium,2
89,2.239,547,3,64.0,165.78,1.02,108,62.65623647020273,Medium,1
90,0.0,547,0,0.0,0.0,0.0,0,62.73841961852862,Medium,2
91,0.0,547,0,0.0,0.0,0.0,0,62.73841961852862,Medium,2
92,2.69,547,0,0.0,0.0,0.0,0,62.73841961852862,Medium,2
93,0.0,547,0,0.0,0.0,0.0,0,62.73841961852862,Medium,2
94,0.0,547,0,0.0,0.0,0.0,0,62.73841961852862,Medium,2
95,0.375,730,1,2.0,5.25,0.0,50,50.267045727999296,Medium,2
96,0.35,730,2,4.0,529.2,0.9,2160,50.261611891965885,Medium,1
97,0.37,730,0,0.0,529.2,0.9,2160,50.27247956403269,Medium,1
98,0.34,730,0,0.0,529.2,0.9,2160,50.27247956403269,Medium,1
99,0.353,730,1,7.0,529.2,0.9,2160,50.2613662762557,Medium,1
100,5.611,365,2,2.0,167.68,1.0,384,75.12764389064698,High,1
101,0.0,365,0,0.0,0.0,0.0,0,75.13623978201633,High,2
102,19.534,365,0,0.0,621.72,1.8,36,75.13623978201633,High,1
103,0.0,365,0,0.0,0.0,0.0,0,75.13623978201633,High,2
104,24.825,365,0,0.0,730.8,1.8,36,75.13623978201633,High,1
105,0.0,547,0,0.0,0.0,0.0,0,62.73841961852862,Medium,2
106,9.52,547,0,0.0,261.12,0.72,32,62.73841961852862,Medium,1
107,25.24,365,0,0.0,310.86,0.9,18,75.13623978201633,High,1
108,2.887,547,3,3.0,226.8,1.02,108,62.72552578147456,Medium,1
109,5.41,547,0,0.0,293.76,1.05,72,62.73841961852862,Medium,1
110,0.24,547,2,640.0,105.6,1.56,1920,62.00512568467694,Medium,0
111,1.0,547,0,0.0,167.68,1.0,384,62.73841961852862,Medium,1
112,11.941,547,0,0.0,0.0,0.0,0,62.73841961852862,Medium,2
113,2.88,547,0,0.0,226.8,1.02,108,62.73841961852862,Medium,1
114,0.04,547,0,0.0,105.6,1.56,1920,62.73841961852862,Medium,1
115,0.899,547,9,18.0,167.68,1.0,384,62.689515094227964,Medium,1
116,1.78,365,0,0.0,0.0,0.0,180,75.13623978201633,High,2
117,12.517,547,2,3.0,325.12,0.8,32,62.72868783681053,Medium,1
118,2.942,547,10,15.0,226.8,1.02,108,62.68976070993815,Medium,1
119,0.0,365,0,0.0,0.0,0.0,0,75.13623978201633,High,2
120,5.557,547,5,8.0,293.76,1.05,72,62.71352221905902,Medium,1
121,0.84,547,1,6.0,167.68,1.0,384,62.72844222110033,Medium,1
122,2.04,365,0,0.0,147.6,1.17,180,75.13623978201633,High,1
123,12.794,547,2,2.0,325.12,0.8,32,62.72982372715924,Medium,1
124,3.103,547,1,1.0,226.8,1.02,108,62.734121672843926,Medium,1
125,1.24,547,4,5.0,167.68,1.0,384,62.72009194544115,Medium,1
126,14.78,547,0,0.0,325.12,0.8,32,62.73841961852862,Medium,1
127,3.561,547,3,4.0,226.8,1.02,108,62.72438989112583,Medium,1
128,0.0,547,5,420.0,0.0,0.0,960,62.245535395387066,Medium,3
129,0.87,547,1,3.0,167.68,1.0,384,62.7318498921465,Medium,1
130,2.208,365,0,0.0,147.6,1.17,180,75.13623978201633,High,1
131,12.949,547,0,0.0,325.12,0.8,32,62.73841961852862,Medium,1
132,3.105,547,14,22.0,226.8,1.02,108,62.66916125615325,Medium,1
133,5.561,547,0,0.0,293.76,1.05,72,62.73841961852862,Medium,1
134,0.896,547,0,0.0,167.68,1.0,384,62.73841961852862,Medium,1
135,0.0,547,0,0.0,0.0,0.0,0,62.73841961852862,Medium,2
136,0.858,547,3,12.0,167.68,1.0,384,62.71530276833609,Medium,1
137,1.74,365,0,0.0,0.0,0.0,0,75.13623978201633,High,2
138,12.854,547,2,2.0,10.16,0.8,32,62.72982372715924,Medium,1
139,3.077,547,1,1.0,226.8,1.02,108,62.734121672843926,Medium,1
140,0.794,547,4,8.0,167.68,1.0,384,62.716684274394986,Medium,1
141,2.8,547,1,3.0,226.8,1.02,108,62.7318498921465,Medium,1
142,5.212,547,2,2.0,293.76,1.05,72,62.72982372715924,Medium,1
143,0.88,547,1,3.0,167.68,1.0,384,62.7318498921465,Medium,1
144,11.579,547,4,4.0,325.12,0.8,32,62.72122783578986,Medium,1
145,2.849,547,6,11.0,226.8,1.02,108,62.706952492676905,Medium,1
146,4.866,547,0,0.0,261.54,1.05,72,62.73841961852862,Medium,1
147,0.877,547,9,21.0,167.68,1.0,384,62.68610742318182,Medium,1
148,12.584,547,4,4.0,325.12,0.8,32,62.72122783578986,Medium,1
149,3.072,547,5,5.0,226.8,1.02,108,62.71692989010518,Medium,1
150,5.674,547,5,6.0,293.76,1.05,72,62.715793999756464,Medium,1
151,0.82,547,1,3.0,167.68,1.0,384,62.7318498921465,Medium,1
152,2.263,547,5,7.0,165.78,1.02,108,62.714658109407736,Medium,1
153,4.532,547,0,0.0,261.54,1.05,72,62.73841961852862,Medium,1
154,9.274,547,0,0.0,261.12,0.72,32,62.73841961852862,Medium,1
155,0.83,547,8,20.0,167.68,1.0,384,62.6904053688665,Medium,1
156,12.353,547,0,0.0,325.12,0.8,32,62.73841961852862,Medium,1
157,2.979,547,2,4.0,226.8,1.02,108,62.7275519464618,Medium,1
158,5.353,547,5,6.0,293.76,1.05,72,62.715793999756464,Medium,1
159,0.747,547,0,0.0,167.68,1.0,384,62.73841961852862,Medium,1
160,1.23,365,27,1165.0,147.6,0.0,180,73.72755203168833,High,0
161,10.807,547,0,0.0,325.12,0.8,32,62.73841961852862,Medium,1
162,16.201,365,5,6.0,641.34,1.68,42,75.1136141632442,High,1
163,2.736,547,1,1.0,226.8,1.02,108,62.734121672843926,Medium,1
164,3.55,365,0,0.0,266.4,1.02,108,75.13623978201633,High,1
165,4.784,547,0,0.0,293.76,1.05,72,62.73841961852862,Medium,1
166,0.76,547,9,21.0,167.68,1.0,384,62.68610742318182,Medium,1
167,1.35,365,134,2722.0,147.6,1.17,180,71.62063083778527,High,0
168,11.795,547,2,2.0,325.12,0.8,32,62.72982372715924,Medium,1
169,18.308,365,2,5.0,641.34,1.68,42,75.12423621960082,High,1
170,2.72,547,8,11.0,226.8,1.02,108,62.700628382004965,Medium,1
171,0.0,365,0,0.0,0.0,0.0,0,75.13623978201633,High,2
172,5.314,547,7,7.0,293.76,1.05,72,62.70833399873581,Medium,1
173,0.8,547,6,24.0,167.68,1.0,384,62.692185918143565,Medium,1
174,1.42,547,1,50.0,147.6,1.17,180,62.67846304575673,Medium,1
175,12.685,547,1,1.0,325.12,0.8,32,62.734121672843926,Medium,1
176,2.933,547,4,4.0,226.8,1.02,108,62.72122783578986,Medium,1
177,5.62,547,0,0.0,293.76,1.05,72,62.73841961852862,Medium,1
178,1.03,547,0,0.0,167.68,1.0,384,62.73841961852862,Medium,1
179,2.722,547,1,1.0,226.8,1.02,108,62.734121672843926,Medium,1
180,0.837,547,4,17.0,167.68,1.0,384,62.70646126125652,Medium,1
181,1.3,547,7,130.0,147.6,0.0,180,62.56861948584345,Medium,1
182,10.93,547,0,0.0,325.12,0.8,32,62.73841961852862,Medium,1
183,2.608,547,13,22.0,226.8,1.02,108,62.67232331148922,Medium,1
184,4.789,547,1,1.0,293.76,1.05,72,62.734121672843926,Medium,1
185,0.939,547,4,13.0,167.68,1.0,384,62.7110048226514,Medium,1
186,1.5,365,98,1389.0,147.6,1.17,180,73.24860666472168,High,0
187,12.716,547,3,3.0,325.12,0.8,32,62.72552578147456,Medium,1
188,19.14,365,0,0.0,0.0,1.1,21,75.13623978201633,High,1
189,3.014,547,4,5.0,226.8,1.02,108,62.72009194544115,Medium,1
190,5.647,547,0,0.0,293.76,1.05,72,62.73841961852862,Medium,1
191,0.0,547,0,0.0,0.0,0.0,0,62.73841961852862,Medium,2
192,0.826,547,2,10.0,167.68,1.0,384,62.7207366043695,Medium,1
193,1.34,365,76,2054.0,147.6,1.17,180,72.56280480021529,High,0
194,11.577,547,6,7.0,325.12,0.8,32,62.71149605407178,Medium,1
195,17.525,365,0,0.0,0.0,0.0,0,75.13623978201633,High,2
196,16.879,365,1,2.0,641.34,1.68,42,75.13080594598294,High,1
197,2.905,547,9,15.0,226.8,1.02,108,62.69292276527412,Medium,1
198,5.294,547,15,19.0,293.76,1.05,72,62.669406871863444,Medium,1
199,0.821,547,1,2.0,167.68,1.0,384,62.73298578249521,Medium,1
200,0.0,365,27,1770.0,147.6,0.0,180,73.04033837071374,High,3
201,2.78,547,4,4.0,226.8,1.02,108,62.72122783578986,Medium,1
202,0.87,547,1,6.0,167.68,1.0,384,62.72844222110033,Medium,1
203,0.0,365,0,0.0,0.0,0.0,0,75.13623978201633,High,2
204,3.08,547,0,0.0,226.8,1.02,108,62.73841961852862,Medium,1
205,0.79,547,3,4.0,167.68,1.0,384,62.72438989112583,Medium,1
206,1.6,365,44,814.0,147.6,1.17,180,74.07249460337701,High,0
207,3.192,547,2,2.0,226.8,1.02,108,62.72982372715924,Medium,1
208,5.552,547,0,0.0,293.76,1.05,72,62.73841961852862,Medium,1
209,0.924,547,2,6.0,167.68,1.0,384,62.725280165764374,Medium,1
210,2.0125,365,0,0.0,0.0,0.0,0,75.13623978201633,High,2
211,11.787,547,4,4.0,325.12,0.8,32,62.72122783578986,Medium,1
212,2.83,547,2,2.0,226.8,1.02,108,62.72982372715924,Medium,1
213,5.241,547,9,10.0,293.76,1.05,72,62.698602217017715,Medium,1
214,0.84,547,2,4.0,167.68,1.0,384,62.7275519464618,Medium,1
215,2.259,547,4,4.0,165.78,1.02,108,62.72122783578986,Medium,1
216,4.422,547,0,0.0,261.54,1.05,72,62.73841961852862,Medium,1
217,0.86,547,8,18.0,167.68,1.0,384,62.692677149563934,Medium,1
218,11.917,547,3,3.0,325.12,0.8,32,62.72552578147456,Medium,1
219,2.999,547,2,4.0,226.8,1.02,108,62.7275519464618,Medium,1
220,5.47,547,0,0.0,293.76,1.05,72,62.73841961852862,Medium,1
221,0.91,547,1,3.0,167.68,1.0,384,62.7318498921465,Medium,1
222,1.6,365,0,0.0,147.6,1.17,180,75.13623978201633,High,1
223,2.357,547,4,5.0,165.78,1.02,108,62.72009194544115,Medium,1
224,5.092,547,2,2.0,261.54,1.05,72,62.72982372715924,Medium,1
225,0.99,547,3,8.0,167.68,1.0,384,62.719846329730956,Medium,1
226,3.67,547,2,3.0,226.8,1.02,108,62.72868783681053,Medium,1
227,6.31,547,1,1.0,293.76,1.05,72,62.734121672843926,Medium,1
228,0.86,547,8,15.0,167.68,1.0,384,62.69608482061009,Medium,1
229,1.944,365,0,0.0,147.6,1.17,180,75.13623978201633,High,1
230,3.04,547,3,3.0,226.8,1.02,108,62.72552578147456,Medium,1
231,0.9,547,2,15.0,167.68,1.0,384,62.71505715262591,Medium,1
232,1.824,365,27,1859.0,147.6,1.17,180,72.93924412967782,High,0
233,2.853,547,4,5.0,226.8,1.02,108,62.72009194544115,Medium,1
234,0.94,547,0,0.0,167.68,1.0,384,62.73841961852862,Medium,1
235,2.016,365,0,0.0,294.0,1.13,350,75.13623978201633,High,1
236,2.37,547,0,0.0,165.78,1.02,108,62.73841961852862,Medium,1
237,0.0,547,0,0.0,0.0,0.0,0,62.73841961852862,Medium,2
238,0.978,547,0,0.0,167.68,1.0,384,62.73841961852862,Medium,1
239,1.908,365,0,0.0,147.6,1.17,180,75.13623978201633,High,1
240,3.08,547,1,2.0,226.8,1.02,108,62.73298578249521,Medium,1
241,0.9,547,4,12.0,167.68,1.0,384,62.71214071300012,Medium,1
242,0.0,365,0,0.0,0.0,0.0,0,75.13623978201633,High,2
243,3.3,547,1,2.0,226.8,1.02,108,62.73298578249521,Medium,1
244,0.0,365,0,0.0,0.0,0.0,0,75.13623978201633,High,2
245,5.27,365,1,1.0,66.96,0.94,216,75.13194183633166,High,1
246,12.39,547,0,0.0,325.12,0.8,32,62.73841961852862,Medium,1
247,6.203,547,0,0.0,0.0,0.0,0,62.73841961852862,Medium,2
248,13.152,547,0,0.0,325.12,0.8,32,62.73841961852862,Medium,1
249,0.0,365,0,0.0,0.0,0.0,0,75.13623978201633,High,2
250,1.881,730,10,24.0,336.96,0.9,288,50.213597642303775,Medium,1
251,1.85,730,4,6.0,336.96,0.9,288,50.2530160005965,Medium,1
252,1.76,730,3,3.0,336.96,0.9,288,50.25958572697864,Medium,1
253,1.95,730,2,2.0,336.96,0.9,288,50.263883672663326,Medium,1
254,2.04,730,2,2.0,336.96,0.9,288,50.263883672663326,Medium,1
255,1.65,730,0,0.0,336.96,0.9,288,50.27247956403269,Medium,1
256,1.88,730,1,1.0,336.96,0.9,288,50.26818161834801,Medium,1
257,1.829,730,1,1.0,336.96,0.9,288,50.26818161834801,Medium,1
258,1.789,730,15,29.0,336.96,0.9,288,50.192107913880335,Medium,1
259,0.39,730,3,10.0,529.2,0.9,2160,50.25163449453761,Medium,1
260,1.818,730,5,8.0,336.96,0.9,288,50.24758216456311,Medium,1
261,1.85,730,8,8.0,336.96,0.9,288,50.238095998555195,Medium,1
262,1.857,730,0,0.0,336.96,0.9,288,50.27247956403269,Medium,1
263,1.72,730,0,0.0,336.96,0.9,288,50.27247956403269,Medium,1
264,1.8,730,128,203.0,336.96,0.9,288,49.63715074023892,Medium,0
265,1.82,730,12,14.0,336.96,0.9,288,50.21863243511901,Medium,1
266,1.742,730,9,11.0,336.96,0.9,288,50.23152627217308,Medium,1
267,1.57,730,18,24.0,336.96,0.9,288,50.18830119961603,Medium,1
268,0.975,547,0,0.0,207.68,1.0,384,62.73841961852862,Medium,1
269,2.205,547,1,1.0,165.78,1.02,108,62.734121672843926,Medium,1
270,5.5298,547,0,0.0,221.04,1.05,72,62.73841961852862,Medium,1
271,1.05,547,2,3.0,207.68,1.0,384,62.72868783681053,Medium,1
272,2.32,547,1,1.0,165.78,1.02,108,62.734121672843926,Medium,1
273,5.425,547,0,0.0,221.04,1.05,72,62.73841961852862,Medium,1
274,1.428,547,0,0.0,207.68,1.0,384,62.73841961852862,Medium,1
275,2.48,547,0,0.0,165.78,1.02,108,62.73841961852862,Medium,1
276,5.8274,547,0,0.0,221.04,1.05,72,62.73841961852862,Medium,1
277,2.63,547,0,0.0,165.78,1.02,108,62.73841961852862,Medium,1
278,8.138,547,0,0.0,243.84,0.72,32,62.73841961852862,Medium,1
279,15.322,365,0,0.0,641.34,1.68,42,75.13623978201633,High,1
280,4.04,547,0,0.0,221.04,1.05,72,62.73841961852862,Medium,1
281,21.84,365,1,2.0,641.34,1.68,42,75.13080594598294,High,1
282,4.73,547,0,0.0,221.04,1.05,72,62.73841961852862,Medium,1
283,16.46,365,0,0.0,641.34,1.68,42,75.13623978201633,High,1
284,5.568,547,0,0.0,0.0,0.0,0,62.73841961852862,Medium,2
285,1.08,547,2,2.0,207.68,1.0,384,62.72982372715924,Medium,1
286,2.6,547,1,1.0,165.78,1.02,108,62.734121672843926,Medium,1
287,4.74,547,0,0.0,221.04,1.05,72,62.73841961852862,Medium,1
288,1.13,547,0,0.0,207.68,1.0,384,62.73841961852862,Medium,1
289,2.41,547,0,0.0,165.78,1.02,108,62.73841961852862,Medium,1
290,4.24,547,0,0.0,221.04,1.05,72,62.73841961852862,Medium,1
291,1.512,547,0,0.0,207.68,1.0,384,62.73841961852862,Medium,1
292,3.228,547,0,0.0,165.78,1.02,108,62.73841961852862,Medium,1
293,6.1318,547,0,0.0,221.04,1.05,72,62.73841961852862,Medium,1
294,2.42,730,1,1.0,489.6,1.62,288,50.26818161834801,Medium,1
295,2.343,730,0,0.0,489.6,1.62,288,50.27247956403269,Medium,1
296,3.456,730,0,0.0,489.6,1.62,288,50.27247956403269,Medium,1
297,0.0,547,0,0.0,0.0,0.0,0,62.73841961852862,Medium,2
298,0.15,547,0,0.0,105.6,1.56,1920,62.73841961852862,Medium,1
299,15.355,365,0,0.0,641.34,1.68,42,75.13623978201633,High,1
300,21.768,365,0,0.0,657.72,1.44,36,75.13623978201633,High,1
301,5.08,547,0,0.0,0.0,0.0,0,62.73841961852862,Medium,2
302,1.932,547,4,10.0,198.0,1.02,180,62.71441249369756,Medium,1
303,19.72,365,2,2.0,641.34,1.68,42,75.12764389064698,High,1
304,5.447,547,0,0.0,293.76,1.05,72,62.73841961852862,Medium,1
305,17.039,365,9,16.0,641.34,1.68,42,75.08960703841313,High,1
306,20.58,365,0,0.0,0.0,1.2,36,75.13623978201633,High,1
307,5.425,547,2,2.0,293.76,1.05,72,62.72982372715924,Medium,1
308,0.0,365,0,0.0,0.0,0.0,0,75.13623978201633,High,2
309,0.0,547,0,0.0,0.0,0.0,0,62.73841961852862,Medium,2
310,14.692,365,1,1.0,441.72,1.44,36,75.13194183633166,High,1
311,5.8375,547,0,0.0,0.0,0.0,0,62.73841961852862,Medium,2
312,14.658,365,1,1.0,641.34,1.68,42,75.13194183633166,High,1
313,0.0,547,0,0.0,0.0,0.0,0,62.73841961852862,Medium,2
314,0.0,365,0,0.0,0.0,0.0,0,75.13623978201633,High,2
315,5.525,547,0,0.0,0.0,0.0,0,62.73841961852862,Medium,2
316,20.01,365,2,3.0,641.34,1.68,42,75.12650800029826,High,1
317,5.484,547,0,0.0,221.04,1.05,72,62.73841961852862,Medium,1
318,19.483,365,5,5.0,320.67,0.84,21,75.1147500535929,High,1
319,21.27,547,0,0.0,0.0,0.0,0,62.73841961852862,Medium,2
320,1.698,547,4,10.0,198.0,1.02,180,62.71441249369756,Medium,1
321,20.251,365,8,10.0,641.34,1.68,42,75.09958443584142,High,1
322,26.21,365,0,0.0,0.0,1.2,36,75.13623978201633,High,1
323,6.138,547,5,6.0,293.76,1.05,72,62.715793999756464,Medium,1
324,0.0,365,0,0.0,0.0,0.0,8,75.13623978201633,High,2
325,16.238,365,4,4.0,641.34,1.68,42,75.11904799927758,High,1
326,5.204,547,0,0.0,641.34,1.68,42,62.73841961852862,Medium,1
327,16.57,365,0,0.0,0.0,1.2,36,75.13623978201633,High,1
328,16.75,365,1,1.0,641.34,1.68,42,75.13194183633166,High,1
329,24.725,365,0,0.0,0.0,0.0,30,75.13623978201633,High,2
330,5.31,547,0,0.0,293.76,1.05,72,62.73841961852862,Medium,1
331,0.0,365,0,0.0,0.0,0.0,0,75.13623978201633,High,2
332,0.0,547,0,0.0,0.0,0.0,0,62.73841961852862,Medium,2
333,12.689,547,0,0.0,325.12,0.8,32,62.73841961852862,Medium,1
334,4.635,547,1,1.0,221.04,1.05,72,62.734121672843926,Medium,1
335,5.623,547,1,2.0,293.76,1.05,72,62.73298578249521,Medium,1
336,0.204,547,3,559.0,105.6,1.56,1920,62.09397074758716,Medium,0
337,1.578,547,2,4.0,198.0,1.02,180,62.7275519464618,Medium,1
338,0.0,547,0,0.0,0.0,0.0,0,62.73841961852862,Medium,2
339,16.215,365,1,1.0,641.34,1.68,42,75.13194183633166,High,1
340,5.058,547,3,5.0,293.76,1.05,72,62.72325400077712,Medium,1
341,0.0,365,0,0.0,0.0,0.0,72,75.13623978201633,High,2
342,1.59,547,0,0.0,198.0,1.02,180,62.73841961852862,Medium,1
343,9.38,547,0,0.0,325.12,0.8,32,62.73841961852862,Medium,1
344,0.0,365,0,0.0,0.0,0.0,0,75.13623978201633,High,2
345,14.082,365,7,7.0,641.34,1.68,42,75.10615416222355,High,1
346,0.0,365,0,0.0,0.0,1.2,36,75.13623978201633,High,2
347,4.564,547,7,7.0,293.76,1.05,72,62.70833399873581,Medium,1
348,0.0,547,0,0.0,0.0,0.0,0,62.73841961852862,Medium,2
349,19.267,365,0,0.0,641.34,1.68,42,75.13623978201633,High,1
350,5.238,547,0,0.0,293.76,1.05,72,62.73841961852862,Medium,1
351,0.0,365,0,0.0,0.0,0.0,0,75.13623978201633,High,2
352,5.1,547,0,0.0,293.76,1.05,72,62.73841961852862,Medium,1
353,5.35,547,0,0.0,257.04,0.0,72,62.73841961852862,Medium,1
354,1.61,547,3,7.0,147.6,1.17,180,62.72098222007968,Medium,1
355,1.79,365,0,0.0,148.0,1.17,180,75.13623978201633,High,1
356,3.181,547,2,4.0,226.8,1.02,108,62.7275519464618,Medium,1
357,0.0,547,0,0.0,0.0,0.0,0,62.73841961852862,Medium,2
358,1.65,547,0,0.0,147.6,1.17,180,62.73841961852862,Medium,1
359,2.355,547,3,4.0,165.78,1.02,108,62.72438989112583,Medium,1
360,0.0,547,1,1.0,0.0,0.0,0,62.734121672843926,Medium,2
361,0.0,547,0,0.0,0.0,0.0,0,62.73841961852862,Medium,2
362,0.0,547,0,0.0,0.0,0.0,0,62.73841961852862,Medium,2
363,0.0,547,0,0.0,0.0,0.0,0,62.73841961852862,Medium,2
364,0.016,547,1,720.0,105.6,1.56,1920,61.917416512115445,Medium,0
365,1.58,547,1,1.0,147.6,1.17,180,62.734121672843926,Medium,1
366,12.585,547,2,2.0,325.12,0.8,32,62.72982372715924,Medium,1
367,2.95,547,1,1.0,226.8,1.02,108,62.734121672843926,Medium,1
368,1.8381,547,0,0.0,0.0,0.0,0,62.73841961852862,Medium,2
369,0.0,547,0,0.0,0.0,0.0,0,62.73841961852862,Medium,2
370,3.01,547,0,0.0,0.0,0.0,0,62.73841961852862,Medium,2
371,1.682,547,3,6.0,198.0,1.02,180,62.722118110428404,Medium,1
372,4.87,547,2,2.0,221.04,1.05,72,62.72982372715924,Medium,1
373,10.824,547,0,0.0,277.12,0.72,32,62.73841961852862,Medium,1
374,1.53,547,7,17.0,147.6,1.17,180,62.69697509524862,Medium,1
375,1.58,365,3,500.0,0.0,1.1,180,74.55880844164928,High,3
376,2.955,547,4,5.0,226.8,1.02,108,62.72009194544115,Medium,1
377,9.717,547,0,0.0,261.12,0.72,32,62.73841961852862,Medium,1
378,0.135,547,0,0.0,0.0,0.0,0,62.73841961852862,Medium,2
379,1.36,547,7,13.0,147.6,1.17,180,62.70151865664349,Medium,1
380,1.584,365,1,5.0,147.6,1.17,180,75.12739827493678,High,1
381,2.596,547,13,23.0,226.8,1.02,108,62.67118742114051,Medium,1
382,4.38,547,0,0.0,293.76,1.05,72,62.73841961852862,Medium,1
383,8.823,547,4,4.0,261.12,0.72,32,62.72122783578986,Medium,1
384,0.0,365,0,0.0,0.0,0.0,0,75.13623978201633,High,2
385,1.63,547,3,4.0,147.6,1.17,180,62.72438989112583,Medium,1
386,2.54,547,1,1.0,226.8,1.02,108,62.734121672843926,Medium,1
387,9.597,547,3,3.0,261.12,0.72,32,62.72552578147456,Medium,1
388,0.015,547,8,960.0,105.6,1.56,1920,61.62266844107126,Medium,0
389,1.35,547,1,2.0,147.6,1.17,180,62.73298578249521,Medium,1
390,2.71,547,2,2.0,226.8,1.02,108,62.72982372715924,Medium,1
391,0.0,365,0,0.0,0.0,0.0,0,75.13623978201633,High,2
392,16.66,365,0,0.0,507.6,1.44,36,75.13623978201633,High,1
393,13.194,365,0,0.0,404.64,1.2,36,75.13623978201633,High,1
394,0.0,365,0,0.0,0.0,0.0,0,75.13623978201633,High,2
395,21.478,365,1,1.0,730.8,1.8,36,75.13194183633166,High,1
396,18.795,365,0,0.0,621.72,1.8,36,75.13623978201633,High,1
397,26.54,365,0,0.0,730.8,1.8,36,75.13623978201633,High,1
398,14.941,365,0,0.0,641.34,1.68,42,75.13623978201633,High,1
399,18.804,365,7,9.0,730.8,1.8,36,75.1038823815261,High,1
400,21.845,365,0,0.0,730.8,1.8,36,75.13623978201633,High,1
401,27.32,365,0,0.0,0.0,0.0,0,75.13623978201633,High,2
402,0.0,365,0,0.0,0.0,0.0,0,75.13623978201633,High,2
403,20.525,365,1,1.0,621.72,1.8,36,75.13194183633166,High,1
404,20.45,365,0,0.0,549.72,1.44,36,75.13623978201633,High,1
405,20.738,365,1,1.0,621.72,1.8,36,75.13194183633166,High,1
406,18.282,365,0,0.0,341.67,0.98,21,75.13623978201633,High,1
407,27.475,365,0,0.0,0.0,0.0,0,75.13623978201633,High,2
408,17.568,365,0,0.0,320.67,0.84,21,75.13623978201633,High,1
409,24.502,365,3,3.0,730.8,1.8,36,75.1233459449623,High,1
410,22.236,365,0,0.0,548.1,1.2,30,75.13623978201633,High,1
411,23.691,365,0,0.0,730.8,1.8,36,75.13623978201633,High,1
412,21.824,365,0,0.0,548.1,1.2,30,75.13623978201633,High,1
413,20.015,365,7,10.0,730.8,1.8,36,75.10274649117738,High,1
414,20.296,365,2,2.0,730.8,1.8,36,75.12764389064698,High,1
415,21.115,365,2,4.0,621.72,1.8,36,75.12537210994952,High,1
416,19.315,365,1,1.0,621.72,1.8,36,75.13194183633166,High,1
417,17.03,365,4,7.0,274.86,0.72,18,75.11564032823145,High,1
418,21.37,365,0,0.0,730.8,1.8,36,75.13623978201633,High,1
419,19.42,365,0,0.0,0.0,0.0,0,75.13623978201633,High,2
420,25.95,365,0,0.0,0.0,0.0,0,75.13623978201633,High,2
421,21.276,365,0,0.0,310.86,0.9,18,75.13623978201633,High,1
422,0.98,547,0,0.0,207.68,1.0,384,62.73841961852862,Medium,1
423,2.39,547,2,3.0,165.78,1.02,108,62.72868783681053,Medium,1
424,4.54,547,0,0.0,0.0,0.0,0,62.73841961852862,Medium,2
425,0.965,547,4,9.0,207.68,1.0,384,62.71554838404627,Medium,1
426,2.362,547,1,1.0,165.78,1.02,108,62.734121672843926,Medium,1
427,4.16,547,0,0.0,221.04,1.05,72,62.73841961852862,Medium,1
428,0.0,547,0,0.0,0.0,0.0,0,62.73841961852862,Medium,2
429,1.13,547,1,2.0,207.68,1.0,384,62.73298578249521,Medium,1
430,2.59,547,1,1.0,165.78,1.02,108,62.734121672843926,Medium,1
431,0.0,547,0,0.0,0.0,0.0,0,62.73841961852862,Medium,2
432,2.7,547,1,66.0,165.78,1.02,108,62.660288800177234,Medium,1
433,7.2,547,0,0.0,293.76,1.05,72,62.73841961852862,Medium,1
434,1.331,547,0,0.0,147.6,1.17,180,62.73841961852862,Medium,1
435,2.93,547,0,0.0,226.8,1.02,108,62.73841961852862,Medium,1
436,2.774,547,1,6.0,226.8,1.02,108,62.72844222110033,Medium,1
437,4.89,547,1,2.0,293.76,1.05,72,62.73298578249521,Medium,1
438,5.0,547,0,0.0,0.0,0.0,0,62.73841961852862,Medium,2
439,5.216,547,1,1.0,293.76,1.05,72,62.734121672843926,Medium,1
440,10.063,547,0,0.0,325.12,0.8,32,62.73841961852862,Medium,1
441,5.563,547,0,0.0,293.76,1.05,72,62.73841961852862,Medium,1
442,14.402,547,0,0.0,325.12,0.8,32,62.73841961852862,Medium,1
443,15.736,365,1,2.0,296.1,0.84,21,75.13080594598294,High,1
444,5.38,547,0,0.0,293.76,1.05,72,62.73841961852862,Medium,1
445,16.659,365,2,3.0,296.1,0.84,21,75.12650800029826,High,1
446,6.06,547,0,0.0,293.76,1.05,72,62.73841961852862,Medium,1
447,18.054,365,0,0.0,296.1,0.84,21,75.13623978201633,High,1
448,0.0,365,0,0.0,0.0,0.0,0,75.13623978201633,High,2
449,0.0,365,0,0.0,0.0,0.0,0,75.13623978201633,High,2
450,2.23,547,0,0.0,165.78,1.02,108,62.73841961852862,Medium,1
451,10.947,547,0,0.0,0.0,0.0,0,62.73841961852862,Medium,2
452,0.0,547,0,0.0,0.0,0.0,0,62.73841961852862,Medium,2
453,0.0,365,0,0.0,0.0,0.0,0,75.13623978201633,High,2
454,0.0,547,0,0.0,0.0,0.0,0,62.73841961852862,Medium,2
455,0.0,365,0,0.0,0.0,0.0,0,75.13623978201633,High,2
456,2.591,547,4,5.0,165.78,1.02,108,62.72009194544115,Medium,1
457,0.0,547,0,0.0,0.0,0.0,0,62.73841961852862,Medium,2
458,0.0,365,0,0.0,0.0,0.0,0,75.13623978201633,High,2
459,0.35,730,1,12.0,529.2,0.9,2160,50.25568682451211,Medium,1
460,0.81,547,0,0.0,167.68,1.0,384,62.73841961852862,Medium,1
461,2.956,547,2,2.0,226.8,1.02,108,62.72982372715924,Medium,1
462,0.894,547,3,3.0,167.68,1.0,384,62.72552578147456,Medium,1
463,3.129,547,1,1.0,226.8,1.02,108,62.734121672843926,Medium,1
464,0.92,547,1,6.0,167.68,1.0,384,62.72844222110033,Medium,1
465,3.237,547,7,19.0,165.78,1.02,108,62.69470331455119,Medium,1
466,4.718,547,2,7.0,261.54,1.05,72,62.72414427541565,Medium,1
467,0.9,547,3,5.0,167.68,1.0,384,62.72325400077712,Medium,1
468,2.294,547,9,20.0,165.78,1.02,108,62.68724331353053,Medium,1
469,4.625,547,5,7.0,261.54,1.05,72,62.714658109407736,Medium,1
470,0.82,547,2,5.0,167.68,1.0,384,62.72641605611309,Medium,1
471,2.38,547,3,3.0,165.78,1.02,108,62.72552578147456,Medium,1
472,4.837,547,5,5.0,261.54,1.05,72,62.71692989010518,Medium,1
473,1.069,547,2,5.0,167.68,1.0,384,62.72641605611309,Medium,1
474,2.595,547,2,4.0,165.78,1.02,108,62.7275519464618,Medium,1
475,5.138,547,1,2.0,261.54,1.05,72,62.73298578249521,Medium,1
476,3.115,547,0,0.0,226.8,1.02,108,62.73841961852862,Medium,1
477,0.0,547,0,0.0,0.0,0.0,0,62.73841961852862,Medium,2
478,2.24,547,0,0.0,165.78,1.02,108,62.73841961852862,Medium,1
479,0.0,547,0,0.0,0.0,0.0,0,62.73841961852862,Medium,2
480,0.81,547,2,9.0,167.68,1.0,384,62.72187249471821,Medium,1
481,2.616,547,4,7.0,165.78,1.02,108,62.717820164743706,Medium,1
482,0.0,547,0,0.0,0.0,0.0,0,62.73841961852862,Medium,2
483,0.91,547,2,7.0,167.68,1.0,384,62.72414427541565,Medium,1
484,12.301,547,0,0.0,0.0,0.0,0,62.73841961852862,Medium,2
485,2.438,547,6,11.0,165.78,1.02,108,62.706952492676905,Medium,1
486,4.818,547,0,0.0,261.54,1.05,72,62.73841961852862,Medium,1
487,1.04,547,1,5.0,167.68,1.0,384,62.72957811144906,Medium,1
488,2.282,547,1,3.0,165.78,1.02,108,62.7318498921465,Medium,1
489,0.981,547,6,7.0,167.68,1.0,384,62.71149605407178,Medium,1
490,2.701,547,11,19.0,165.78,1.02,108,62.68205509320731,Medium,1
491,5.344,547,2,3.0,261.54,1.05,72,62.72868783681053,Medium,1
492,8.535,547,0,0.0,0.0,0.0,0,62.73841961852862,Medium,2
493,1.05,547,64,123.0,167.68,1.0,384,62.39633356413429,Medium,0
494,3.206,547,1,3.0,165.78,1.02,108,62.7318498921465,Medium,1
495,0.0,547,0,0.0,0.0,0.0,0,62.73841961852862,Medium,2
496,0.64,730,2,16.0,187.392,1.0,384,50.247981207781265,Medium,1
497,0.54,730,0,0.0,187.392,1.0,384,50.27247956403269,Medium,1
498,0.56,730,2,13.0,187.392,1.0,384,50.25138887882743,Medium,1
499,0.0,730,0,0.0,0.0,0.0,0,50.27247956403269,Medium,2
500,0.52,730,0,0.0,187.392,1.0,384,50.27247956403269,Medium,1
501,0.56,730,2,12.0,180.48,1.0,384,50.25252476917614,Medium,1
502,0.57,730,0,0.0,0.0,0.0,0,50.27247956403269,Medium,2
503,0.51,730,3,12.0,187.392,1.0,384,50.24936271384017,Medium,1
504,0.581,730,6,44.0,167.68,1.0,384,50.20352805667328,Medium,1
505,0.598,730,6,33.0,529.2,0.9,2160,50.21602285050918,Medium,1
506,0.66,730,2,12.0,167.68,1.0,384,50.25252476917614,Medium,1
507,0.38,730,0,0.0,529.2,0.9,2160,50.27247956403269,Medium,1
508,24.88,365,1,1.0,296.1,0.84,21,75.13194183633166,High,1
509,4.37,547,3,8.0,226.8,1.02,108,62.719846329730956,Medium,1
510,13.266,547,0,0.0,227.2,0.72,32,62.73841961852862,Medium,1
511,15.807,365,3,4.0,296.1,0.84,21,75.12221005461356,High,1
512,2.99,547,4,6.0,226.8,1.02,108,62.718956055092434,Medium,1
513,10.33,547,0,0.0,0.0,0.0,0,62.73841961852862,Medium,2
514,15.131,365,1,1.0,296.1,0.84,21,75.13194183633166,High,1
515,2.25,547,1,4.0,165.78,1.02,108,62.73071400179777,Medium,1
516,7.28,547,0,0.0,0.0,0.0,0,62.73841961852862,Medium,2
517,14.698,365,0,0.0,296.1,0.84,21,75.13623978201633,High,1
518,2.833,547,1,1.0,226.8,1.02,108,62.734121672843926,Medium,1
519,17.634,365,1,1.0,296.1,0.84,21,75.13194183633166,High,1
520,3.129,547,0,0.0,226.8,1.02,108,62.73841961852862,Medium,1
521,0.0,547,0,0.0,0.0,0.0,0,62.73841961852862,Medium,2
522,0.0,365,0,0.0,0.0,0.0,0,75.13623978201633,High,2
523,25.69,365,0,0.0,296.1,0.84,21,75.13623978201633,High,1
524,3.323,547,0,0.0,165.78,1.02,108,62.73841961852862,Medium,1
525,16.369,365,0,0.0,257.67,0.84,21,75.13623978201633,High,1
526,2.587,547,1,5.0,165.78,1.02,108,62.72957811144906,Medium,1
527,8.92,547,1,1.0,195.84,0.72,32,62.734121672843926,Medium,1
528,17.649,365,2,5.0,296.1,0.84,21,75.12423621960082,High,1
529,3.18,547,1,1.0,226.8,1.02,108,62.734121672843926,Medium,1
530,12.179,365,21,30.0,257.67,0.84,21,75.03575990949946,High,1
531,2.0,547,2,4.0,165.78,1.02,108,62.7275519464618,Medium,1
532,2.95,547,0,0.0,0.0,0.0,0,62.73841961852862,Medium,2
533,23.61,365,0,0.0,0.0,0.0,0,75.13623978201633,High,2
534,0.0,547,0,0.0,0.0,0.0,0,62.73841961852862,Medium,2
535,3.115,547,0,0.0,226.8,1.02,108,62.73841961852862,Medium,1
536,0.0,365,0,0.0,0.0,0.0,0,75.13623978201633,High,2
537,3.11,547,0,0.0,226.8,1.02,108,62.73841961852862,Medium,1
538,16.192,365,0,0.0,257.67,0.84,21,75.13623978201633,High,1
539,2.571,547,1,1.0,165.78,1.02,108,62.734121672843926,Medium,1
540,8.72,547,51,86.0,195.84,0.72,32,62.47946822640444,Medium,0
541,3.898,547,0,0.0,0.0,0.0,0,62.73841961852862,Medium,2
542,8.808,547,0,0.0,293.76,1.05,72,62.73841961852862,Medium,1
543,0.0,547,0,0.0,0.0,0.0,0,62.73841961852862,Medium,2
544,3.865,547,1,1.0,277.56,1.02,108,62.734121672843926,Medium,1
545,0.0,365,0,0.0,0.0,0.0,0,75.13623978201633,High,2
546,2.88,547,5,12.0,226.8,1.02,108,62.70897865766415,Medium,1
547,0.0,547,0,0.0,0.0,0.0,0,62.73841961852862,Medium,2
548,18.8375,365,0,0.0,0.0,0.0,0,75.13623978201633,High,2
549,2.808,547,0,0.0,226.8,1.02,108,62.73841961852862,Medium,1
550,9.014,547,0,0.0,243.84,0.72,32,62.73841961852862,Medium,1
551,0.0,365,0,0.0,0.0,0.0,0,75.13623978201633,High,2
552,3.277,547,0,0.0,165.78,1.02,108,62.73841961852862,Medium,1
553,0.19,547,11,11.0,168.48,0.45,144,62.691142215997054,Medium,1
554,0.0,547,0,0.0,0.0,0.0,0,62.73841961852862,Medium,2
555,3.37,547,1,1.0,226.8,1.02,108,62.734121672843926,Medium,1
556,0.0,547,0,0.0,0.0,0.0,0,62.73841961852862,Medium,2
557,0.59,547,4,5.0,0.0,0.0,18,62.72009194544115,Medium,2
558,16.066,365,0,0.0,257.67,0.84,21,75.13623978201633,High,1
559,3.34,547,0,0.0,226.8,1.02,108,62.73841961852862,Medium,1
560,8.82,547,0,0.0,221.04,1.05,72,62.73841961852862,Medium,1
561,21.84,547,0,0.0,261.12,0.72,32,62.73841961852862,Medium,1
562,14.683,365,8,8.0,257.67,0.84,21,75.10185621653885,High,1
563,2.53,547,2,2.0,165.78,1.02,108,62.72982372715924,Medium,1
564,3.03,547,0,0.0,0.0,0.0,0,62.73841961852862,Medium,2
565,13.824,547,0,0.0,325.12,0.8,32,62.73841961852862,Medium,1
566,3.7875,547,0,0.0,226.8,1.02,108,62.73841961852862,Medium,1
567,2.724,547,2,5.0,165.78,1.02,108,62.72641605611309,Medium,1
568,5.82,547,0,0.0,261.54,1.05,72,62.73841961852862,Medium,1
569,2.508,730,0,0.0,408.0,1.2,240,50.27247956403269,Medium,1
570,1.06,547,2,4.0,207.68,1.0,384,62.7275519464618,Medium,1
571,3.26,547,1,2.0,226.8,1.02,108,62.73298578249521,Medium,1
572,0.936,547,3,7.0,167.68,1.0,384,62.72098222007968,Medium,1
573,2.448,547,3,12.0,165.78,1.02,108,62.71530276833609,Medium,1
574,4.923,547,10,15.0,261.54,1.05,72,62.68976070993815,Medium,1
575,9.504,547,0,0.0,195.84,0.72,32,62.73841961852862,Medium,1
576,1.367,547,0,0.0,207.68,1.0,384,62.73841961852862,Medium,1
577,5.423,547,4,5.0,277.56,1.02,108,62.72009194544115,Medium,1
578,0.0,547,0,0.0,0.0,0.0,0,62.73841961852862,Medium,2
579,0.727,547,2,2.0,167.68,1.0,384,62.72982372715924,Medium,1
580,2.19,547,1,1.0,165.78,1.02,108,62.734121672843926,Medium,1
581,4.69,547,2,3.0,261.54,1.05,72,62.72868783681053,Medium,1
582,7.544,547,1,1.0,195.84,0.72,32,62.734121672843926,Medium,1
583,0.916,547,8,19.0,167.68,1.0,384,62.69154125921522,Medium,1
584,3.095,547,4,5.0,226.8,1.02,108,62.72009194544115,Medium,1
585,1.08,547,2,4.0,167.68,1.0,384,62.7275519464618,Medium,1
586,2.786,547,2,6.0,165.78,1.02,108,62.725280165764374,Medium,1
587,6.471,547,1,1.0,261.54,1.05,72,62.734121672843926,Medium,1
588,0.936,547,3,5.0,167.68,1.0,384,62.72325400077712,Medium,1
589,2.653,547,1,1.0,165.78,1.02,108,62.734121672843926,Medium,1
590,2.45,547,2,2.0,165.78,1.02,108,62.72982372715924,Medium,1
591,0.928,547,1,5.0,167.68,1.0,384,62.72957811144906,Medium,1
592,2.39,547,5,10.0,165.78,1.02,108,62.71125043836159,Medium,1
593,4.948,547,1,2.0,261.54,1.05,72,62.73298578249521,Medium,1
594,9.98,547,0,0.0,195.84,0.72,32,62.73841961852862,Medium,1
595,2.35,547,7,8.0,165.78,1.02,108,62.70719810838708,Medium,1
596,5.09,547,0,0.0,261.54,1.05,72,62.73841961852862,Medium,1
597,1.089,547,0,0.0,167.68,1.0,384,62.73841961852862,Medium,1
598,3.09,547,2,2.0,165.78,1.02,108,62.72982372715924,Medium,1
599,0.0,547,0,0.0,0.0,0.0,0,62.73841961852862,Medium,2
600,1.129,547,4,15.0,207.68,1.0,384,62.70873304195397,Medium,1
601,3.305,547,0,0.0,226.8,0.0,108,62.73841961852862,Medium,1
602,0.99,547,3,7.0,207.68,1.0,384,62.72098222007968,Medium,1
603,3.061,547,1,1.0,226.8,1.02,108,62.734121672843926,Medium,1
604,0.942,547,1,3.0,167.68,1.0,384,62.7318498921465,Medium,1
605,2.33,547,6,14.0,165.78,1.02,108,62.70354482163074,Medium,1
606,4.943,547,7,8.0,261.54,1.05,72,62.70719810838708,Medium,1
607,8.25,547,0,0.0,195.84,0.72,32,62.73841961852862,Medium,1
608,3.718,547,4,8.0,226.8,1.02,108,62.716684274394986,Medium,1
609,7.208,547,0,0.0,293.76,1.05,72,62.73841961852862,Medium,1
610,0.98,547,5,17.0,167.68,1.0,384,62.70329920592056,Medium,1
611,3.503,547,11,23.0,226.8,1.02,108,62.677511531812435,Medium,1
612,6.546,547,1,3.0,293.76,1.05,72,62.7318498921465,Medium,1
613,1.034,547,4,7.0,167.68,1.0,384,62.717820164743706,Medium,1
614,3.107,547,1,2.0,226.8,1.02,108,62.73298578249521,Medium,1
615,3.21,547,0,0.0,226.8,1.02,108,62.73841961852862,Medium,1
616,1.25,547,0,0.0,207.68,1.0,384,62.73841961852862,Medium,1
617,3.41,547,0,0.0,226.8,1.02,108,62.73841961852862,Medium,1
618,1.77,730,1,1.0,348.48,0.9,288,50.26818161834801,Medium,1
619,1.76,730,3,4.0,336.96,0.9,288,50.258449836629914,Medium,1
620,0.0,730,0,0.0,0.0,0.0,0,50.27247956403269,Medium,2
621,1.74,730,4,7.0,336.96,0.9,288,50.2518801102478,Medium,1
622,0.0,730,0,0.0,0.0,0.0,0,50.27247956403269,Medium,2
623,1.89,730,6,20.0,348.48,0.9,288,50.23078942504252,Medium,1
624,1.95,730,0,0.0,348.48,0.9,288,50.27247956403269,Medium,1
625,1.977,730,3,5.0,348.48,0.9,288,50.2573139462812,Medium,1
626,1.84,730,1,1.0,348.48,0.9,288,50.26818161834801,Medium,1
627,2.21,730,0,0.0,348.48,0.9,288,50.27247956403269,Medium,1
628,1.778,730,11,24.0,348.48,0.9,288,50.210435586967805,Medium,1
629,1.96,730,5,9.0,336.96,0.9,288,50.246446274214385,Medium,1
630,0.0,730,0,0.0,0.0,0.0,0,50.27247956403269,Medium,2
631,1.927,730,0,0.0,348.48,0.9,288,50.27247956403269,Medium,1
632,0.0,730,0,0.0,0.0,0.0,0,50.27247956403269,Medium,2
633,1.91,730,0,0.0,348.48,0.9,288,50.27247956403269,Medium,1
634,1.93,730,4,8.0,348.48,0.9,288,50.250744219899076,Medium,1
635,1.78,730,2,4.0,348.48,0.9,288,50.261611891965885,Medium,1
636,1.81,730,1,1.0,348.48,0.9,288,50.26818161834801,Medium,1
637,0.0,730,0,0.0,0.0,0.0,0,50.27247956403269,Medium,2
638,0.41,730,0,0.0,529.2,0.9,2160,50.27247956403269,Medium,1
639,0.37,730,0,0.0,529.2,0.9,2160,50.27247956403269,Medium,1
640,1.847,730,8,12.0,348.48,0.9,288,50.233552437160334,Medium,1
641,1.788,0,2,12.0,198.0,1.02,180,99.98004520514344,High,3
642,3.93,0,0,0.0,266.4,1.02,108,100.0,High,3
643,1.9,730,0,0.0,348.48,0.9,288,50.27247956403269,Medium,1
644,0.0,0,0,0.0,0.0,1.13,180,100.0,High,3
645,1.104,0,2,46.0,198.0,1.02,240,99.94142493328702,High,3
646,1.02,0,6,63.0,138.0,0.4,600,99.90946657601494,High,3
647,0.0,0,0,0.0,0.0,0.5,200,100.0,High,3
648,2.07,730,0,0.0,348.48,0.9,288,50.27247956403269,Medium,1
649,0.0,0,0,0.0,0.0,0.25,100,100.0,High,3
650,0.0,0,0,0.0,0.0,0.35,30,100.0,High,2
651,7.368,547,0,0.0,293.76,1.05,72,62.73841961852862,Medium,1
652,4.0375,0,0,0.0,0.0,0.9,45,100.0,High,3
653,4.0625,0,0,0.0,0.0,0.9,50,100.0,High,3
654,3.4625,0,0,0.0,0.0,0.6,30,100.0,High,2
655,3.4,0,0,0.0,0.0,0.35,24,100.0,High,2
656,11.3125,0,0,0.0,0.0,0.8,21,100.0,High,2
657,6.3125,0,0,0.0,0.0,0.35,24,100.0,High,2
658,2.1875,0,0,0.0,0.0,0.0,0,100.0,High,2
659,5.775,0,0,0.0,0.0,0.6,24,100.0,High,2
660,0.0,0,0,0.0,0.0,0.6,24,100.0,High,2
661,0.0,0,0,0.0,0.0,0.0,0,100.0,High,2
662,6.75,0,0,0.0,0.0,0.7,72,100.0,High,3
663,0.0,0,0,0.0,0.0,0.0,0,100.0,High,2
664,3.35,0,0,0.0,0.0,0.6,30,100.0,High,2
665,0.0,0,0,0.0,0.0,0.0,0,100.0,High,2
666,3.9,0,0,0.0,0.0,0.6,8,100.0,High,2
667,0.0,0,0,0.0,0.0,0.6,30,100.0,High,2
668,6.3125,0,0,0.0,0.0,0.6,24,100.0,High,2
669,0.0,0,0,0.0,0.0,0.0,0,100.0,High,2
670,0.0137,0,92,1835.0,800.0,0.0,200000,97.62473211919276,High,3
671,0.63,0,9,197.0,54.0,0.63,12000,99.74777110327877,High,3
672,0.0,0,1,5.0,21.6,0.6,18000,99.99115849292045,High,3
673,0.0,0,0,0.0,36.0,0.66,1500,100.0,High,3
674,0.0033,0,187,2777.0,276.0,1.0,4800,96.25432815378309,High,3
675,0.356,0,15,1444.0,113.4,0.75,1800,98.3123435064112,High,3
676,1.62,0,6,71.0,48.0,0.4,4800,99.90037945322518,High,3
677,0.2,0,4,225.0,102.5,0.4,5000,99.7317764501945,High,3
678,0.0,0,0,0.0,0.0,0.3,2300,100.0,High,3
679,0.0,0,9,135.0,60.0,0.54,600,99.8181963048993,High,3
680,0.0,0,0,0.0,0.0,1.0,2100,100.0,High,3
681,0.76,0,0,0.0,111.6,0.6,1200,100.0,High,3
682,0.0,0,0,0.0,84.0,0.7,40000,100.0,High,3
683,0.0,0,0,0.0,0.0,0.5,1480,100.0,High,3
684,0.0,0,59,1012.0,130.56,1.2,384,98.66391770227492,High,3
685,0.0,0,1,5.0,80.0,0.4,8000,99.99115849292045,High,3
686,0.0,0,3,330.0,54.0,0.75,1800,99.61567001891504,High,3
687,0.0,0,99,2122.0,60.0,0.54,600,97.27659720175882,High,3
688,0.6,0,4,130.0,102.5,0.0,5000,99.83968603332274,High,3
689,0.0,0,0,0.0,0.0,0.4,1200,100.0,High,3
690,0.0,0,1,55.0,0.0,1.0,800,99.93436397548453,High,3
691,0.0,0,10,294.0,52.8,0.6,4800,99.63442768411713,High,3
692,0.76,0,27,382.0,73.6,0.6,800,99.48071439271845,High,3
693,0.0,0,0,0.0,0.0,0.3,1000,100.0,High,3
694,1.0,0,1,74.0,84.0,0.6,8000,99.91278205885888,High,3
695,0.0,0,5,42.0,102.5,0.4,5000,99.93648232867397,High,3
696,0.0,0,0,0.0,50.4,1.0,800,100.0,High,3
697,0.2,0,0,0.0,97.6,0.6,4800,100.0,High,3
698,0.0,0,0,0.0,246.0,1.0,600,100.0,High,3
699,0.0,0,0,0.0,0.0,0.4,500,100.0,High,3
700,2.43,0,32,395.0,123.24,1.2,156,99.45013754150527,High,3
701,0.0,0,17,153.0,600.0,1.8,500,99.77245383593463,High,3
702,0.17,0,58,864.0,131.4,0.75,1800,98.8351915292212,High,3
703,0.0,0,0,0.0,0.0,0.6,500,100.0,High,3
704,0.0,0,0,0.0,0.0,1.6,400,100.0,High,3
705,0.0,0,19,1057.0,38.4,0.6,1200,98.73928485002132,High,3
706,0.0,0,15,261.0,112.0,1.7,350,99.65610178894498,High,3
707,12.0,0,7,313.0,189.0,0.6,4500,99.62233193349938,High,3
708,5.0,0,4,157.0,146.4,0.6,4800,99.80901699390735,High,3
709,0.0,0,0,0.0,0.0,0.25,300,100.0,High,3
710,0.0,0,0,0.0,0.0,1.5,300,100.0,High,3
711,1.205,0,9,212.0,111.6,0.75,900,99.730732748048,High,3
712,0.0,0,0,0.0,0.0,0.6,150,100.0,High,3
713,1.47,0,3,4.0,360.0,2.1,300,99.98597027259723,High,3
714,0.0,0,5,141.0,84.0,0.73,960,99.82402918415086,High,3
715,1.47,0,19,194.0,20.16,0.0,144,99.71955822096525,High,3
716,0.0,0,0,0.0,210.24,1.2,144,100.0,High,3
717,0.0,0,0,0.0,0.0,0.35,200,100.0,High,3
718,0.0,0,0,0.0,0.0,0.3,300,100.0,High,3
719,6.8,0,11,107.0,136.0,0.48,160,99.8436771239915,High,3
720,0.3,0,0,0.0,420.0,1.0,200,100.0,High,3
721,0.0,0,6,89.0,183.6,0.9,1800,99.87993342694826,High,3
722,0.0,0,0,0.0,0.0,0.25,500,100.0,High,3
723,0.0,0,4,83.0,20.0,0.6,800,99.8930728797125,High,3
724,0.0,0,7,167.0,262.5,1.8,150,99.78817192441227,High,3
725,12.3,0,13,64.0,174.0,1.0,300,99.88619629831443,High,3
726,0.0,0,0,0.0,0.0,0.3,300,100.0,High,3
727,0.0,0,0,0.0,0.0,0.3,500,100.0,High,3
728,0.0,0,0,0.0,84.0,0.8,400,100.0,High,3
729,0.0,0,13,116.0,83.2,0.2,80,99.82713000018109,High,3
730,0.5,0,0,0.0,36.0,0.5,1600,100.0,High,3
731,0.0,0,1,10.0,44.0,0.4,800,99.98547904117686,High,3
732,0.0,0,4,39.0,50.0,1.8,150,99.9430520550561,High,3
733,1.5,0,4,82.0,2.88,0.0,288,99.89420877006123,High,3
734,0.0,0,1,30.0,84.0,0.73,960,99.96276123420247,High,3
735,4.98,0,8,20.0,33.0,0.5,1000,99.9519857503379,High,3
736,4.584,0,7,83.0,216.0,0.75,900,99.8835867137046,High,3
737,0.0,0,3,99.0,62.4,0.6,2000,99.87806068946897,High,3
738,0.0,0,0,0.0,30.0,0.5,600,100.0,High,3
739,0.0,0,2,7.0,43.0,0.4,1000,99.98572465688703,High,3
740,0.0,0,0,0.0,44.0,0.7,4000,100.0,High,3
741,0.0,0,0,0.0,0.0,0.25,200,100.0,High,3
742,0.0,0,0,0.0,45.0,0.6,180,100.0,High,3
743,0.0,0,12,103.0,212.4,1.8,150,99.8450586300504,High,3
744,0.0,0,7,38.0,73.6,0.4,2400,99.93470177939693,High,3
745,0.0,0,3,43.0,52.0,0.7,800,99.94167054899721,High,3
746,0.0,0,5,52.0,185.4,0.9,900,99.9251234251868,High,3
747,0.0,0,0,0.0,0.0,0.6,20,100.0,High,2
748,7.593,0,21,30.0,0.0,1.7,80,99.89952012748311,High,3
749,4.813,0,17,111.0,124.0,0.64,48,99.82016123058081,High,3
750,0.0,0,2,20.0,124.0,0.6,1200,99.9709580823537,High,3
751,0.0,0,1,20.0,15.72,0.9,144,99.97412013768967,High,3
752,0.0,0,4,40.0,131.4,0.9,900,99.9419161647074,High,3
753,0.0,0,2,32.0,185.4,0.75,360,99.95732739816908,High,3
754,0.0,0,0,0.0,44.0,0.4,4000,100.0,High,3
755,1.48,0,0,0.0,140.4,0.75,1800,100.0,High,3
756,0.5986,0,0,0.0,80.0,0.4,400,100.0,High,3
757,0.0,0,0,0.0,156.0,0.84,1200,100.0,High,3
758,0.0,0,0,0.0,0.0,0.3,50,100.0,High,2
759,0.0,0,5,8.0,100.0,0.0,40,99.9751026005304,High,3
760,0.0,0,7,27.0,92.0,0.78,32,99.94719657323283,High,3
761,0.0,0,0,0.0,0.0,0.0,0,100.0,High,2
762,0.324,0,29,37.0,210.0,0.0,50,99.86627245235434,High,3
763,7.98,0,0,0.0,80.0,0.4,400,100.0,High,3
764,1.47,0,0,0.0,0.0,0.0,0,100.0,High,2
765,0.0,0,2,2.0,272.0,1.36,96,99.99140410863062,High,3
766,8.0,0,0,0.0,40.0,0.6,100,100.0,High,3
767,0.0,0,0,0.0,0.0,0.6,25,100.0,High,2
768,1.0409,0,0,0.0,80.0,0.4,400,100.0,High,3
769,20.0,0,1,3.0,160.0,0.8,80,99.99343027361788,High,1
770,5.905,0,6,15.0,240.0,0.0,400,99.96398931275341,High,3
771,0.0,0,0,0.0,0.0,0.35,50,100.0,High,2
772,2.5,0,2,24.0,225.0,0.0,1500,99.96641452095882,High,3
773,0.0,0,1,9.0,146.6,0.5,1600,99.98661493152558,High,3
774,0.0,0,0,0.0,480.0,2.0,400,100.0,High,3
775,0.0,0,3,17.0,0.0,0.5,50,99.97120369806389,High,3
776,31.0,0,1,9.0,93.0,0.78,600,99.98661493152558,High,1
777,0.0,0,0,0.0,146.6,0.5,1600,100.0,High,3
778,0.0,0,2,57.0,160.0,1.25,1600,99.92893013945113,High,3
779,0.0,0,0,0.0,38.4,0.6,600,100.0,High,3
780,6.333,0,0,0.0,0.0,0.0,8,100.0,High,2
781,18.0,0,2,8.0,66.0,0.6,600,99.98458876653832,High,3
782,0.0,0,1,1.0,93.6,0.78,600,99.99570205431532,High,3
783,0.0,0,1,8.0,93.6,0.78,600,99.98775082187429,High,3
784,0.0,0,0,0.0,0.0,0.0,10,100.0,High,2
785,40.0,0,0,0.0,0.0,0.0,216,100.0,High,3
786,0.0,0,0,0.0,0.0,0.25,20,100.0,High,2
787,0.0,0,0,0.0,42.4,0.5,1000,100.0,High,3
788,0.0,0,1,3.0,93.6,0.78,600,99.99343027361788,High,3
789,0.0,0,1,4.0,93.6,0.78,600,99.99229438326917,High,3
790,0.0,0,0,0.0,20.0,1.0,80,100.0,High,3
791,0.0,0,0,0.0,0.0,0.3,5,100.0,High,2
792,0.0,0,0,0.0,0.0,0.0,3,100.0,High,2
793,0.0,0,9,278.0,102.5,0.4,5000,99.65576398503259,High,3
794,18.0,0,1,2.0,42.4,0.5,1000,99.9945661639666,High,3
795,0.0,0,0,0.0,93.6,0.78,600,100.0,High,3
796,0.0,0,0,0.0,0.0,0.6,6,100.0,High,2
797,3.643,0,0,0.0,0.0,0.35,500,100.0,High,3
798,0.0,0,0,0.0,0.0,0.0,0,100.0,High,2
799,0.0,0,0,0.0,0.0,0.25,500,100.0,High,3
800,0.0,0,0,0.0,93.6,0.78,600,100.0,High,3
801,34.85,0,0,0.0,0.0,0.2,20,100.0,High,2
802,0.0,0,0,0.0,0.0,0.0,0,100.0,High,2
803,0.0,0,0,0.0,0.0,0.25,100,100.0,High,3
804,0.0,0,0,0.0,0.0,0.0,5,100.0,High,2
805,0.0,0,0,0.0,0.0,0.0,0,100.0,High,2
806,0.0,0,0,0.0,0.0,0.5,10,100.0,High,2
807,0.4,0,45,407.0,320.0,1.0,8000,99.39540013795308,High,3
808,0.0,0,9,260.0,52.8,0.6,4800,99.67621001130952,High,3
809,0.0,0,2,14.0,9.6,0.7,80,99.97777342444601,High,3
810,0.0,0,0,0.0,15.0,0.15,1,100.0,High,2
811,0.4916,0,14,359.0,45.0,0.6,1800,99.54794659010656,High,3
812,0.0,0,0,0.0,0.0,0.3,500,100.0,High,3
813,0.0,0,2,4.0,0.0,0.0,0,99.98913232793319,High,2
814,0.0,0,1,200.0,102.5,0.4,5000,99.76965987492036,High,3
815,0.0,0,57,701.0,102.5,0.4,5000,99.02350371139825,High,3
816,0.0,0,3,6.0,432.0,1.19,864,99.98369849189979,High,3
817,0.0,0,8,36.0,226.8,1.2,720,99.9338115047584,High,3
818,0.348,0,6,1412.0,48.0,0.6,8000,98.3771504955939,High,3
819,0.0,0,0,0.0,24.0,0.5,120,100.0,High,3
820,15.96,0,9,23.0,36.0,0.5,240,99.94541602395577,High,3
821,0.0,0,14,162.0,20.0,0.25,12480,99.77171698880409,High,3
822,1.038,0,0,0.0,120.0,0.6,1200,100.0,High,3
823,0.0,0,1,16.0,120.0,0.6,2400,99.97866369908454,High,3
824,0.695,0,128,1566.0,249.6,0.9,1152,97.81645263090314,High,3
825,0.043,0,253,5430.0,54.0,0.9,2250,93.03211540645944,High,3
826,0.0,547,0,0.0,249.6,0.0,384,62.73841961852862,Medium,1
827,0.0,547,0,0.0,249.6,0.0,384,62.73841961852862,Medium,1
828,0.0,547,0,0.0,249.6,0.0,384,62.73841961852862,Medium,1
829,0.0,547,0,0.0,211.2,0.0,384,62.73841961852862,Medium,1
830,518.592,0,1,1.0,1.0,0.04,2,99.99570205431532,High,2
831,0.0,0,1,1.0,45.0,1.0,10,99.99570205431532,High,3
832,0.0,0,1,3.0,12.5,0.35,25,99.99343027361788,High,3
833,0.0,0,0,0.0,40.0,0.25,20,100.0,High,3
834,0.0,0,0,0.0,0.8,0.3,4,100.0,High,2
835,0.0,0,0,0.0,1.2,0.2,4,100.0,High,2
836,0.0,0,0,0.0,144.0,1.44,8,100.0,High,3
837,291.205,0,0,0.0,345.0,0.75,5,100.0,High,1
838,0.0,0,0,0.0,1.2,0.2,5,100.0,High,2
839,13.342,547,2,2.0,257.67,0.84,21,62.72982372715924,Medium,1
840,0.0,547,0,0.0,221.0,1.18,72,62.73841961852862,Medium,1
841,0.0,0,0,0.0,80.0,0.8,3200,100.0,High,3
842,0.0,0,0,0.0,80.0,0.8,3200,100.0,High,3
843,3.735,547,0,0.0,221.04,1.05,72,62.73841961852862,Medium,1
844,1.96,730,14,18.0,336.96,0.9,288,50.20776476305221,Medium,1
845,1.87,730,16,26.0,336.96,0.9,288,50.19235352959053,Medium,1
846,1.66,730,10,11.0,336.96,0.9,288,50.22836421683711,Medium,1
847,1.801,730,7,10.0,336.96,0.9,288,50.238986273193746,Medium,1
848,1.489,547,2,2.0,147.6,1.17,180,62.72982372715924,Medium,1
849,3.508,547,0,0.0,221.04,1.05,72,62.73841961852862,Medium,1
850,16.502,547,1,1.0,147.24,0.48,12,62.734121672843926,Medium,1
851,2.435,547,2,3.0,166.0,1.19,108,62.72868783681053,Medium,1
852,2.892,734,0,0.0,175.5,1.02,108,50.0,Medium,1
853,2.82,547,0,0.0,175.5,1.02,108,62.73841961852862,Medium,1
854,2.82,547,0,0.0,175.5,1.02,108,62.73841961852862,Medium,1
855,3.768,547,0,0.0,230.4,1.02,108,62.73841961852862,Medium,1
856,0.0,0,0,0.0,10.0,0.4,400,100.0,High,3
857,2.827,547,1,3.0,226.8,1.02,108,62.7318498921465,Medium,1
858,11.743,547,2,2.0,325.12,0.8,32,62.72982372715924,Medium,1
859,21.2,365,0,0.0,300.0,0.84,21,75.13623978201633,High,1
860,19.26,365,0,0.0,300.0,0.84,21,75.13623978201633,High,1
861,17.76,365,0,0.0,300.0,0.84,441,75.13623978201633,High,1
862,21.084,365,0,0.0,300.0,0.84,21,75.13623978201633,High,1
863,20.74,365,0,0.0,548.0,1.5,30,75.13623978201633,High,1
864,0.0,365,0,0.0,177.0,1.02,72,75.13623978201633,High,1
865,10.99,547,0,0.0,243.84,0.72,32,62.73841961852862,Medium,1
866,11.81,547,0,0.0,293.12,0.8,32,62.73841961852862,Medium,1
867,0.12,547,0,0.0,105.6,0.6,1920,62.73841961852862,Medium,1
868,0.18,547,2,640.0,105.6,0.6,1920,62.00512568467694,Medium,0
869,0.015,547,1,80.0,105.6,1.56,1920,62.644386335295174,Medium,1
870,0.006,547,8,1860.0,105.6,1.56,1920,60.600367127224764,Medium,0
871,0.192,547,9,1500.0,105.6,1.56,1920,61.0061255974274,Medium,0
872,0.2,547,4,980.0,105.6,1.56,1920,61.61259885544077,Medium,0
873,0.031,547,3,200.0,105.6,1.56,1920,62.50175538277705,Medium,1
874,0.207,547,8,2300.0,105.6,1.56,1920,60.100575373788686,Medium,0
875,0.204,547,3,979.0,105.6,1.56,1920,61.616896801125456,Medium,0
876,3.234,547,0,0.0,226.8,1.02,108,62.73841961852862,Medium,1
877,11.174,547,0,0.0,293.12,0.8,32,62.73841961852862,Medium,1
878,13.289,547,1,1.0,325.12,0.8,32,62.734121672843926,Medium,1
879,2.318,547,0,0.0,165.78,1.02,108,62.73841961852862,Medium,1
880,9.298,547,1,1.0,261.12,0.72,32,62.734121672843926,Medium,1
881,5.477,547,4,6.0,293.76,1.05,72,62.718956055092434,Medium,1
882,1.34,547,0,0.0,207.68,1.0,384,62.73841961852862,Medium,1
883,5.617,547,3,3.0,293.76,1.05,72,62.72552578147456,Medium,1
884,12.049,547,0,0.0,325.12,0.8,32,62.73841961852862,Medium,1
885,9.032,547,0,0.0,261.12,0.72,32,62.73841961852862,Medium,1
886,1.07,547,0,0.0,207.68,1.0,384,62.73841961852862,Medium,1
887,0.969,547,7,9.0,167.68,1.0,384,62.70606221803837,Medium,1
888,23.604,365,0,0.0,578.1,1.2,30,75.13623978201633,High,1
889,10.783,547,0,0.0,293.12,0.8,32,62.73841961852862,Medium,1
890,0.0,365,54,182.0,183.0,0.9,72,74.75875675040731,High,0
891,0.0,365,35,161.0,147.0,0.9,72,74.8426894991138,High,0
892,0.0,365,24,65.0,147.0,0.9,72,74.9865175812864,High,0
893,0.0,365,37,172.0,147.0,0.9,72,74.82387059460595,High,0
894,21.78,365,0,0.0,578.0,1.2,30,75.13623978201633,High,1
895,0.0,365,0,0.0,578.0,1.2,30,75.13623978201633,High,1
896,0.2,547,9,1140.0,98.0,1.56,1920,61.415046122966,Medium,0
897,0.16,0,1,420.0,105.6,1.56,1920,99.51976399820234,High,3
898,0.057,547,2,720.0,105.6,1.56,1920,61.914254456779474,Medium,0
899,0.18,547,11,2280.0,105.6,1.56,1920,60.11380701475515,Medium,0
900,0.204,547,4,1640.0,105.6,1.56,1920,60.862911225286666,Medium,0
901,0.0,547,0,0.0,105.6,1.56,1920,62.73841961852862,Medium,1
902,0.5,0,0,0.0,50.4,0.5,2400,100.0,High,3
903,0.5,0,0,0.0,50.4,0.5,2400,100.0,High,3
904,0.2,547,1,140.0,105.6,1.56,1920,62.57623291437208,Medium,1
905,0.013,547,1,20.0,105.6,1.56,1920,62.71253975621828,Medium,1
906,15.18,365,3,3.0,258.0,0.84,21,75.1233459449623,High,1
907,16.52,547,0,0.0,293.12,0.8,32,62.73841961852862,Medium,1
908,6.339,547,0,0.0,261.54,1.05,72,62.73841961852862,Medium,1
909,4.39,547,0,0.0,226.8,1.02,108,62.73841961852862,Medium,1
910,15.94,547,0,0.0,325.12,0.8,32,62.73841961852862,Medium,1
911,18.199,547,0,0.0,325.12,0.8,32,62.73841961852862,Medium,1
912,6.98,547,0,0.0,293.76,1.05,72,62.73841961852862,Medium,1
913,14.71,547,0,0.0,293.12,0.8,32,62.73841961852862,Medium,1
914,6.12,547,0,0.0,261.54,1.05,72,62.73841961852862,Medium,1
915,7.27,547,0,0.0,261.54,1.05,72,62.73841961852862,Medium,1
916,3.68,547,0,0.0,226.8,1.02,108,62.73841961852862,Medium,1
917,2.55,547,0,0.0,165.78,1.02,108,62.73841961852862,Medium,1
918,4.84,547,0,0.0,226.8,1.02,108,62.73841961852862,Medium,1
919,1.98,547,0,0.0,147.6,1.17,180,62.73841961852862,Medium,1
920,0.0,0,1,23.0,33.6,1.2,56,99.97071246664352,High,3
921,3.17,547,0,0.0,226.8,1.02,108,62.73841961852862,Medium,1
922,0.0,0,0,0.0,400.0,0.0,200,100.0,High,3
923,1.344,0,0,0.0,190.6,1.2,576,100.0,High,3
924,1.344,0,6,161.0,190.6,1.2,576,99.79814932184054,High,3
925,0.0,547,0,0.0,105.6,1.56,1920,62.73841961852862,Medium,1
926,0.216,547,2,180.0,105.6,1.56,1920,62.527635245087374,Medium,1
927,0.194,547,0,0.0,105.6,1.56,1920,62.73841961852862,Medium,1
928,13.4904,547,0,0.0,325.12,1.19,32,62.73841961852862,Medium,1
929,12.249,547,12,28.0,325.12,0.8,32,62.66867002473289,Medium,1
930,0.0,547,6,1100.0,105.6,1.56,1920,61.469967902922626,Medium,0
931,0.24,547,5,900.0,105.6,1.56,1920,61.70030802800227,Medium,0
932,0.063,547,1,440.0,105.6,1.56,1920,62.235465809756576,Medium,1
933,0.216,547,10,1800.0,105.6,1.56,1920,60.66219643747593,Medium,0
934,0.216,547,11,2060.0,105.6,1.56,1920,60.36370289147318,Medium,0
935,0.192,547,9,1520.0,105.6,1.56,1920,60.98340779045303,Medium,0
936,0.0,547,3,540.0,105.6,1.56,1920,62.1155526642128,Medium,0
937,0.0,547,0,0.0,105.6,1.56,1920,62.73841961852862,Medium,1
938,3.441,547,0,0.0,226.8,1.02,108,62.73841961852862,Medium,1
939,0.0,0,3,8.0,210.24,1.2,144,99.98142671120235,High,3
940,0.0,0,4,134.0,180.0,1.0,900,99.83514247192787,High,3
941,0.0,0,58,936.0,128.0,0.8,12800,98.75340742411348,High,3
942,0.0,0,0,0.0,250.0,1.0,2500,100.0,High,3
943,0.0,0,0,0.0,250.0,1.0,2500,100.0,High,3
944,9.255,547,4,4.0,228.0,0.72,32,62.72122783578986,Medium,1
945,9.29,547,2,3.0,228.0,0.72,32,62.72868783681053,Medium,1
946,0.18,547,46,506.0,98.0,0.36,1920,62.01820455662259,Medium,0
947,0.01,547,2,1020.0,98.0,0.39,1920,61.573487352163966,Medium,0
948,0.107,547,0,0.0,98.0,1.56,1920,62.73841961852862,Medium,1
949,0.228,547,3,1440.0,98.0,1.56,1920,61.093251350366295,Medium,0
950,0.228,0,0,0.0,0.0,0.0,0,100.0,High,2
951,9.304,547,1,1.0,228.0,1.19,32,62.734121672843926,Medium,1
952,4.325,547,0,0.0,221.0,1.18,72,62.73841961852862,Medium,1
953,1.76,730,7,14.0,322.56,1.05,288,50.23444271179886,Medium,1
954,0.204,547,0,0.0,0.0,0.0,0,62.73841961852862,Medium,2
955,0.156,547,0,0.0,98.0,1.19,1920,62.73841961852862,Medium,1
956,0.17,547,67,653.0,105.6,0.0,1920,61.78482551330566,Medium,0
957,0.22,547,171,1560.0,79.2,0.0,1440,60.42571921207741,Medium,0
958,0.19,547,131,1070.0,105.6,0.0,1920,61.108787696388134,Medium,0
959,0.21,547,181,1545.0,79.2,0.0,1440,60.411137013948505,Medium,0
960,0.15,547,0,0.0,105.6,1.56,1920,62.73841961852862,Medium,1
961,0.15,547,0,0.0,105.6,1.56,1920,62.73841961852862,Medium,1
962,0.14,547,89,650.0,105.6,0.0,1920,61.7186679669605,Medium,0
963,0.12,547,89,640.0,105.6,0.0,1920,61.73002687044769,Medium,0
964,0.0,0,0,0.0,207.0,1.2,180,100.0,High,3
965,0.0,0,0,0.0,800.0,1.2,2500,100.0,High,3
966,6.35,0,19,119.0,92.8,1.2,160,99.80474999711913,High,3
967,2.94,0,4,115.0,36.0,1.19,180,99.85672438855352,High,3
968,0.133,0,15,155.0,105.6,1.19,1920,99.77650616590913,High,3
969,0.0,0,0,0.0,105.6,1.19,1920,100.0,High,3
970,0.0,0,0,0.0,105.6,1.19,1920,100.0,High,3
971,0.043,0,69,665.0,105.6,1.19,1920,99.0264510999205,High,3
972,0.14,0,0,0.0,105.6,1.19,1920,100.0,High,3
973,1.95,547,0,0.0,314.88,1.2,384,62.73841961852862,Medium,1
974,1.62,547,0,0.0,262.4,1.13,384,62.73841961852862,Medium,1
975,0.0,547,3,660.0,105.6,1.2,1920,61.9792458223666,Medium,0
976,0.063,547,0,0.0,105.6,1.56,1920,62.73841961852862,Medium,1
977,0.195,547,0,0.0,105.6,1.2,1920,62.73841961852862,Medium,1
978,0.18,547,5,480.0,105.6,1.2,1920,62.17738197446396,Medium,0
979,0.017,547,0,0.0,105.6,1.2,1920,62.73841961852862,Medium,1
980,0.0,547,0,0.0,105.6,1.2,1920,62.73841961852862,Medium,1
981,1.59,547,0,0.0,226.08,1.191,180,62.73841961852862,Medium,1
982,1.82,547,0,0.0,226.08,1.02,180,62.73841961852862,Medium,1
983,1.5,547,0,0.0,226.08,1.02,180,62.73841961852862,Medium,1
984,2.38,547,1,1.0,226.08,1.19,180,62.734121672843926,Medium,1
985,0.0,0,13,2430.0,12.6,1.19,4200,97.19867973324685,High,3
986,0.0,0,56,1320.0,96.0,0.0,384,98.32354964087756,High,3
987,1.78,0,2,59.0,420.0,1.19,2100,99.92665835875368,High,3
988,0.0,0,0,0.0,250.0,0.0,2500,100.0,High,3
989,13.354,547,1,2.0,259.2,0.0,32,62.73298578249521,Medium,1
990,11.074,547,1,1.0,259.2,0.0,32,62.734121672843926,Medium,1
991,18.1,547,14,24.0,641.34,0.0,42,62.66688947545581,Medium,1
992,18.22,547,0,0.0,641.34,0.0,42,62.73841961852862,Medium,1
993,3.829,456,52,131.0,502.74,0.0,630,68.62410118712002,Medium,0
994,3.91,547,0,0.0,502.74,0.0,630,62.73841961852862,Medium,1
995,4.2,456,2,3.0,502.74,0.0,630,68.9275979185544,Medium,1
996,4.58,456,0,0.0,502.74,0.0,630,68.93732970027249,Medium,1
997,4.49,456,0,0.0,502.74,0.0,630,68.93732970027249,Medium,1
998,1.94,0,12,525.0,60.0,0.0,1200,99.36571290289125,High,3
999,0.0,0,31,476.0,324.0,0.0,648,99.36129247859506,High,3
1000,0.0,0,29,2979.0,192.0,0.0,1600,96.52448304642499,High,3
1001,3.298,547,0,0.0,223.2,0.0,108,62.73841961852862,Medium,1
1002,14.55,547,0,0.0,325.12,0.0,32,62.73841961852862,Medium,1
1003,18.45,365,4,16.0,657.72,0.0,36,75.10541731509298,High,1
1004,12.47,547,0,0.0,325.12,0.0,32,62.73841961852862,Medium,1
1005,11.49,547,3,12.0,124.92,0.0,180,62.71530276833609,Medium,1
1006,1.04,0,172,1979.0,224.64,0.0,1728,97.20819948209984,High,3
1007,0.13,547,132,1100.0,105.6,0.0,1920,61.071548930590616,Medium,0
1008,0.17,547,131,1060.0,105.6,0.0,1920,61.12014659987531,Medium,0
1009,0.2,547,117,832.0,105.6,0.0,1920,61.42339837408666,Medium,0
1010,0.0,547,0,0.0,105.6,0.0,1920,62.73841961852862,Medium,1
1011,0.17,547,0,0.0,105.6,0.0,1920,62.73841961852862,Medium,1
1012,0.0,547,0,0.0,105.6,0.0,1920,62.73841961852862,Medium,1
1013,0.0,547,57,412.0,105.6,0.0,1920,62.090195640706455,Medium,0
1014,1.86,0,2,62.0,64.0,0.0,3200,99.92325068770754,High,3
1015,0.62,0,34,401.0,1.6,0.0,8000,99.43699808874102,High,3
1016,4.35,0,0,0.0,0.0,0.0,360,100.0,High,3
1017,0.0,0,15,523.0,28.8,0.0,288,99.35849851758078,High,3
1018,0.0,0,0,0.0,225.0,0.0,1500,100.0,High,3
1019,1.5,0,2,200.0,450.0,0.0,2500,99.7664978195844,High,3
1020,0.0,547,8,63.0,176.0,0.0,32,62.641562083871605,Medium,1
1021,0.532,730,0,0.0,163.584,0.0,384,50.27247956403269,Medium,1
1022,0.0,0,13,468.0,160.0,0.0,40000,99.42729659743223,High,3
1023,0.0,0,29,516.0,240.0,0.0,60000,99.32218097531825,High,3
1024,6.05,547,0,0.0,226.8,0.0,108,62.73841961852862,Medium,1
1025,0.0,0,4,70.0,84.0,0.0,120,99.90783945424585,High,3
1026,0.0,0,0,0.0,19.2,0.0,48,100.0,High,3
1027,3.27,547,0,0.0,262.98,1.19,108,62.73841961852862,Medium,1
1028,0.18,547,49,421.0,96.0,0.0,1920,62.105269070255744,Medium,0
1029,0.18,547,52,446.0,96.0,0.0,1920,62.06738564552988,Medium,0
1030,0.869,730,2,4.0,180.48,0.0,384,50.261611891965885,Medium,1
1031,0.0,0,126,132.0,92.4,0.0,132,99.45164350163715,High,3
1032,0.0,0,0,0.0,20.16,0.0,144,100.0,High,3
1033,2.76,730,0,0.0,336.96,0.0,288,50.27247956403269,Medium,1
1034,0.94,547,0,0.0,159.36,0.0,384,62.73841961852862,Medium,1
1035,0.0,547,82,690.0,105.6,0.0,1920,61.69536674036355,Medium,0
1036,0.0,547,89,590.0,105.6,0.0,1920,61.786821387883606,Medium,0
1037,0.0,547,66,540.0,105.6,0.0,1920,61.916343178046795,Medium,0
1038,0.0,0,1,3.0,3.0,0.0,1,99.99343027361788,High,2
1039,0.0,0,1,2.0,5.0,0.0,1,99.9945661639666,High,2
1040,0.0,0,0,0.0,100.0,0.0,5,100.0,High,3
1041,0.0,0,1,2.0,90.0,0.0,18,99.9945661639666,High,3
1042,0.0,730,0,0.0,322.56,0.0,288,50.27247956403269,Medium,1
1043,0.0,0,54,621.0,330.0,0.0,6000,99.12386110530362,High,3
1044,0.0,0,80,1603.0,25.0,0.0,2500,97.92620334412703,High,3
1045,0.0,730,0,0.0,322.56,0.0,288,50.27247956403269,Medium,1
1046,0.0,0,0,0.0,250.0,0.0,2500,100.0,High,3
1047,0.0,0,0,0.0,84.0,0.0,120,100.0,High,3
1048,0.0,0,0,0.0,92.8,0.0,160,100.0,High,3
1049,0.0,0,0,0.0,3.37,0.0,1,100.0,High,2
1050,0.0,0,0,0.0,8.28,0.0,2,100.0,High,2
1051,0.0,0,0,0.0,2.7,0.0,10,100.0,High,2
1052,0.0,0,0,0.0,2.7,0.0,10,100.0,High,2
1053,0.0,0,0,0.0,8.67,0.0,1,100.0,High,2
1054,0.0,0,0,0.0,6.55,0.0,1,100.0,High,2
1055,0.0,0,0,0.0,4.37,0.0,1,100.0,High,2
1056,0.0,0,0,0.0,5.47,0.0,1,100.0,High,2
1057,0.0,0,0,0.0,20.0,0.0,1,100.0,High,2
1058,0.0,0,0,0.0,14.06,0.0,1,100.0,High,2
1059,0.0,0,0,0.0,50.0,0.0,100,100.0,High,3
1060,0.0,0,2,6.0,94.14,0.0,6,99.98686054723575,High,3
1061,0.0,547,0,0.0,105.6,0.0,1920,62.73841961852862,Medium,1
1062,0.0,0,8,115.0,96.0,0.0,240,99.84407616720965,High,3
1063,0.0,0,0,0.0,518.4,0.0,1920,100.0,High,3
1064,0.0,0,0,0.0,173.6,0.0,248,100.0,High,3
1065,0.0,0,0,0.0,210.0,0.0,50,100.0,High,3
1066,0.0,730,0,0.0,336.96,0.9,288,50.27247956403269,Medium,1
1067,0.0,547,0,0.0,220.32,0.0,108,62.73841961852862,Medium,1
1068,0.0,547,0,0.0,105.6,0.0,1920,62.73841961852862,Medium,1
1069,0.0,0,0,0.0,9.12,0.0,48,100.0,High,3
1070,0.0,0,0,0.0,2.7,0.0,10,100.0,High,2
1071,0.0,0,1,1.0,13.36,0.0,4,99.99570205431532,High,2
1072,0.0,0,6,150.0,77.76,0.0,288,99.81064411567644,High,3
1073,0.0576,547,0,0.0,105.6,1.56,1920,62.73841961852862,Medium,1
1074,0.086,547,7,840.0,105.6,1.56,1920,61.76213733825343,Medium,0
1075,0.0,547,0,0.0,0.0,0.0,0,62.73841961852862,Medium,2
1076,0.0,547,0,0.0,0.0,0.0,0,62.73841961852862,Medium,2
1077,0.19,547,0,0.0,0.0,0.0,0,62.73841961852862,Medium,2
1078,0.006,547,15,1800.0,105.6,1.56,1920,60.64638616079607,Medium,0
1079,0.2,547,8,1800.0,105.6,1.56,1920,60.66852054814785,Medium,0
1080,0.0,547,0,0.0,0.0,0.0,0,62.73841961852862,Medium,2
1081,0.0,547,0,0.0,0.0,0.0,0,62.73841961852862,Medium,2
1082,0.058,547,22,2760.0,105.6,1.56,1920,59.5337970386747,Medium,0
1083,0.0,547,0,0.0,0.0,0.0,0,62.73841961852862,Medium,2
1084,0.0,547,0,0.0,0.0,0.0,0,62.73841961852862,Medium,2
1085,0.0,547,0,0.0,0.0,0.0,0,62.73841961852862,Medium,2
1086,0.106,547,9,1080.0,105.6,1.56,1920,61.4831995438891,Medium,0
1087,0.096,547,17,2542.0,105.6,1.56,1920,59.79723141137514,Medium,0
1088,0.107,547,1,60.0,105.6,1.56,1920,62.66710414226955,Medium,1
1089,0.15,547,310,9142.0,105.6,1.56,1920,51.373872896395376,Medium,0
1090,0.0,547,0,0.0,0.0,0.0,0,62.73841961852862,Medium,2
1091,0.195,547,15,2040.0,105.6,1.56,1920,60.373772477103685,Medium,0
1092,0.2375,547,0,0.0,0.0,0.0,0,62.73841961852862,Medium,2
1093,0.2,547,15,2280.0,105.6,1.56,1920,60.10115879341128,Medium,0
1094,0.04,547,12,1800.0,105.6,1.56,1920,60.65587232680399,Medium,0
1095,0.25,547,0,0.0,0.0,0.0,0,62.73841961852862,Medium,2
1096,0.033,547,1,780.0,105.6,1.56,1920,61.84926309119234,Medium,0
1097,0.0,547,14,1360.0,105.6,1.56,1920,61.14933996956812,Medium,0
1098,0.264,547,6,659.0,105.6,1.56,1920,61.97089554670742,Medium,0
1099,0.17,547,0,0.0,0.0,0.0,0,62.73841961852862,Medium,2
1100,0.2,547,3,260.0,105.6,1.56,1920,62.433601961853945,Medium,0
1101,0.0,547,0,0.0,0.0,0.0,0,62.73841961852862,Medium,2
1102,0.063,547,21,3300.0,105.6,1.56,1920,58.92357830570276,Medium,0
1103,0.0,547,0,0.0,0.0,0.0,0,62.73841961852862,Medium,2
1104,0.17,547,0,0.0,0.0,0.0,0,62.73841961852862,Medium,2
1105,0.0,547,0,0.0,0.0,0.0,0,62.73841961852862,Medium,2
1106,0.3,547,0,0.0,0.0,0.0,0,62.73841961852862,Medium,2
1107,0.16,547,0,0.0,0.0,0.0,0,62.73841961852862,Medium,2
1108,0.0036,547,29,2658.0,105.6,1.56,1920,59.627523466892185,Medium,0
1109,0.0,547,0,0.0,0.0,0.0,0,62.73841961852862,Medium,2
1110,0.194,547,12,1620.0,105.6,1.56,1920,60.86033258957328,Medium,0
1111,0.135,547,0,0.0,105.6,1.56,1920,62.73841961852862,Medium,1
1112,0.016,547,13,1140.0,105.6,1.56,1920,61.402397901622116,Medium,0
1113,0.015,547,15,1620.0,105.6,1.56,1920,60.85084642356537,Medium,0
1114,0.015,547,9,660.0,105.6,1.56,1920,61.9602734903508,Medium,0
1115,0.0,547,0,0.0,0.0,0.0,0,62.73841961852862,Medium,2
1116,0.0,547,0,0.0,0.0,0.0,0,62.73841961852862,Medium,2
1117,0.16,547,0,0.0,105.6,1.56,1920,62.73841961852862,Medium,1
1118,0.057,547,0,0.0,0.0,0.0,0,62.73841961852862,Medium,2
1119,0.18,547,0,0.0,0.0,0.0,0,62.73841961852862,Medium,2
1120,0.0,547,0,0.0,0.0,0.0,0,62.73841961852862,Medium,2
1121,0.14,547,11,1920.0,105.6,0.0,1920,60.52272754029375,Medium,0
1122,0.12,547,11,1920.0,105.6,0.0,1920,60.52272754029375,Medium,0
1123,0.144,547,0,0.0,105.6,1.56,1920,62.73841961852862,Medium,1
1124,0.0,547,0,0.0,0.0,0.0,0,62.73841961852862,Medium,2
1125,0.0,547,0,0.0,0.0,0.0,0,62.73841961852862,Medium,2
1126,0.0,547,0,0.0,0.0,0.0,0,62.73841961852862,Medium,2
1127,0.0,547,0,0.0,0.0,0.0,0,62.73841961852862,Medium,2
1128,0.048,547,0,0.0,105.6,1.56,1920,62.73841961852862,Medium,1
1129,0.15,547,0,0.0,105.6,1.56,1920,62.73841961852862,Medium,1
1130,0.25,547,0,0.0,0.0,0.0,0,62.73841961852862,Medium,2
1131,0.24,547,1,1.0,0.0,0.0,0,62.734121672843926,Medium,2
1132,0.2375,547,109,1950.0,105.6,0.0,1920,60.17876940690731,Medium,0
1133,0.13,547,85,3945.0,105.6,0.0,1920,57.98855748927746,Medium,0
1134,0.0,547,0,0.0,0.0,0.0,0,62.73841961852862,Medium,2
1135,0.22,547,17,3000.0,79.2,0.0,1440,59.276993631662144,Medium,0
1136,0.0,547,0,0.0,0.0,0.0,0,62.73841961852862,Medium,2
1137,0.0,547,83,3365.0,105.6,0.0,1920,58.653698002206035,Medium,0
1138,0.26,547,73,960.0,0.0,0.0,0,61.417134844233324,Medium,2
1139,0.0,547,0,0.0,0.0,0.0,0,62.73841961852862,Medium,2
1140,0.18,547,4,660.0,96.0,0.0,1920,61.97608376703063,Medium,3
1141,0.133,547,70,1535.0,105.6,1.56,1920,60.773484059728176,Medium,0
1142,0.0,547,0,0.0,0.0,0.0,0,62.73841961852862,Medium,2
1143,0.17,547,88,4490.0,105.6,0.0,1920,57.36001108321807,Medium,0
1144,0.0,547,0,0.0,0.0,0.0,0,62.73841961852862,Medium,2
1145,0.2,547,90,3468.0,105.6,0.0,1920,58.514566908936274,Medium,0
1146,0.21,547,84,3860.0,79.2,0.0,1440,58.08827022425449,Medium,0
1147,0.0,547,0,0.0,0.0,0.0,0,62.73841961852862,Medium,2
1148,0.19,547,12,1920.0,105.6,0.0,1920,60.51956548495778,Medium,0
1149,0.0,547,0,0.0,0.0,0.0,0,62.73841961852862,Medium,2
1150,0.0,547,0,0.0,0.0,0.0,0,62.73841961852862,Medium,2
1151,0.15,547,1,120.0,105.6,1.56,1920,62.59895072134645,Medium,1
1152,0.0,547,5,900.0,105.6,0.0,1920,61.70030802800227,Medium,3
1153,0.2,547,53,2315.0,105.6,0.0,1920,59.94124452843934,Medium,0
1154,0.175,547,0,0.0,0.0,0.0,0,62.73841961852862,Medium,2
1155,0.14,547,10,1920.0,105.6,0.0,1920,60.52588959562972,Medium,0
1156,0.0,547,0,0.0,0.0,0.0,0,62.73841961852862,Medium,2
1157,0.0,547,0,0.0,0.0,0.0,0,62.73841961852862,Medium,2
1158,0.0,547,0,0.0,0.0,0.0,0,62.73841961852862,Medium,2
1159,0.15,547,0,0.0,105.6,1.56,1920,62.73841961852862,Medium,1
1160,0.18,547,9,1180.0,98.0,0.36,1920,61.36961050901726,Medium,0
1161,1.881,730,5071,13432.0,336.96,0.9,288,18.98041779135234,Low,0
1162,0.375,730,806,6840.0,352.8,0.6,1440,39.954372978008756,Low,0
1163,0.0,730,0,0.0,362.88,0.0,3456,50.27247956403269,Medium,1
1164,0.225,730,0,0.0,362.88,0.0,3456,50.27247956403269,Medium,1
1165,0.0,547,0,0.0,0.0,0.0,0,62.73841961852862,Medium,2
1166,0.39,730,2333,16707.0,352.8,0.06,1440,23.918084409181205,Low,0
1167,0.49,0,0,0.0,0.0,0.0,0,100.0,High,2
1168,0.37,730,989,7509.0,352.8,0.6,1440,38.61580620823397,Low,0
1169,0.34,730,170,1312.0,352.8,0.6,1440,48.24464201939961,Medium,0
1170,0.35,730,1158,8547.0,352.8,0.6,1440,36.90236467448569,Low,0
1171,0.353,730,81,388.0,352.8,0.6,1440,49.575627626516535,Medium,0
1172,0.35,730,200,1390.0,352.8,0.6,1440,48.06118091212053,Medium,0
1173,0.41,730,357,2676.0,352.8,0.6,1440,46.10398323592172,Medium,0
1174,0.598,730,572,8001.0,352.8,0.6,1440,39.37552523176336,Low,0
1175,0.37,730,278,2290.0,352.8,0.6,1440,46.7922392820685,Medium,0
1176,0.38,730,5,50.0,352.8,0.6,1440,50.19987476991694,Medium,1
1177,0.0,730,0,0.0,0.0,0.0,0,50.27247956403269,Medium,2
1178,5.27,365,273,414.0,66.96,0.94,216,73.8027400709276,High,0
1179,5.611,365,121,181.0,167.68,1.0,384,74.54803493324616,High,0
1180,0.0,730,0,0.0,0.0,0.0,0,50.27247956403269,Medium,2
1181,0.87,547,5333,19843.0,167.68,1.0,384,23.335706322191285,Low,0
1182,0.858,547,2902,7784.0,167.68,1.0,384,44.72036455912484,Medium,0
1183,0.896,547,1386,4041.0,167.68,1.0,384,53.76567802370565,Medium,0
1184,0.84,547,1200,2570.0,167.68,1.0,384,56.02471501916043,Medium,0
1185,0.969,547,2195,5687.0,167.68,1.0,384,49.33789974291683,Medium,0
1186,0.899,547,4277,14018.0,167.68,1.0,384,33.29139803825821,Low,0
1187,1.0,547,2384,5789.0,167.68,1.0,384,48.62441046884955,Medium,0
1188,1.24,547,2313,5201.0,167.68,1.0,384,49.516819922749676,Medium,0
1189,0.94,547,1051,2524.0,167.68,1.0,384,56.54811222026077,Medium,0
1190,0.877,547,5099,18645.0,167.68,1.0,384,25.436423908572454,Low,0
1191,0.83,547,4725,14656.0,167.68,1.0,384,31.150099205262066,Low,0
1192,0.88,547,2397,5188.0,167.68,1.0,384,49.26597384906167,Medium,0
1193,0.82,547,3564,10013.0,167.68,1.0,384,40.0951843394206,Medium,0
1194,0.794,547,3551,10209.0,167.68,1.0,384,39.9136565504394,Low,0
1195,0.939,547,4256,13653.0,167.68,1.0,384,33.77240117759573,Low,0
1196,0.99,547,4720,14854.0,167.68,1.0,384,30.941003192895682,Low,0
1197,0.79,547,4181,11732.0,167.68,1.0,384,36.19160068768129,Low,0
1198,0.87,547,1068,2819.0,167.68,1.0,384,56.159269626677386,Medium,0
1199,0.821,547,724,2296.0,167.68,1.0,384,57.8410873146302,Medium,0
1200,0.747,547,1432,4093.0,167.68,1.0,384,53.56115718011773,Medium,0
1201,0.9,547,991,2820.0,167.68,1.0,384,56.401611997198245,Medium,0
1202,0.84,547,1613,4569.0,167.68,1.0,384,52.448141358317535,Medium,0
1203,0.837,547,3921,11679.0,167.68,1.0,384,37.07393726351514,Low,0
1204,0.86,547,3283,10523.0,167.68,1.0,384,40.404417810981364,Medium,0
1205,0.8,547,5497,19560.0,167.68,1.0,384,23.138586215779753,Low,0
1206,0.86,547,2506,6900.0,167.68,1.0,384,46.97666554043533,Medium,0
1207,1.03,547,468,1926.0,167.68,1.0,384,59.0708529096639,Medium,0
1208,0.924,547,1433,3550.0,167.68,1.0,384,54.174783584135824,Medium,0
1209,0.76,547,4469,15154.0,167.68,1.0,384,31.393911977608248,Low,0
1210,0.94,547,766,1923.0,167.68,1.0,384,58.13196809059147,Medium,0
1211,0.9,547,1622,4534.0,167.68,1.0,384,52.459439022498955,Medium,0
1212,0.826,547,5655,26125.0,167.68,1.0,384,15.181861333360875,Low,0
1213,0.978,547,1728,4567.0,167.68,1.0,384,52.08677677537861,Medium,0
1214,0.91,547,2656,7782.0,167.68,1.0,384,45.50050195247049,Medium,0
1215,0.581,730,1596,16782.0,167.68,1.0,384,26.16332741563603,Low,0
1216,0.66,730,443,3717.0,167.68,1.0,384,44.64958462401265,Medium,0
1217,0.0,730,0,0.0,476.928,0.0,1152,50.27247956403269,Medium,1
1218,0.9,547,1185,4051.0,167.68,1.0,384,54.3898922427481,Medium,0
1219,0.92,547,1282,4668.0,167.68,1.0,384,53.38232852999995,Medium,0
1220,0.0,547,0,0.0,159.36,0.0,384,62.73841961852862,Medium,1
1221,0.91,547,815,1918.0,167.68,1.0,384,57.98270683087261,Medium,0
1222,0.981,547,692,2299.0,167.68,1.0,384,57.93886541433504,Medium,0
1223,1.04,547,98,301.0,167.68,1.0,384,62.08663520063949,Medium,0
1224,1.05,547,140,286.0,167.68,1.0,384,61.9708672317596,Medium,0
1225,0.81,547,548,1647.0,167.68,1.0,384,59.13480189007883,Medium,0
1226,0.82,547,597,1626.0,167.68,1.0,384,59.00371487593947,Medium,0
1227,1.069,547,878,2628.0,167.68,1.0,384,56.977015197116586,Medium,0
1228,0.81,547,552,1386.0,167.68,1.0,384,59.418621049750456,Medium,0
1229,0.894,547,457,1119.0,167.68,1.0,384,60.02229902977525,Medium,0
1230,0.98,547,2090,8536.0,167.68,1.0,384,46.43376394969498,Medium,0
1231,0.916,547,2430,8422.0,167.68,1.0,384,45.48815663521961,Medium,0
1232,1.034,547,457,1271.0,167.68,1.0,384,59.84964369677006,Medium,0
1233,0.727,547,608,1734.0,167.68,1.0,384,58.84625610958224,Medium,0
1234,0.94,0,0,0.0,0.0,0.0,0,100.0,High,2
1235,0.936,547,535,1412.0,167.68,1.0,384,59.44284284139524,Medium,0
1236,0.928,547,918,3004.0,167.68,1.0,384,56.42343821255975,Medium,0
1237,0.942,547,550,1431.0,167.68,1.0,384,59.37383009473006,Medium,0
1238,1.08,547,872,2598.0,167.68,1.0,384,57.03006423959395,Medium,0
1239,1.089,547,233,594.0,167.68,1.0,384,61.326941858109286,Medium,0
1240,0.936,547,2449,8765.0,167.68,1.0,384,45.03846719422583,Medium,0
1241,0.6,730,43,180.0,187.392,1.0,384,49.93205092181675,Medium,0
1242,0.568,730,17,59.0,187.392,1.0,384,50.151707092746854,Medium,0
1243,0.54,730,240,2039.0,187.392,1.0,384,47.1975058623636,Medium,0
1244,0.51,730,860,7920.0,187.392,1.0,384,38.55686041325066,Low,0
1245,0.57,730,1,6.0,0.0,0.0,0,50.26250216660442,Medium,2
1246,0.56,730,480,3401.0,187.392,1.0,384,44.891529926776805,Medium,0
1247,0.64,730,0,0.0,0.0,0.0,0,50.27247956403269,Medium,2
1248,0.52,730,461,3316.0,187.392,1.0,384,45.048159657801264,Medium,0
1249,0.56,730,843,7260.0,180.48,1.0,384,39.360302984116224,Low,0
1250,0.0,730,0,0.0,0.0,0.0,0,50.27247956403269,Medium,2
1251,0.0,730,0,0.0,0.0,0.0,0,50.27247956403269,Medium,2
1252,0.0,730,0,0.0,0.0,0.0,0,50.27247956403269,Medium,2
1253,0.19,547,33,990.0,907.2,0.495,2025,61.5095403472105,Medium,0
1254,0.0,547,0,0.0,197.76,0.0,384,62.73841961852862,Medium,1
1255,0.0,547,0,0.0,197.76,0.0,384,62.73841961852862,Medium,1
1256,1.042,547,3085,7886.0,207.68,1.0,384,44.02584761707335,Medium,0
1257,0.976,547,158,450.0,207.68,1.0,384,61.727664218522364,Medium,0
1258,1.137,547,1061,2207.0,207.68,1.0,384,56.87656890744479,Medium,0
1259,1.11,547,456,862.0,207.68,1.0,384,60.31738490473183,Medium,0
1260,0.954,547,411,765.0,207.68,1.0,384,60.56985875867609,Medium,0
1261,0.934,547,46,142.0,207.68,1.0,384,62.43166864355606,Medium,0
1262,1.29,547,841,1506.0,207.68,1.0,384,58.36848021580939,Medium,0
1263,0.0,547,0,0.0,197.76,0.0,384,62.73841961852862,Medium,1
1264,1.143,547,552,1010.0,207.68,1.0,384,59.84571582086855,Medium,0
1265,0.0,547,0,0.0,197.76,0.0,384,62.73841961852862,Medium,1
1266,0.0,547,0,0.0,197.76,0.0,384,62.73841961852862,Medium,1
1267,0.0,547,0,0.0,197.76,0.0,384,62.73841961852862,Medium,1
1268,1.07,547,362,899.0,207.68,1.0,384,60.572590163410275,Medium,0
1269,0.0,547,0,0.0,197.76,0.0,384,62.73841961852862,Medium,1
1270,0.962,547,343,1370.0,207.68,1.0,384,60.09766486054734,Medium,0
1271,0.992,547,4218,11574.0,207.68,1.0,384,36.254075315347954,Low,0
1272,0.998,547,2052,4072.0,207.68,1.0,384,51.624536569140425,Medium,0
1273,0.59,547,98,500.0,777.6,0.4,1440,61.86059302124454,Medium,0
1274,0.0,547,0,0.0,197.76,0.0,384,62.73841961852862,Medium,1
1275,1.05,547,903,1863.0,207.68,1.0,384,57.76691993048691,Medium,0
1276,0.975,547,0,0.0,207.68,1.0,384,62.73841961852862,Medium,1
1277,0.0,547,0,0.0,197.76,0.0,384,62.73841961852862,Medium,1
1278,0.0,547,0,0.0,0.0,0.0,0,62.73841961852862,Medium,2
1279,0.0,547,0,0.0,0.0,0.0,0,62.73841961852862,Medium,2
1280,1.13,547,1803,3849.0,207.68,1.0,384,52.665191895560746,Medium,0
1281,0.965,547,3788,8291.0,207.68,1.0,384,41.342887124656656,Medium,0
1282,0.98,547,2731,5544.0,207.68,1.0,384,47.80547040270451,Medium,0
1283,0.0,547,0,0.0,197.76,0.0,384,62.73841961852862,Medium,1
1284,1.13,547,159,629.0,207.68,1.0,384,61.521177790765805,Medium,0
1285,1.08,547,2,5.0,207.68,1.0,384,62.72641605611309,Medium,1
1286,1.575,547,0,0.0,207.68,1.0,384,62.73841961852862,Medium,1
1287,1.34,547,202,411.0,207.68,1.0,384,61.63283350733977,Medium,0
1288,1.129,547,246,592.0,207.68,1.0,384,61.28810691943913,Medium,0
1289,1.367,547,1299,3611.0,207.68,1.0,384,54.52920968788377,Medium,0
1290,1.06,547,1257,4333.0,207.68,1.0,384,53.841903180219795,Medium,0
1291,0.99,547,629,1482.0,207.68,1.0,384,59.06609731540393,Medium,0
1292,1.74,0,0,0.0,0.0,0.0,0,100.0,High,2
1293,1.83,0,0,0.0,0.0,0.0,0,100.0,High,2
1294,1.62,0,0,0.0,0.0,0.0,0,100.0,High,2
1295,1.95,0,0,0.0,0.0,0.0,0,100.0,High,2
1296,1.78,0,2,41.0,147.6,0.0,180,99.94710438503061,High,3
1297,2.04,0,0,0.0,147.6,1.17,180,100.0,High,3
1298,1.98,0,0,0.0,147.6,1.17,180,100.0,High,3
1299,1.6,0,68,925.0,147.6,0.0,180,98.73428166458969,High,3
1300,0.0,0,0,0.0,0.0,0.0,0,100.0,High,2
1301,0.0,0,0,0.0,0.0,0.0,0,100.0,High,2
1302,1.5,365,1143,26411.0,147.6,1.17,180,41.52201053300449,Medium,0
1303,1.23,0,140,2535.0,147.6,0.0,180,96.67783021896345,High,3
1304,0.0,0,0,0.0,0.0,0.0,0,100.0,High,2
1305,1.3,547,165,3710.0,147.6,1.17,180,58.0025272943488,Medium,0
1306,1.42,0,100,2324.0,147.6,1.17,180,97.04398529598176,High,0
1307,1.9875,0,0,0.0,0.0,0.0,0,100.0,High,2
1308,1.98,0,34,1071.0,147.6,0.0,180,98.67595155509974,High,3
1309,1.35,365,728,17953.0,147.6,1.17,180,52.44162406689106,Medium,0
1310,1.6,0,0,0.0,147.6,0.0,180,100.0,High,3
1311,1.34,0,354,10785.0,147.6,1.17,180,86.63005500013993,High,0
1312,1.65,547,860,2027.0,147.6,1.17,180,57.71660229274374,Medium,0
1313,1.7244,0,0,0.0,147.6,1.17,180,100.0,High,3
1314,1.79,0,0,0.0,148.0,1.17,180,100.0,High,3
1315,1.58,365,195,4354.0,147.6,1.17,180,69.57397241318287,Medium,0
1316,1.36,547,4718,14211.0,147.6,1.17,180,31.67770479779351,Low,0
1317,1.63,547,1212,2419.0,147.6,1.17,180,56.15828979778528,Medium,0
1318,1.58,547,1029,1678.0,147.6,1.17,180,57.57864067266778,Medium,0
1319,1.61,547,1923,3913.0,147.6,1.17,180,52.213048272926564,Medium,0
1320,0.0,547,0,0.0,147.6,0.0,180,62.73841961852862,Medium,1
1321,1.53,547,3231,8747.0,147.6,1.17,180,42.58618594777548,Medium,0
1322,1.35,547,2238,3762.0,147.6,1.17,180,51.38852028475299,Medium,0
1323,0.0,547,0,0.0,147.6,0.0,180,62.73841961852862,Medium,1
1324,1.8375,547,3,5.0,147.6,0.0,180,62.72325400077712,Medium,1
1325,1.331,547,341,1015.0,147.6,1.17,180,60.50723004501428,Medium,0
1326,1.51,547,5,167.0,147.6,1.17,180,62.53291565361281,Medium,1
1327,1.391,547,109,216.0,147.6,1.17,180,62.1484032715849,Medium,0
1328,2.41,547,0,0.0,198.0,1.02,180,62.73841961852862,Medium,1
1329,0.0,547,0,0.0,0.0,0.0,0,62.73841961852862,Medium,2
1330,1.86,0,0,0.0,198.0,1.02,180,100.0,High,3
1331,0.0,547,0,0.0,0.0,0.0,0,62.73841961852862,Medium,2
1332,1.75,547,693,1352.0,198.0,1.02,180,59.01139151923533,Medium,0
1333,0.0,547,0,0.0,0.0,0.0,0,62.73841961852862,Medium,2
1334,0.0,547,0,0.0,0.0,0.0,0,62.73841961852862,Medium,2
1335,0.0,547,0,0.0,0.0,0.0,0,62.73841961852862,Medium,2
1336,1.8,0,0,0.0,0.0,1.1,180,100.0,High,3
1337,1.97,365,0,0.0,198.0,1.02,180,75.13623978201633,High,1
1338,1.67,0,0,0.0,0.0,0.0,0,100.0,High,2
1339,1.698,547,973,2809.0,198.0,1.02,180,56.47102378708158,Medium,0
1340,1.578,547,1153,3186.0,198.0,1.02,180,55.47362316514044,Medium,0
1341,0.0,547,0,0.0,0.0,0.0,0,62.73841961852862,Medium,2
1342,1.932,547,91,564.0,198.0,1.02,180,61.81003042627835,Medium,0
1343,1.59,547,923,2737.0,198.0,1.02,180,56.710910658987714,Medium,0
1344,0.0,547,0,0.0,0.0,0.0,0,62.73841961852862,Medium,2
1345,1.682,547,1344,2489.0,198.0,1.02,180,55.661386169027175,Medium,0
1346,1.5,547,3,75.0,183.6,0.0,180,62.64374167636684,Medium,1
1347,0.0,547,0,0.0,0.0,0.0,0,62.73841961852862,Medium,2
1348,1.72,547,5,156.0,198.0,1.02,180,62.54541044744871,Medium,1
1349,0.0,547,0,0.0,0.0,0.0,0,62.73841961852862,Medium,2
1350,1.88,730,1739,2933.0,336.96,0.9,288,41.442098941992796,Medium,0
1351,1.72,730,890,1472.0,336.96,0.9,288,45.78621972170745,Medium,0
1352,1.95,730,4702,9221.0,336.96,0.9,288,24.93045046877759,Low,0
1353,1.65,730,2766,4763.0,336.96,0.9,288,36.11598877379872,Low,0
1354,1.789,730,5559,13924.0,336.96,0.9,288,16.87847673583035,Low,0
1355,1.57,730,2476,3907.0,336.96,0.9,288,38.005306959732444,Low,0
1356,2.04,730,2760,4809.7,336.96,0.9,288,36.08191502652939,Low,0
1357,1.8,730,778,1198.0,336.96,0.9,288,46.451603874884725,Medium,0
1358,1.829,730,1461,2335.0,336.96,0.9,288,43.00041275392557,Medium,0
1359,1.85,730,3130,6591.0,336.96,0.9,288,32.88859307404911,Low,0
1360,1.85,730,2278,4413.0,336.96,0.9,288,38.056633399802706,Low,0
1361,1.818,730,3154,6142.0,336.96,0.9,288,33.3227185125604,Low,0
1362,0.0,730,0,0.0,0.0,0.0,0,50.27247956403269,Medium,2
1363,1.74,730,1696,2909.0,336.96,0.9,288,41.60532868980868,Medium,0
1364,1.76,730,2346,5210.0,336.96,0.9,288,36.936309029028344,Low,0
1365,1.96,730,1447,2573.0,336.96,0.9,288,42.77433962563417,Medium,0
1366,1.82,730,4314,9808.0,336.96,0.9,288,25.490560304435654,Low,0
1367,1.76,730,2409,4410.0,336.96,0.9,288,37.64581182183701,Low,0
1368,1.857,730,1055,1696.0,336.96,0.9,288,45.010041153159754,Medium,0
1369,1.742,730,2774,4351.0,336.96,0.9,288,36.55867915478292,Low,0
1370,2.21,730,0,0.0,349.2,0.9,288,50.27247956403269,Medium,1
1371,0.1963,730,0,0.0,362.88,0.0,3456,50.27247956403269,Medium,1
1372,1.93,730,498,1004.0,348.48,0.9,288,47.557342096607236,Medium,0
1373,1.91,730,579,1062.0,348.48,0.9,288,47.23533397416813,Medium,0
1374,0.2125,730,0,0.0,362.88,0.0,3456,50.27247956403269,Medium,1
1375,2.07,730,360,646.0,349.2,0.9,288,48.40035447781204,Medium,0
1376,0.0,730,0,0.0,0.0,0.0,0,50.27247956403269,Medium,2
1377,0.0,730,0,0.0,0.0,0.0,0,50.27247956403269,Medium,2
1378,0.25,730,0,0.0,380.16,0.0,3456,50.27247956403269,Medium,1
1379,0.0,730,0,0.0,362.88,0.0,3456,50.27247956403269,Medium,1
1380,1.81,730,311,527.0,348.48,0.9,288,48.690466140771974,Medium,0
1381,0.0,730,0,0.0,362.88,0.0,3456,50.27247956403269,Medium,1
1382,1.9,730,444,815.0,348.48,0.9,288,47.94277636065729,Medium,0
1383,1.95,730,1552,2635.0,349.2,0.9,288,42.37189861373696,Medium,0
1384,0.22,730,0,0.0,362.88,0.0,3456,50.27247956403269,Medium,1
1385,0.0,730,0,0.0,0.0,0.0,0,50.27247956403269,Medium,2
1386,0.0,730,0,0.0,0.0,0.0,0,50.27247956403269,Medium,2
1387,0.0,730,0,0.0,0.0,0.0,0,50.27247956403269,Medium,2
1388,2.69,547,0,0.0,165.78,1.02,108,62.73841961852862,Medium,1
1389,2.5,547,92,236.0,165.78,1.02,108,62.179440405322,Medium,0
1390,2.592,547,1814,3783.0,165.78,1.02,108,52.7053780498805,Medium,0
1391,0.0,547,0,0.0,165.78,0.0,108,62.73841961852862,Medium,1
1392,2.4,547,3263,7361.0,165.78,1.02,108,44.059344200348114,Medium,0
1393,2.39,547,543,908.0,165.78,1.02,108,59.99003513446153,Medium,0
1394,2.502,547,836,1262.0,165.78,1.02,108,58.66144773757651,Medium,0
1395,2.515,547,494,895.0,165.78,1.02,108,60.15974242045732,Medium,0
1396,2.385,547,1180,2392.0,165.78,1.02,108,56.29014460795167,Medium,0
1397,2.201,547,253,772.0,165.78,0.0,108,61.061512269318065,Medium,0
1398,2.28,547,890,1767.0,165.78,1.02,108,57.91707212333146,Medium,0
1399,2.263,547,1984,4360.0,165.78,1.02,108,51.5124199115554,Medium,0
1400,2.239,547,68,345.0,165.78,1.02,108,62.13151768537494,Medium,0
1401,2.318,547,395,639.0,165.78,1.02,108,60.76357382799009,Medium,0
1402,2.063,547,1010,1917.0,165.78,1.02,108,57.3672419307075,Medium,0
1403,2.318,547,4580,12219.0,165.78,1.02,108,34.37676200880407,Low,0
1404,2.345,547,989,1879.0,165.78,1.02,108,57.47680892601412,Medium,0
1405,2.263,547,1568,3297.0,165.78,1.02,108,54.03528637200583,Medium,0
1406,2.259,547,1200,2489.0,165.78,1.02,108,56.11672213740662,Medium,0
1407,2.37,547,1039,2181.0,165.78,1.02,108,56.97566727390277,Medium,0
1408,2.357,547,2920,7774.0,165.78,1.02,108,44.6748064665646,Medium,0
1409,2.32,547,938,1701.0,165.78,1.02,108,57.84026223022038,Medium,0
1410,2.205,547,778,1566.0,165.78,1.02,108,58.4995362810523,Medium,0
1411,2.48,547,0,0.0,165.78,0.0,108,62.73841961852862,Medium,1
1412,2.355,547,693,1286.0,165.78,1.02,108,59.08636028225074,Medium,0
1413,2.25,547,450,866.0,165.78,1.02,108,60.33181367535276,Medium,0
1414,2.19,547,1072,2170.0,165.78,1.02,108,56.88381424165172,Medium,0
1415,0.0,730,0,0.0,348.0,1.05,288,50.27247956403269,Medium,1
1416,2.35,547,1006,2272.0,165.78,1.02,108,56.97664907825636,Medium,0
1417,2.724,547,700,1371.0,165.78,1.02,108,58.967675215257906,Medium,0
1418,0.0,547,0,0.0,165.78,0.0,108,62.73841961852862,Medium,1
1419,2.59,547,659,1034.0,165.78,1.02,108,59.48011453155069,Medium,0
1420,2.362,547,3244,6334.0,165.78,1.02,108,45.28598263986524,Medium,0
1421,2.39,547,2061,3413.0,165.78,1.02,108,52.34462981092209,Medium,0
1422,2.7,547,38,81.0,165.78,0.0,108,62.52625439751562,Medium,0
1423,2.63,547,0,0.0,165.78,1.02,108,62.73841961852862,Medium,1
1424,2.41,547,1,3.0,165.78,1.02,108,62.7318498921465,Medium,1
1425,2.343,730,1123,2219.0,443.52,1.05,288,44.20095073793422,Medium,0
1426,2.42,730,821,1398.0,443.52,1.05,288,46.08845742569442,Medium,0
1427,2.6,547,1,1.0,165.78,1.02,108,62.734121672843926,Medium,1
1428,3.456,730,0,0.0,443.52,1.05,288,50.27247956403269,Medium,1
1429,0.0,547,0,0.0,165.78,0.0,108,62.73841961852862,Medium,1
1430,2.39,547,1272,3747.0,165.78,1.02,108,54.46010409452923,Medium,0
1431,2.33,547,1487,3951.0,165.78,1.02,108,53.54854056615748,Medium,0
1432,2.448,547,3495,12427.0,165.78,1.02,108,37.57132685579636,Low,0
1433,2.294,547,1642,3859.0,165.78,1.02,108,53.16292390116447,Medium,0
1434,2.296,547,1940,5123.0,165.78,1.02,108,50.784866010265915,Medium,0
1435,2.24,547,0,0.0,165.78,0.0,108,62.73841961852862,Medium,1
1436,2.438,547,1197,2287.0,165.78,1.02,108,56.35565815385563,Medium,0
1437,2.701,547,961,2084.0,165.78,1.02,108,57.33248895393399,Medium,0
1438,2.282,547,174,284.0,165.78,1.02,108,61.865629131034105,Medium,0
1439,3.206,547,269,417.0,165.78,1.02,108,61.41416045773758,Medium,0
1440,2.616,547,583,1440.0,165.78,1.02,108,59.25925925550464,Medium,0
1441,2.38,547,1023,2155.0,165.78,1.02,108,57.05579330834494,Medium,0
1442,2.595,547,1192,2818.0,165.78,1.02,108,55.76831065536603,Medium,0
1443,2.23,547,460,910.0,165.78,1.02,108,60.25021394664947,Medium,0
1444,2.435,547,257,670.0,165.78,1.02,108,61.164724863543455,Medium,0
1445,2.591,547,373,738.0,165.78,1.02,108,60.72068590085827,Medium,0
1446,2.653,547,730,1375.0,165.78,1.02,108,58.86826999378398,Medium,0
1447,2.786,547,1108,2080.0,165.78,1.02,108,56.8722103809415,Medium,0
1448,2.53,547,429,976.0,165.78,1.02,108,60.27326889904908,Medium,0
1449,2.0,547,999,2359.0,165.78,1.02,108,56.89996100526965,Medium,0
1450,2.587,547,1364,2791.0,165.78,1.02,108,55.255106176994865,Medium,0
1451,2.95,547,0,0.0,165.78,0.0,108,62.73841961852862,Medium,1
1452,2.875,547,0,0.0,165.78,0.0,108,62.73841961852862,Medium,1
1453,3.277,547,206,528.0,165.78,1.02,108,61.48728611519585,Medium,0
1454,2.571,547,428,994.0,165.78,1.02,108,60.25598492810812,Medium,0
1455,3.323,547,473,876.0,165.78,1.02,108,60.24772749913831,Medium,0
1456,3.09,547,374,789.0,165.78,1.02,108,60.65959343773767,Medium,0
1457,2.45,547,462,831.0,165.78,1.02,108,60.333625173526286,Medium,0
1458,0.0,547,0,0.0,165.78,0.0,108,62.73841961852862,Medium,1
1459,0.0,547,0,0.0,165.78,0.0,108,62.73841961852862,Medium,1
1460,0.0,547,0,0.0,165.78,0.0,108,62.73841961852862,Medium,1
1461,0.0,547,0,0.0,325.12,0.0,32,62.73841961852862,Medium,1
1462,16.7375,547,0,0.0,321.6,0.0,32,62.73841961852862,Medium,1
1463,12.949,547,1778,2563.0,325.12,0.8,32,54.20499826741174,Medium,0
1464,12.854,547,167,247.0,325.12,0.8,32,61.92979146128847,Medium,0
1465,12.049,547,398,689.0,325.12,0.8,32,60.69729314454626,Medium,0
1466,12.517,547,2358,3139.0,325.12,0.8,32,51.71673333168832,Medium,0
1467,12.794,547,73,106.0,325.12,0.8,32,62.38718520203877,Medium,0
1468,13.88,0,0,0.0,0.0,0.0,0,100.0,High,2
1469,11.941,547,88,141.0,325.12,0.8,32,62.299998209794104,Medium,0
1470,14.78,547,278,384.0,325.12,0.8,32,61.423186341221566,Medium,0
1471,12.584,547,1558,2063.0,325.12,0.8,32,55.468595615683945,Medium,0
1472,12.353,547,764,960.0,325.12,0.8,32,59.23215460707917,Medium,0
1473,11.579,547,631,922.0,325.12,0.8,32,59.69587180001425,Medium,0
1474,13.289,547,202,258.0,325.12,0.8,32,61.80662473069367,Medium,0
1475,12.716,547,2387,3376.0,325.12,0.8,32,51.35582771429898,Medium,0
1476,10.807,547,1016,1551.0,325.12,0.8,32,57.7640054663226,Medium,0
1477,11.917,547,187,250.0,325.12,0.8,32,61.86314268352293,Medium,0
1478,10.93,547,1501,2240.0,325.12,0.8,32,55.447780178111,Medium,0
1479,12.685,547,2888,4338.0,325.12,0.8,32,48.67891147551178,Medium,0
1480,11.787,547,397,628.0,325.12,0.8,32,60.769744511154045,Medium,0
1481,13.152,547,247,470.0,325.12,0.8,32,61.4235234866468,Medium,0
1482,12.39,547,1,31.0,325.12,0.8,32,62.70004496238237,Medium,1
1483,11.795,547,2685,4086.0,325.12,0.8,32,49.60705307659038,Medium,0
1484,11.577,547,6325,12218.0,325.12,0.8,32,28.86011133788797,Low,0
1485,12.689,547,318,801.0,325.12,0.8,32,60.82303785236728,Medium,0
1486,12.585,547,264,397.0,325.12,0.8,32,61.45268854139177,Medium,0
1487,9.38,547,86,135.0,325.12,0.8,32,62.31313766255835,Medium,0
1488,0.0,547,0,0.0,325.12,0.0,32,62.73841961852862,Medium,1
1489,15.81,547,0,0.0,325.12,0.0,32,62.73841961852862,Medium,1
1490,10.063,547,163,294.0,325.12,0.8,32,61.88905283624258,Medium,0
1491,11.801,547,712,999.0,325.12,0.8,32,59.35228176094951,Medium,0
1492,12.249,547,996,1555.0,325.12,0.8,32,57.82270301164709,Medium,0
1493,12.301,547,246,261.0,325.12,0.8,32,61.66408662486491,Medium,0
1494,11.84,547,39,70.0,325.12,0.8,32,62.53558713601556,Medium,0
1495,10.947,547,41,44.0,325.12,0.8,32,62.558796174410304,Medium,0
1496,0.0,547,0,0.0,325.12,0.0,32,62.73841961852862,Medium,1
1497,14.402,547,21,57.0,325.12,0.8,32,62.60727070659633,Medium,1
1498,0.0,547,0,0.0,325.12,0.0,32,62.73841961852862,Medium,1
1499,13.194,365,146,309.0,404.64,1.2,36,74.323589585211,High,0
1500,13.354,365,233,596.0,441.72,1.44,36,73.72249024089957,High,0
1501,15.808,365,154,387.0,515.34,1.68,42,74.20969369532322,High,0
1502,0.0,365,0,0.0,0.0,0.0,0,75.13623978201633,High,2
1503,16.201,365,403,766.0,515.34,1.68,42,72.99183947450284,High,0
1504,0.0,365,0,0.0,0.0,0.0,0,75.13623978201633,High,2
1505,15.04,365,0,0.0,0.0,0.0,0,75.13623978201633,High,2
1506,0.0,365,0,0.0,0.0,0.0,0,75.13623978201633,High,2
1507,15.318,365,448,924.0,515.34,1.68,42,72.67007630928677,High,0
1508,14.919,365,944,2578.0,515.34,1.68,42,69.22293422586631,Medium,0
1509,15.316,365,187,407.0,515.34,1.68,42,74.08262806226189,High,0
1510,14.568,365,743,1747.0,515.34,1.68,42,70.8024322281809,High,0
1511,16.76,365,0,0.0,0.0,0.0,0,75.13623978201633,High,2
1512,17.113,365,1226,3392.0,441.72,1.44,36,67.40661987726652,Medium,0
1513,14.783,365,379,927.0,515.34,1.68,42,72.88485045642244,High,0
1514,16.333,365,286,545.0,515.34,1.68,42,73.61283171587789,High,0
1515,0.0,365,0,0.0,0.0,0.0,0,75.13623978201633,High,2
1516,0.0,365,0,0.0,0.0,0.0,0,75.13623978201633,High,2
1517,0.0,0,0,0.0,0.0,0.0,0,100.0,High,2
1518,0.0,0,0,0.0,0.0,0.0,0,100.0,High,2
1519,0.0,0,0,0.0,0.0,0.0,0,100.0,High,2
1520,0.0,0,0,0.0,0.0,0.0,0,100.0,High,2
1521,0.0,365,0,0.0,0.0,0.0,0,75.13623978201633,High,2
1522,14.692,365,467,1072.0,441.72,1.44,36,72.44188548629305,High,0
1523,0.0,365,0,0.0,0.0,0.0,0,75.13623978201633,High,2
1524,0.0,365,0,0.0,0.0,0.0,0,75.13623978201633,High,2
1525,0.0,365,0,0.0,0.0,0.0,0,75.13623978201633,High,2
1526,15.18,365,32,49.0,258.0,0.84,21,74.97939538417815,High,0
1527,14.683,365,136,171.0,257.67,0.84,21,74.5119630066938,High,0
1528,12.179,365,338,497.0,257.67,0.84,21,73.50292757514603,High,0
1529,16.369,365,217,262.0,257.67,0.84,21,74.15247050274701,High,0
1530,16.066,365,43,64.0,257.67,0.84,21,74.92757442025173,High,0
1531,16.192,365,287,404.0,257.67,0.84,21,73.76983019971122,High,0
1532,0.0,365,0,0.0,0.0,0.0,0,75.13623978201633,High,2
1533,0.0,365,0,0.0,0.0,0.0,0,75.13623978201633,High,2
1534,17.76,0,0,0.0,0.0,0.0,0,100.0,High,2
1535,17.02,365,0,0.0,338.4,0.96,24,75.13623978201633,High,1
1536,0.0,0,0,0.0,0.0,0.0,0,100.0,High,2
1537,19.63,365,0,0.0,338.4,0.96,24,75.13623978201633,High,1
1538,21.2,0,0,0.0,0.0,0.0,0,100.0,High,2
1539,0.0,365,0,0.0,299.67,0.0,21,75.13623978201633,High,1
1540,0.0,365,0,0.0,299.67,0.0,21,75.13623978201633,High,1
1541,0.0,365,0,0.0,256.86,0.0,18,75.13623978201633,High,1
1542,0.0,365,0,0.0,299.67,0.0,21,75.13623978201633,High,1
1543,0.0,365,0,0.0,299.67,0.0,21,75.13623978201633,High,1
1544,24.88,365,568,833.0,296.1,0.84,21,72.39399569070393,High,0
1545,15.131,365,150,188.0,296.1,0.84,21,74.44838409606204,High,0
1546,16.66,365,95,180.0,507.6,1.44,36,74.63138426233004,High,0
1547,0.0,365,0,0.0,299.67,0.0,21,75.13623978201633,High,1
1548,16.659,365,370,810.0,296.1,0.84,21,73.0462081252462,High,0
1549,0.0,365,0,0.0,299.67,0.0,21,75.13623978201633,High,1
1550,0.0,365,0,0.0,299.67,0.0,21,75.13623978201633,High,1
1551,0.0,365,0,0.0,299.67,0.0,21,75.13623978201633,High,1
1552,15.736,365,209,355.0,296.1,0.84,21,74.07212914300395,High,0
1553,18.054,365,77,116.0,296.1,0.84,21,74.76099824069546,High,0
1554,0.0,365,0,0.0,299.67,0.0,21,75.13623978201633,High,1
1555,19.76,365,0,0.0,296.1,0.84,21,75.13623978201633,High,1
1556,17.649,365,34,81.0,296.1,0.84,21,74.93672278234725,High,0
1557,0.0,365,0,0.0,299.67,0.0,21,75.13623978201633,High,1
1558,15.807,365,842,1144.0,296.1,0.84,21,71.17433063019719,High,0
1559,0.0,365,0,0.0,299.67,0.0,21,75.13623978201633,High,1
1560,23.6225,365,0,0.0,296.1,0.84,21,75.13623978201633,High,1
1561,20.3,365,0,0.0,299.67,0.0,21,75.13623978201633,High,1
1562,14.698,365,190,238.0,296.1,0.84,21,74.26510736518739,High,0
1563,18.1656,365,0,0.0,296.1,0.84,21,75.13623978201633,High,1
1564,0.0,365,0,0.0,299.67,0.0,21,75.13623978201633,High,1
1565,25.69,365,122,162.0,296.1,0.84,21,74.56645479453583,High,0
1566,17.634,365,109,144.0,296.1,0.84,21,74.62800754018035,High,0
1567,17.568,365,53,104.0,320.67,0.84,21,74.85051825294332,High,0
1568,20.45,365,180,389.0,549.72,1.44,36,74.1252084758906,High,0
1569,17.03,365,12,23.0,274.86,0.0,18,75.07216963996419,High,1
1570,0.0,365,0,0.0,641.34,0.0,42,75.13623978201633,High,1
1571,0.0,365,0,0.0,641.34,0.0,42,75.13623978201633,High,1
1572,16.201,365,162,447.0,641.34,1.68,42,74.11624383171237,High,0
1573,18.308,365,200,452.0,641.34,1.68,42,73.99040627720198,High,0
1574,16.879,365,373,600.0,641.34,1.68,42,73.27525893246913,High,0
1575,17.039,365,754,1555.0,641.34,1.68,42,70.98574056643918,High,0
1576,19.72,365,453,725.0,641.34,1.68,42,72.88030821200186,High,0
1577,14.658,365,490,910.0,641.34,1.68,42,72.55317245005814,High,0
1578,0.0,365,0,0.0,320.67,0.0,21,75.13623978201633,High,1
1579,0.0,365,0,0.0,641.34,0.0,42,75.13623978201633,High,1
1580,16.75,365,770,1980.0,641.34,1.68,42,70.45239428285839,High,0
1581,19.483,365,106,197.0,320.67,0.84,21,74.57729151770619,High,0
1582,15.355,365,1172,3211.0,641.34,1.68,42,67.78296701852682,Medium,0
1583,16.238,365,2713,7696.0,641.34,1.68,42,57.81577153179781,Medium,0
1584,14.082,365,1346,2988.0,641.34,1.68,42,67.48607293783252,Medium,0
1585,16.215,365,704,1584.0,641.34,1.68,42,71.11090251312476,High,0
1586,19.267,365,263,496.0,641.34,1.68,42,73.74121761569236,High,0
1587,0.0,365,0,0.0,641.34,0.0,42,75.13623978201633,High,1
1588,0.0,365,0,0.0,641.34,0.0,42,75.13623978201633,High,1
1589,0.0,365,0,0.0,641.34,0.0,42,75.13623978201633,High,1
1590,20.251,365,1596,3991.0,641.34,1.68,42,65.55626108407593,Medium,0
1591,5.204,547,1324,2983.0,293.76,1.05,72,55.163497443479685,Medium,0
1592,20.01,365,904,2159.0,641.34,1.68,42,69.82535449541804,Medium,0
1593,0.0,365,0,0.0,641.34,0.0,42,75.13623978201633,High,1
1594,14.941,365,532,786.0,641.34,1.68,42,72.56121652918856,High,0
1595,0.0,365,0,0.0,549.72,0.0,36,75.13623978201633,High,1
1596,15.322,365,112,310.0,641.34,1.68,42,74.42996357628519,High,0
1597,16.46,365,0,0.0,0.0,0.0,0,75.13623978201633,High,2
1598,0.0,365,0,0.0,641.34,0.0,42,75.13623978201633,High,1
1599,18.282,365,65,99.0,341.67,0.98,21,74.81825304065529,High,0
1600,20.738,365,249,442.0,621.72,1.8,36,73.84682446922672,High,0
1601,20.525,365,100,176.0,621.72,1.8,36,74.62011754704507,High,0
1602,0.0,365,0,0.0,621.72,0.0,36,75.13623978201633,High,1
1603,22.4125,365,0,0.0,621.72,1.8,36,75.13623978201633,High,1
1604,19.534,365,42,126.0,621.72,1.8,36,74.86031127396716,High,0
1605,19.315,365,372,707.0,621.72,1.8,36,73.15688072049224,High,0
1606,21.115,365,309,735.0,621.72,1.8,36,73.32428527689414,High,0
1607,18.795,365,271,382.0,621.72,1.8,36,73.8454126727585,High,0
1608,25.24,365,44,50.0,621.72,1.8,36,74.94031482979781,High,0
1609,0.0,365,0,0.0,621.72,0.0,36,75.13623978201633,High,1
1610,0.0,365,0,0.0,621.72,0.0,36,75.13623978201633,High,1
1611,0.0,365,0,0.0,657.72,0.0,36,75.13623978201633,High,1
1612,0.0,365,0,0.0,328.86,0.0,18,75.13623978201633,High,1
1613,19.42,365,22,29.0,657.72,0.0,36,75.0337337445122,High,1
1614,20.58,0,0,0.0,548.1,1.2,30,100.0,High,1
1615,16.57,0,0,0.0,548.1,0.0,30,100.0,High,1
1616,0.0,0,0,0.0,548.1,0.0,30,100.0,High,3
1617,26.21,0,0,0.0,548.1,0.0,30,100.0,High,1
1618,20.74,0,0,0.0,548.1,1.2,30,100.0,High,1
1619,21.824,365,94,159.0,548.1,1.2,30,74.6584000149891,High,0
1620,22.236,365,162,241.0,548.1,1.2,30,74.35023724354835,High,0
1621,0.0,0,0,0.0,578.1,1.2,30,100.0,High,3
1622,0.0,0,0,0.0,578.1,1.2,30,100.0,High,3
1623,2.942,547,2785,6293.0,226.8,1.02,108,46.78393754337218,Medium,0
1624,3.192,547,1732,3082.0,226.8,1.02,108,53.76092572188147,Medium,0
1625,3.115,547,221,361.0,226.8,1.02,108,61.629548973392275,Medium,0
1626,3.105,547,5008,15897.0,226.8,1.02,108,28.845597622423565,Low,0
1627,3.077,547,1408,2941.0,226.8,1.02,108,54.94559218990452,Medium,0
1628,3.234,547,983,1752.0,226.8,1.02,108,57.64003933231716,Medium,0
1629,3.103,547,526,788.0,226.8,1.02,108,60.1800969170192,Medium,0
1630,2.887,547,1558,3151.0,226.8,1.02,108,54.232746916278394,Medium,0
1631,2.88,547,1361,2392.0,226.8,1.02,108,55.71781259214139,Medium,0
1632,3.561,547,1785,3384.0,226.8,1.02,108,53.2502979037622,Medium,0
1633,3.072,547,3267,6794.0,226.8,1.02,108,44.69074580672754,Medium,0
1634,2.979,547,1937,3994.0,226.8,1.02,108,52.07677237997682,Medium,0
1635,2.849,547,2317,4390.0,226.8,1.02,108,50.42537877421638,Medium,0
1636,2.8,547,1820,3695.0,226.8,1.02,108,52.786364068551904,Medium,0
1637,2.933,547,4157,10751.0,226.8,1.02,108,37.38179844783722,Low,0
1638,3.67,547,2109,4368.0,226.8,1.02,108,51.1080758717696,Medium,0
1639,3.08,547,401,811.0,226.8,1.02,108,60.54922835599472,Medium,0
1640,2.78,547,393,879.0,226.8,1.02,108,60.49728425496962,Medium,0
1641,3.014,547,2930,5623.0,226.8,1.02,108,47.08648605329805,Medium,0
1642,2.736,547,1693,3295.0,226.8,1.02,108,53.64230123570722,Medium,0
1643,3.3,547,512,819.0,226.8,1.02,108,60.189153090912484,Medium,0
1644,2.999,547,1489,2952.0,226.8,1.02,108,54.67697091385516,Medium,0
1645,2.608,547,3028,6975.0,226.8,1.02,108,45.24088087890596,Medium,0
1646,3.04,547,1406,2882.0,226.8,1.02,108,55.01893383115082,Medium,0
1647,2.83,547,1343,2977.0,226.8,1.02,108,55.11023373418858,Medium,0
1648,0.0,547,0,0.0,220.32,0.0,108,62.73841961852862,Medium,1
1649,2.722,547,186,299.0,220.32,0.0,108,61.81064611177172,Medium,0
1650,2.72,547,3111,6427.0,226.8,1.02,108,45.600898197118234,Medium,0
1651,2.853,547,1551,3426.0,226.8,1.02,108,53.942511457732635,Medium,0
1652,3.08,547,1244,2154.0,226.8,1.02,108,56.35811496944465,Medium,0
1653,2.905,547,5793,22604.0,226.8,1.02,108,18.7449676148345,Low,0
1654,2.596,547,4907,13930.0,226.8,1.02,108,31.399261527285343,Low,0
1655,2.54,547,1854,3332.0,226.8,1.02,108,53.09118238371373,Medium,0
1656,2.955,547,2317,5420.0,226.8,1.02,108,49.25541171503649,Medium,0
1657,2.71,547,1611,3137.0,226.8,1.02,108,54.08106044835414,Medium,0
1658,4.37,547,1317,2840.0,226.8,1.02,108,55.34806415069817,Medium,0
1659,3.129,547,609,984.0,226.8,1.02,108,59.69501181578502,Medium,0
1660,3.26,547,1193,2210.0,226.8,1.02,108,56.45576993205081,Medium,0
1661,0.0,547,0,0.0,0.0,0.0,0,62.73841961852862,Medium,2
1662,2.95,547,1120,1841.0,226.8,1.02,108,57.10574351025357,Medium,0
1663,3.181,547,1163,2108.0,226.8,1.02,108,56.66649240769913,Medium,0
1664,3.01,547,0,0.0,226.8,1.02,108,62.73841961852862,Medium,1
1665,2.833,547,923,1695.0,226.8,1.02,108,57.894508402352216,Medium,0
1666,3.11,547,124,300.0,226.8,1.02,108,62.00555765225303,Medium,0
1667,2.774,547,741,1678.0,226.8,1.02,108,58.48931260942667,Medium,0
1668,3.115,547,176,455.0,226.8,1.02,108,61.665067770731326,Medium,0
1669,2.93,547,436,768.0,226.8,1.02,108,60.48739970423072,Medium,0
1670,2.956,547,390,680.0,226.8,1.02,108,60.732812600372476,Medium,0
1671,3.129,547,180,304.0,226.8,1.02,108,61.82393899204393,Medium,0
1672,3.898,547,188,335.0,226.8,1.02,108,61.76342994854591,Medium,0
1673,5.12,0,0,0.0,0.0,0.0,0,100.0,High,2
1674,3.718,547,642,1258.0,226.8,1.02,108,59.279430034149236,Medium,0
1675,3.503,547,2279,5341.0,226.8,1.02,108,49.465305155352034,Medium,0
1676,3.095,547,2170,4877.0,226.8,1.02,108,50.337022308777904,Medium,0
1677,3.107,547,637,1208.0,226.8,1.02,108,59.352034828265,Medium,0
1678,3.305,547,364,600.0,226.8,1.02,108,60.905897267005116,Medium,0
1679,0.0,547,0,0.0,220.32,0.0,108,62.73841961852862,Medium,1
1680,3.18,547,199,270.0,226.8,1.02,108,61.802480212516954,Medium,0
1681,2.808,547,377,687.0,226.8,1.02,108,60.765968087299036,Medium,0
1682,2.99,547,2165,5614.0,226.8,1.02,108,49.51568139845233,Medium,0
1683,2.88,547,159,400.0,226.8,1.02,108,61.78129668062231,Medium,0
1684,3.37,547,201,351.0,226.8,1.02,108,61.70414898359883,Medium,0
1685,4.55,547,0,0.0,220.32,0.0,108,62.73841961852862,Medium,1
1686,3.34,547,120,267.0,226.8,1.02,108,62.055690255104615,Medium,0
1687,3.21,547,957,1683.0,226.8,1.02,108,57.80062920511391,Medium,0
1688,3.41,547,524,871.0,220.32,0.0,108,60.09214212874752,Medium,0
1689,3.061,547,715,1242.0,226.8,1.02,108,59.066774240203046,Medium,0
1690,3.03,547,0,0.0,220.32,0.0,108,62.73841961852862,Medium,1
1691,0.0,0,0,0.0,0.0,0.0,0,100.0,High,2
1692,4.575,0,0,0.0,0.0,0.0,0,100.0,High,2
1693,3.93,0,0,0.0,0.0,0.0,0,100.0,High,2
1694,3.55,0,1,18.0,266.4,1.02,108,99.97639191838711,High,3
1695,4.7,0,0,0.0,0.0,0.0,108,100.0,High,2
1696,0.0,0,0,0.0,0.0,0.0,0,100.0,High,2
1697,5.423,547,1426,2442.0,277.56,1.02,108,55.45548447786752,Medium,0
1698,3.865,547,431,968.0,277.56,1.02,108,60.276031911166896,Medium,0
1699,0.0,365,0,0.0,730.8,0.0,36,75.13623978201633,High,1
1700,24.825,365,112,378.0,730.8,1.8,36,74.35272303257236,High,0
1701,18.016,365,373,723.0,730.8,1.8,36,73.13554441957679,High,0
1702,0.0,365,0,0.0,730.8,0.0,36,75.13623978201633,High,1
1703,14.96,365,24,45.0,730.8,1.8,36,75.00923538826078,High,0
1704,21.478,365,447,858.0,730.8,1.8,36,72.74820712763814,High,0
1705,20.015,365,440,833.0,730.8,1.8,36,72.79873877370788,High,0
1706,0.0,365,0,0.0,730.8,0.0,36,75.13623978201633,High,1
1707,0.0,365,0,0.0,730.8,0.0,36,75.13623978201633,High,1
1708,21.845,365,1172,2203.0,730.8,1.8,36,68.9279444900349,Medium,0
1709,27.3125,365,0,0.0,730.8,0.0,36,75.13623978201633,High,1
1710,0.0,365,0,0.0,730.8,0.0,36,75.13623978201633,High,1
1711,26.54,365,492,794.0,730.8,1.8,36,72.67861161983753,High,0
1712,21.37,365,0,0.0,730.8,1.8,36,75.13623978201633,High,1
1713,18.804,365,908,1501.0,730.8,1.8,36,70.56012212353082,High,0
1714,20.296,365,135,274.0,730.8,1.8,36,74.3981283561118,High,0
1715,23.691,365,197,286.0,730.8,1.8,36,74.18845024109713,High,0
1716,24.502,365,305,505.0,730.8,1.8,36,73.59818827844323,High,0
1717,4.253,547,635,1032.0,221.04,1.05,72,59.55827564031138,Medium,0
1718,0.0,547,0,0.0,0.0,0.0,0,62.73841961852862,Medium,2
1719,0.0,547,0,0.0,0.0,0.0,0,62.73841961852862,Medium,2
1720,4.303,547,184,263.0,221.04,1.05,72,61.85786227499751,Medium,0
1721,0.0,547,0,0.0,0.0,0.0,0,62.73841961852862,Medium,2
1722,4.04,547,409,839.0,221.04,1.05,72,60.49212698354286,Medium,0
1723,0.0,547,0,0.0,0.0,0.0,0,62.73841961852862,Medium,2
1724,4.309,547,1134,2246.0,221.04,1.05,72,56.60143914431907,Medium,0
1725,4.456,547,617,1060.0,221.04,1.05,72,59.58338770659468,Medium,0
1726,4.79,547,166,303.0,221.04,1.05,72,61.86934365709621,Medium,0
1727,4.48,547,1,1.0,221.04,0.0,72,62.734121672843926,Medium,1
1728,0.0,547,0,0.0,0.0,0.0,0,62.73841961852862,Medium,2
1729,0.0,547,0,0.0,0.0,0.0,0,62.73841961852862,Medium,2
1730,0.0,547,0,0.0,0.0,0.0,0,62.73841961852862,Medium,2
1731,0.0,547,0,0.0,0.0,0.0,0,62.73841961852862,Medium,2
1732,5.1,547,0,0.0,221.04,1.05,72,62.73841961852862,Medium,1
1733,4.942,547,355,594.0,221.04,1.05,72,60.94117110712115,Medium,0
1734,4.61,547,173,320.0,221.04,1.05,72,61.82789913381621,Medium,0
1735,4.321,547,441,849.0,221.04,1.05,72,60.379582309304695,Medium,0
1736,4.642,547,153,268.0,221.04,1.05,72,61.95020653866894,Medium,0
1737,5.42,0,0,0.0,0.0,0.0,0,100.0,High,2
1738,0.0,547,0,0.0,0.0,0.0,0,62.73841961852862,Medium,2
1739,0.0,547,0,0.0,0.0,0.0,0,62.73841961852862,Medium,2
1740,0.0,547,0,0.0,0.0,0.0,0,62.73841961852862,Medium,2
1741,4.87,547,735,1095.0,221.04,1.05,72,59.17050901474528,Medium,0
1742,0.0,547,0,0.0,0.0,0.0,0,62.73841961852862,Medium,2
1743,5.8875,547,0,0.0,0.0,0.0,0,62.73841961852862,Medium,2
1744,4.635,547,153,397.0,221.04,1.05,72,61.80367668368427,Medium,0
1745,0.0,547,0,0.0,0.0,0.0,0,62.73841961852862,Medium,2
1746,5.7125,547,0,0.0,0.0,0.0,0,62.73841961852862,Medium,2
1747,4.16,547,49,96.0,221.04,1.05,72,62.474433433589205,Medium,0
1748,4.54,547,0,0.0,0.0,0.0,0,62.73841961852862,Medium,2
1749,4.04,547,9,60.0,221.04,1.05,72,62.6418076995818,Medium,1
1750,0.0,547,0,0.0,0.0,0.0,0,62.73841961852862,Medium,2
1751,4.73,547,0,0.0,221.04,1.05,72,62.73841961852862,Medium,1
1752,4.325,547,0,0.0,221.04,1.05,72,62.73841961852862,Medium,1
1753,4.24,547,0,0.0,221.04,1.05,72,62.73841961852862,Medium,1
1754,4.76,547,0,0.0,221.04,1.05,72,62.73841961852862,Medium,1
1755,4.74,547,0,0.0,221.04,1.05,72,62.73841961852862,Medium,1
1756,0.0,547,0,0.0,0.0,0.0,0,62.73841961852862,Medium,2
1757,8.82,547,550,1059.0,221.04,1.05,72,59.796381304453284,Medium,0
1758,4.866,547,555,1036.0,261.54,1.05,72,59.806696505793965,Medium,0
1759,4.532,547,189,314.0,261.54,1.05,72,61.78412159053303,Medium,0
1760,4.422,547,354,682.0,261.54,1.05,72,60.844374811769896,Medium,0
1761,5.092,547,1028,1967.0,261.54,1.05,72,57.253530417224155,Medium,0
1762,0.0,547,0,0.0,0.0,0.0,0,62.73841961852862,Medium,2
1763,4.69,547,623,1018.0,261.54,1.05,72,59.61212276922505,Medium,0
1764,5.82,547,393,654.0,261.54,1.05,72,60.75285958343125,Medium,0
1765,0.0,547,0,0.0,0.0,0.0,0,62.73841961852862,Medium,2
1766,5.3613,547,0,0.0,0.0,0.0,0,62.73841961852862,Medium,2
1767,4.948,547,214,464.0,261.54,1.05,72,61.53468665482607,Medium,0
1768,4.625,547,779,1199.0,261.54,1.05,72,58.91324598369596,Medium,0
1769,4.718,547,1062,1904.0,261.54,1.05,72,57.21758162777048,Medium,0
1770,0.0,547,0,0.0,0.0,0.0,0,62.73841961852862,Medium,2
1771,4.818,547,426,654.0,261.54,1.05,72,60.648511757344295,Medium,0
1772,5.344,547,290,492.0,261.54,1.05,72,61.26256551952836,Medium,0
1773,0.0,547,0,0.0,0.0,0.0,0,62.73841961852862,Medium,2
1774,0.0,547,0,0.0,0.0,0.0,0,62.73841961852862,Medium,2
1775,4.837,547,408,913.0,261.54,1.05,72,60.41123315307366,Medium,0
1776,5.138,547,602,954.0,261.54,1.05,72,59.751222913598355,Medium,0
1777,0.0,547,0,0.0,0.0,0.0,0,62.73841961852862,Medium,2
1778,0.0,547,0,0.0,0.0,0.0,0,62.73841961852862,Medium,2
1779,0.0,547,0,0.0,0.0,0.0,0,62.73841961852862,Medium,2
1780,5.0,547,0,0.0,0.0,0.0,0,62.73841961852862,Medium,2
1781,0.0,547,0,0.0,261.54,1.05,72,62.73841961852862,Medium,1
1782,4.943,547,623,994.0,261.54,1.05,72,59.639384137594284,Medium,0
1783,6.471,547,880,1138.0,261.54,1.05,72,58.66316770603497,Medium,0
1784,5.09,547,588,938.0,261.54,1.05,72,59.81366593388141,Medium,0
1785,0.0,547,0,0.0,0.0,0.0,0,62.73841961852862,Medium,2
1786,4.923,547,1359,2375.0,261.54,1.05,72,55.74344683874154,Medium,0
1787,0.0,547,0,0.0,0.0,0.0,0,62.73841961852862,Medium,2
1788,0.0,547,0,0.0,293.76,0.0,72,62.73841961852862,Medium,1
1789,5.561,547,1477,2833.0,293.76,1.05,72,54.85008652938427,Medium,0
1790,5.41,547,589,1031.0,293.76,1.05,72,59.70486607611463,Medium,0
1791,5.557,547,1309,2078.0,293.76,1.05,72,56.238909039109295,Medium,0
1792,0.0,547,0,0.0,293.76,0.0,72,62.73841961852862,Medium,1
1793,0.0,547,0,0.0,293.76,0.0,72,62.73841961852862,Medium,1
1794,5.674,547,881,1287.0,293.76,1.05,72,58.49075798873997,Medium,0
1795,5.353,547,334,665.0,293.76,1.05,72,60.92692605441747,Medium,0
1796,5.212,547,616,1223.0,293.76,1.05,72,59.40139963508957,Medium,0
1797,6.31,547,858,1456.0,293.76,1.05,72,58.371519792533846,Medium,0
1798,5.552,547,462,1287.0,293.76,1.05,72,59.81565917451073,Medium,0
1799,5.647,547,404,824.0,293.76,1.05,72,60.52497561545348,Medium,0
1800,0.0,547,0,0.0,293.76,0.0,72,62.73841961852862,Medium,1
1801,0.0,547,0,0.0,293.76,0.0,72,62.73841961852862,Medium,1
1802,4.784,547,475,885.0,293.76,1.05,72,60.23118037532791,Medium,0
1803,4.789,547,1156,1996.0,293.76,1.05,72,56.81584651410736,Medium,0
1804,5.47,547,257,331.0,293.76,1.05,72,61.54979169175897,Medium,0
1805,5.62,547,985,1854.0,293.76,1.05,72,57.51785440607596,Medium,0
1806,0.0,547,0,0.0,293.76,0.0,72,62.73841961852862,Medium,1
1807,5.241,547,508,974.0,293.76,1.05,72,60.025738308205014,Medium,0
1808,6.203,547,164,320.0,293.76,1.05,72,61.856357631839934,Medium,0
1809,5.314,547,826,1358.0,293.76,1.05,72,58.58402281745923,Medium,0
1810,5.294,547,2754,5918.0,293.76,1.05,72,47.30792013955657,Medium,0
1811,4.38,547,145,385.0,293.76,1.05,72,61.84260381055664,Medium,0
1812,0.0,547,0,0.0,293.76,0.0,72,62.73841961852862,Medium,1
1813,5.425,547,244,360.0,293.76,1.05,72,61.557957591013725,Medium,0
1814,5.447,547,318,465.0,293.76,1.05,72,61.20469700953664,Medium,0
1815,0.0,547,0,0.0,293.76,0.0,72,62.73841961852862,Medium,1
1816,21.27,547,0,0.0,293.76,0.0,72,62.73841961852862,Medium,1
1817,5.058,547,1724,3165.0,293.76,1.05,72,53.69194326562558,Medium,0
1818,5.93,547,399,491.0,293.76,1.05,72,60.919037378256526,Medium,0
1819,0.0,547,0,0.0,293.76,0.0,72,62.73841961852862,Medium,1
1820,6.138,547,1356,2489.0,293.76,1.05,72,55.623441504995554,Medium,0
1821,5.1,547,1,1.0,293.76,1.05,72,62.734121672843926,Medium,1
1822,5.238,547,518,881.0,293.76,1.05,72,60.09975555727613,Medium,0
1823,0.0,547,0,0.0,293.76,0.0,72,62.73841961852862,Medium,1
1824,5.08,547,1,1.0,293.76,1.05,72,62.734121672843926,Medium,1
1825,5.31,547,505,749.0,293.76,1.05,72,60.29079980267454,Medium,0
1826,0.0,547,0,0.0,293.76,0.0,72,62.73841961852862,Medium,1
1827,0.0,0,0,0.0,0.0,0.0,0,100.0,High,2
1828,4.564,547,2198,4567.0,293.76,1.05,72,50.60061076747346,Medium,0
1829,0.0,0,0,0.0,0.0,1.19,72,100.0,High,3
1830,5.623,547,264,552.0,293.76,1.05,72,61.276625537340436,Medium,0
1831,0.0,547,0,0.0,293.76,0.0,72,62.73841961852862,Medium,1
1832,6.06,547,146,279.0,293.76,0.0,72,61.959846132184815,Medium,0
1833,4.89,547,354,726.0,293.76,1.05,72,60.79439563642629,Medium,0
1834,5.563,547,209,342.0,293.76,1.05,72,61.68907555404955,Medium,0
1835,5.38,547,198,365.0,293.76,1.05,72,61.697732684724684,Medium,0
1836,5.099,547,130,160.0,293.76,1.05,72,62.14560996905778,Medium,0
1837,5.216,547,165,277.0,293.76,1.05,72,61.90203886149885,Medium,0
1838,0.0,547,0,0.0,293.76,0.0,72,62.73841961852862,Medium,1
1839,5.465,547,7,68.0,293.76,1.05,72,62.639044687463986,Medium,1
1840,7.2,547,0,0.0,293.76,1.05,72,62.73841961852862,Medium,1
1841,0.0,547,0,0.0,293.76,0.0,72,62.73841961852862,Medium,1
1842,0.0,547,2,3.0,290.88,0.0,72,62.72868783681053,Medium,1
1843,7.208,547,275,380.0,293.76,1.05,72,61.43721606862434,Medium,0
1844,6.546,547,1195,1938.0,293.76,1.05,72,56.75840799623026,Medium,0
1845,5.477,547,1114,1670.0,293.76,1.05,72,57.31895309190021,Medium,0
1846,0.0,547,0,0.0,293.76,0.0,72,62.73841961852862,Medium,1
1847,5.617,547,316,406.0,293.76,1.05,72,61.27803865078296,Medium,0
1848,0.0,547,0,0.0,0.0,0.0,0,62.73841961852862,Medium,2
1849,0.0,547,0,0.0,0.0,0.0,0,62.73841961852862,Medium,2
1850,0.0,365,0,0.0,0.0,0.0,0,75.13623978201633,High,2
1851,0.0,547,0,0.0,0.0,0.0,0,62.73841961852862,Medium,2
1852,7.28,547,0,0.0,0.0,0.0,0,62.73841961852862,Medium,2
1853,9.98,547,0,0.0,195.84,0.72,32,62.73841961852862,Medium,1
1854,8.535,547,124,154.0,195.84,0.72,32,62.1713976431659,Medium,0
1855,8.25,547,3,3.0,195.84,0.72,32,62.72552578147456,Medium,1
1856,0.0,547,0,0.0,0.0,0.0,0,62.73841961852862,Medium,2
1857,8.92,547,185,220.0,195.84,0.72,32,61.90354350465643,Medium,0
1858,0.0,547,0,0.0,0.0,0.0,0,62.73841961852862,Medium,2
1859,9.564,547,0,0.0,195.84,0.72,32,62.73841961852862,Medium,1
1860,7.544,547,66,88.0,195.84,0.72,32,62.429765615667485,Medium,0
1861,8.72,547,66,86.0,195.84,0.72,32,62.432037396364926,Medium,0
1862,13.266,547,415,598.0,227.2,0.72,32,60.746904225568166,Medium,0
1863,0.0,547,0,0.0,0.0,0.0,0,62.73841961852862,Medium,2
1864,0.0,547,0,0.0,0.0,0.0,0,62.73841961852862,Medium,2
1865,0.0,547,0,0.0,0.0,0.0,0,62.73841961852862,Medium,2
1866,0.0,547,0,0.0,0.0,0.0,0,62.73841961852862,Medium,2
1867,10.141,547,49,58.0,243.84,0.72,32,62.5175972668405,Medium,0
1868,9.496,547,645,1007.0,243.84,0.72,32,59.555052345669644,Medium,0
1869,9.547,547,866,3163.0,243.84,0.72,32,56.4072585245839,Medium,0
1870,8.138,547,21,46.0,243.84,0.0,32,62.61976550043224,Medium,1
1871,10.99,547,258,755.0,243.84,0.72,32,61.06501212856642,Medium,0
1872,0.0,547,0,0.0,243.84,0.0,32,62.73841961852862,Medium,1
1873,0.0,547,0,0.0,243.84,0.0,32,62.73841961852862,Medium,1
1874,9.014,547,47,59.0,243.84,0.72,32,62.52278548716372,Medium,0
1875,10.33,547,0,0.0,243.84,0.0,32,62.73841961852862,Medium,1
1876,0.0,547,0,0.0,243.84,0.0,32,62.73841961852862,Medium,1
1877,0.0,547,0,0.0,243.2,0.0,32,62.73841961852862,Medium,1
1878,9.274,547,328,378.0,261.12,0.72,32,61.271898916515454,Medium,0
1879,8.823,547,5048,9631.0,261.12,0.72,32,35.83660433405393,Low,0
1880,9.298,547,372,507.0,261.12,0.72,32,60.98623862674818,Medium,0
1881,0.0,547,0,0.0,259.2,0.0,32,62.73841961852862,Medium,1
1882,9.597,547,412,616.0,261.12,0.72,32,60.73594436529915,Medium,0
1883,9.717,547,1124,1810.0,261.12,0.72,32,57.12830788971996,Medium,0
1884,0.0,547,0,0.0,261.12,0.0,32,62.73841961852862,Medium,1
1885,9.52,547,89,151.0,261.12,0.72,32,62.285477250970956,Medium,0
1886,9.032,547,454,593.0,261.12,0.72,32,60.62926351920899,Medium,0
1887,9.23,547,192,221.0,261.12,0.72,32,61.88027322695593,Medium,0
1888,21.84,547,337,569.0,261.12,0.72,32,61.02648536188653,Medium,0
1889,10.824,547,211,578.0,277.12,0.72,32,61.41468132108009,Medium,0
1890,13.428,547,0,0.0,277.12,0.72,32,62.73841961852862,Medium,1
1891,11.174,547,201,264.0,293.12,0.8,32,61.802971443937324,Medium,0
1892,10.783,547,261,798.0,293.12,0.8,32,61.00668267756364,Medium,0
1893,11.81,547,0,0.0,293.12,0.8,32,62.73841961852862,Medium,1
1894,0.0,0,0,0.0,15.0,0.15,1,100.0,High,2
1895,1.847,730,1489,3475.0,348.48,0.9,288,41.616960206979556,Medium,0
1896,0.0,547,19,3060.0,105.6,1.56,1920,59.2025161000671,Medium,0
1897,0.17,547,0,0.0,105.6,1.56,1920,62.73841961852862,Medium,1
1898,0.12,547,11,1740.0,105.6,0.6,1920,60.72718780306305,Medium,0
1899,0.005,547,0,0.0,106.0,1.12,1920,62.73841961852862,Medium,1
1900,0.18,547,27,3360.0,105.6,1.56,1920,58.83645255276385,Medium,0
1901,0.0,547,17,1620.0,105.6,1.56,1920,60.84452231289343,Medium,0
1902,0.044,547,24,3060.0,105.6,0.0,1920,59.18670582338726,Medium,0
1903,0.1875,547,0,0.0,106.0,1.12,1920,62.73841961852862,Medium,1
1904,0.006,547,21,3780.0,105.6,1.56,1920,58.37835093831796,Medium,0
1905,0.19,547,14,1500.0,105.6,1.56,1920,60.99031532074755,Medium,0
1906,0.16,547,11,1620.0,105.6,0.0,1920,60.86349464490925,Medium,0
1907,0.1,547,10,1260.0,105.6,1.56,1920,61.27557722578383,Medium,0
1908,0.01,547,10,900.0,105.6,1.56,1920,61.68449775132243,Medium,0
1909,0.0,547,0,0.0,106.0,1.12,1920,62.73841961852862,Medium,1
1910,0.0,547,0,0.0,106.0,1.12,1920,62.73841961852862,Medium,1
1911,0.18,547,17,2160.0,105.6,0.0,1920,60.23114152458554,Medium,0
1912,0.031,547,16,1800.0,105.6,1.56,1920,60.643224105460106,Medium,0
1913,0.114,547,15,3560.0,105.6,1.56,1920,58.64721914705181,Medium,0
1914,0.0,547,0,0.0,105.6,0.0,1920,62.73841961852862,Medium,1
1915,0.0,547,0,0.0,105.6,0.0,1920,62.73841961852862,Medium,1
1916,0.19,547,75,1905.0,105.6,0.0,1920,60.33739435402256,Medium,0
1917,0.0,547,0,0.0,105.6,0.0,1920,62.73841961852862,Medium,1
1918,0.0,547,0,0.0,105.6,0.0,1920,62.73841961852862,Medium,1
1919,0.18,547,0,0.0,105.6,0.0,1920,62.73841961852862,Medium,1
1920,0.0,547,0,0.0,105.6,0.0,1920,62.73841961852862,Medium,1
1921,0.0,547,0,0.0,105.6,1.56,1920,62.73841961852862,Medium,1
1922,0.18,547,3,660.0,105.6,0.0,1920,61.9792458223666,Medium,3
1923,0.17,547,77,3750.0,105.6,0.0,1920,58.23535254996528,Medium,0
1924,0.18,547,0,0.0,105.6,1.56,1920,62.73841961852862,Medium,1
1925,0.2,547,0,0.0,105.6,1.56,1920,62.73841961852862,Medium,1
1926,0.0276,547,18,2460.0,105.6,1.56,1920,59.88721236463407,Medium,0
1927,0.0,547,0,0.0,105.6,0.0,1920,62.73841961852862,Medium,1
1928,0.0,547,0,0.0,105.6,0.0,1920,62.73841961852862,Medium,1
1929,0.017,547,10,780.0,105.6,0.0,1920,61.820804593168624,Medium,3
1930,0.013,547,2,900.0,105.6,0.0,1920,61.70979419401017,Medium,3
1931,0.0552,547,0,0.0,105.6,1.56,1920,62.73841961852862,Medium,1
1932,0.18,547,12,1500.0,105.6,1.56,1920,60.99663943141949,Medium,0
1933,0.038,547,0,0.0,105.6,1.56,1920,62.73841961852862,Medium,1
1934,0.011,547,18,2820.0,105.6,1.56,1920,59.478291839095476,Medium,0
1935,0.063,547,7,840.0,105.6,0.0,1920,61.76213733825343,Medium,3
1936,0.0,730,0,0.0,362.88,0.0,3456,50.27247956403269,Medium,1
1937,0.0,730,0,0.0,362.88,0.0,3456,50.27247956403269,Medium,1
1938,0.0,730,0,0.0,362.88,0.0,3456,50.27247956403269,Medium,1
1939,0.0,730,0,0.0,362.88,1.2,3456,50.27247956403269,Medium,1
1940,0.0,730,0,0.0,362.88,0.0,3456,50.27247956403269,Medium,1
1941,0.0,730,0,0.0,524.16,0.0,3456,50.27247956403269,Medium,1
1942,0.0,730,0,0.0,362.88,0.0,3456,50.27247956403269,Medium,1
1943,0.0,730,0,0.0,362.88,0.0,3456,50.27247956403269,Medium,1
1944,0.216,730,0,0.0,362.88,0.0,3456,50.27247956403269,Medium,1
1945,2.94,547,0,0.0,165.78,0.0,108,62.73841961852862,Medium,1
1946,1.2,547,0,0.0,197.76,0.0,384,62.73841961852862,Medium,1
1947,3.0684,547,0,0.0,165.78,1.02,108,62.73841961852862,Medium,1
1948,0.97,547,0,0.0,207.68,1.0,384,62.73841961852862,Medium,1
1949,12.948,547,0,0.0,293.12,0.8,32,62.73841961852862,Medium,1
1950,5.172,547,0,0.0,221.04,1.05,72,62.73841961852862,Medium,1
1951,14.172,547,0,0.0,293.12,0.8,32,62.73841961852862,Medium,1
1952,5.712,547,0,0.0,221.04,1.05,72,62.73841961852862,Medium,1
1953,11.304,547,0,0.0,243.84,0.72,32,62.73841961852862,Medium,1
1954,2.832,547,0,0.0,165.78,1.02,108,62.73841961852862,Medium,1
1955,1.2938,547,0,0.0,197.76,0.0,384,62.73841961852862,Medium,1
1956,3.072,547,0,0.0,165.78,1.02,108,62.73841961852862,Medium,1
1957,1.272,547,0,0.0,207.68,1.0,384,62.73841961852862,Medium,1
1958,0.0,730,0,0.0,362.88,0.0,3456,50.27247956403269,Medium,1
1959,0.16,0,116,816.0,252.0,1.0,200,98.7063150564735,High,3
1960,0.34,547,112,790.0,126.0,0.0,100,61.48691604541266,Medium,0
1961,0.243,0,54,374.0,198.0,1.02,180,99.40442602143705,High,3
1962,1.4988,547,0,0.0,257.6,1.0,384,62.73841961852862,Medium,1
1963,1.4712,547,0,0.0,257.6,1.0,384,62.73841961852862,Medium,1
1964,1.2,547,0,0.0,211.2,0.0,384,62.73841961852862,Medium,1
1965,3.5,547,0,0.0,189.0,0.0,108,62.73841961852862,Medium,1
1966,0.0,730,0,0.0,311.04,0.0,3456,50.27247956403269,Medium,1
1967,0.215,730,0,0.0,311.04,0.0,3456,50.27247956403269,Medium,1
1968,0.0,730,0,0.0,311.04,0.0,3456,50.27247956403269,Medium,1
1969,0.0,547,0,0.0,189.0,0.0,108,62.73841961852862,Medium,1
1970,1.482,547,0,0.0,257.6,1.0,384,62.73841961852862,Medium,1
1971,4.32,547,0,0.0,243.0,0.0,108,62.73841961852862,Medium,1
1972,4.26,547,0,0.0,243.0,1.02,108,62.73841961852862,Medium,1
1973,4.4575,547,0,0.0,59.4,0.0,108,62.73841961852862,Medium,1
1974,1.452,547,0,0.0,207.68,1.0,384,62.73841961852862,Medium,1
1975,0.0,730,0,0.0,311.04,0.0,3456,50.27247956403269,Medium,1
1976,1.78,730,374,601.0,348.48,0.9,288,48.407200768800806,Medium,0
1977,1.778,730,2243,4613.0,348.48,0.9,288,37.94012726681794,Low,0
1978,1.89,730,2206,4050.0,348.48,0.9,288,38.69662958057719,Low,0
1979,2.38,0,0,0.0,0.0,0.0,0,100.0,High,2
1980,1.84,730,1126,2389.0,348.48,0.9,288,43.9983632126442,Medium,0
1981,1.977,730,435,854.0,348.48,0.9,288,47.926935135080996,Medium,0
1982,1.927,730,511,1028.0,348.48,0.9,288,47.48897400887041,Medium,0
1983,1.77,730,372,624.0,348.48,0.9,288,48.38739940145222,Medium,0
1984,2.8,547,33,160.0,168.48,0.45,144,62.45232933664672,Medium,0
1985,3.37,0,0,0.0,0.0,0.0,0,100.0,High,2
1986,4.725,547,105,209.0,168.48,0.45,144,62.16900272536981,Medium,0
1987,2.5438,0,0,0.0,0.0,0.0,288,100.0,High,3
1988,0.17,547,0,0.0,97.9,1.2,1920,62.73841961852862,Medium,1
1989,0.17,547,17,1800.0,105.6,1.56,1920,60.64006205012413,Medium,0
1990,0.0,547,0,0.0,106.0,1.19,1920,62.73841961852862,Medium,1
1991,0.04,547,6,900.0,105.6,0.0,1920,61.6971459726663,Medium,3
1992,0.0,0,8,287.0,60.0,0.54,300,99.6487030272301,High,3
1993,0.0,0,31,356.0,480.0,2.16,6000,99.49759932044127,High,3
1994,0.0,0,0,0.0,60.0,0.54,900,100.0,High,3
1995,0.043,0,5,1454.0,60.0,0.54,900,98.33260515628369,High,3
1996,0.0,0,0,0.0,60.0,0.54,900,100.0,High,3
1997,0.0,0,0,0.0,60.0,0.54,900,100.0,High,3
1998,0.0,0,0,0.0,60.0,0.54,900,100.0,High,3
1999,0.17,0,65,1027.0,241.92,2.16,3456,98.62790701502833,High,3
2000,0.76,0,0,0.0,73.6,0.6,1600,100.0,High,3
2001,0.0,0,0,0.0,60.0,0.54,900,100.0,High,3
2002,0.76,0,1,6.0,144.0,2.16,1600,99.99002260257173,High,3
2003,1.62,0,0,0.0,60.0,0.54,600,100.0,High,3
2004,0.0,0,2,9.0,60.0,0.54,600,99.9834528761896,High,3
2005,0.0,0,6,978.0,60.0,0.54,600,98.87012690693766,High,3
2006,0.0,0,0,0.0,60.0,0.54,600,100.0,High,3
2007,0.0,0,0,0.0,60.0,0.54,600,100.0,High,3
2008,4.4,547,0,0.0,264.0,1.18,108,62.73841961852862,Medium,1
2009,0.81,0,4,100.0,252.0,1.0,200,99.87376274378428,High,3
2010,0.82,0,4,100.0,252.0,1.0,200,99.87376274378428,High,3
2011,0.0,0,2,70.0,252.0,1.0,200,99.91416356491779,High,3
2012,0.0,0,1,20.0,252.0,1.0,200,99.97412013768967,High,3
2013,0.0,0,0,0.0,252.0,0.0,200,100.0,High,3
2014,23.9875,365,0,0.0,548.0,1.13,30,75.13623978201633,High,1
2015,0.2,547,11,900.0,98.0,1.59,1920,61.68133569598646,Medium,0
2016,6.825,547,0,0.0,293.76,1.05,72,62.73841961852862,Medium,1
2017,0.0,730,0,0.0,573.696,0.0,576,50.27247956403269,Medium,1
2018,0.0,547,0,0.0,189.0,1.18,108,62.73841961852862,Medium,1
2019,2.827,547,1360,2383.0,226.8,1.02,108,55.73119766061583,Medium,0
2020,3.735,547,404,938.0,221.04,1.05,72,60.395484115699595,Medium,0
2021,11.743,547,190,377.0,325.12,0.8,32,61.709398443227805,Medium,0
2022,1.489,547,2134,4025.0,147.6,1.17,180,51.418634877980786,Medium,0
2023,1.55,0,0,0.0,0.0,0.0,0,100.0,High,2
2024,3.441,547,142,262.0,226.8,1.02,108,61.99180448945689,Medium,0
2025,16.502,547,161,245.0,147.24,0.48,12,61.951035574001715,Medium,0
2026,0.0,547,0,0.0,188.0,1.18,72,62.73841961852862,Medium,1
2027,3.508,547,293,526.0,221.04,1.05,72,61.21445908166403,Medium,0
2028,1.96,730,908,1688.0,336.96,0.9,288,45.483950410336845,Medium,0
2029,1.87,730,1767,3030.0,336.96,0.9,288,41.243380028760015,Medium,0
2030,1.66,730,2340,4603.0,336.96,0.9,288,37.644766802716184,Low,0
2031,1.25,547,561,1428.0,207.68,1.0,384,59.342455157080565,Medium,0
2032,1.801,730,1096,2173.0,336.96,0.9,288,44.3385771880464,Medium,0
2033,0.192,547,0,0.0,105.6,1.56,1920,62.73841961852862,Medium,1
2034,13.342,547,312,484.0,257.67,0.84,21,61.20208742492681,Medium,0
2035,0.035,547,0,0.0,98.0,1.19,1920,62.73841961852862,Medium,1
2036,0.033,547,3,1020.0,98.0,1.19,1920,61.570325296828,Medium,0
2037,0.043,547,75,2390.0,98.0,1.19,1920,59.786487534894164,Medium,0
2038,16.52,547,45,50.0,293.12,0.8,32,62.53933261097412,Medium,0
2039,6.339,547,15,87.0,261.54,1.05,72,62.59216632815059,Medium,0
2040,8.54,0,0,0.0,0.0,0.0,0,100.0,High,2
2041,4.39,547,70,111.0,226.8,1.02,108,62.390991916303086,Medium,0
2042,15.94,547,23,31.0,325.12,0.8,32,62.63047974499108,Medium,1
2043,18.199,547,14,28.0,325.12,0.8,32,62.66234591406095,Medium,1
2044,6.98,547,37,73.0,293.76,1.05,72,62.53850357564134,Medium,0
2045,14.71,547,11,16.0,293.12,0.8,32,62.685462764253465,Medium,1
2046,6.12,547,5,45.0,261.54,1.05,72,62.671494276156444,Medium,1
2047,7.27,547,18,19.0,261.54,1.05,72,62.659920705855534,Medium,1
2048,3.68,547,39,75.0,226.8,1.02,108,62.52990768427197,Medium,0
2049,2.55,547,32,72.0,165.78,1.02,108,62.55544974266991,Medium,0
2050,4.84,547,19,31.0,226.8,1.02,108,62.643127966334944,Medium,1
2051,1.76,730,1317,3129.0,336.96,0.9,288,42.553851785422665,Medium,0
2052,3.5,0,13,162.0,16.2,0.5,180,99.77487904414004,High,3
2053,3.5,0,10,116.0,16.2,0.5,180,99.836616166189,High,3
2054,3.5,0,13,198.0,16.2,0.5,180,99.73398699158618,High,3
2055,3.5,0,16,283.0,16.2,0.5,180,99.62795014593722,High,3
2056,0.0,547,8,1020.0,105.6,1.56,1920,61.55451502014816,Medium,0
2057,15.38,365,0,0.0,300.0,0.84,21,75.13623978201633,High,1
2058,0.93,730,0,0.0,88.7,0.9,144,50.27247956403269,Medium,1
2059,9.304,547,237,287.0,225.6,0.72,32,61.663011973821945,Medium,0
2060,16.53,365,8,14.0,341.67,0.98,21,75.09504087444654,High,1
2061,13.67,365,0,0.0,300.0,0.84,21,75.13623978201633,High,1
2062,17.97,365,0,0.0,341.67,0.98,21,75.13623978201633,High,1
2063,9.29,547,1587,2522.0,227.8,0.72,32,54.85552234087915,Medium,0
2064,9.255,547,245,413.0,228.0,0.72,32,61.49459334719568,Medium,0
2065,7.593,0,59,121.0,0.0,0.0,80,99.67599600298294,High,3
2066,0.0,0,0,0.0,30.0,0.5,600,100.0,High,3
2067,1.81,547,0,0.0,111.0,1.19,108,62.73841961852862,Medium,1
2068,0.0,547,20,2100.0,105.6,0.0,1920,60.289808779500746,Medium,0
2069,1.59,547,3,75.0,226.08,1.19,180,62.64374167636684,Medium,1
2070,2.38,547,393,912.0,226.08,1.19,180,60.45979987346192,Medium,0
2071,15.25,365,11,25.0,320.67,0.0,21,75.07305991460274,High,1
2072,11.49,547,137,455.0,124.92,0.0,180,61.7883879288341,Medium,0
2073,0.0,0,0,0.0,0.0,0.0,0,100.0,High,2
2074,13.354,547,89,166.0,261.12,0.0,32,62.26843889574019,Medium,0
2075,3.03,547,192,334.0,220.32,0.0,108,61.75191761755077,Medium,0
2076,12.47,547,137,278.0,325.12,0.0,32,61.98944052055724,Medium,0
2077,3.298,547,378,585.0,220.32,0.0,108,60.87866684753234,Medium,0
2078,14.55,547,77,180.0,325.12,0.0,32,62.29048109488975,Medium,0
2079,3.829,456,184,433.0,502.74,1.19,630,67.86367099745925,Medium,0
2080,3.91,547,51,105.0,502.74,1.19,630,62.4578863097788,Medium,0
2081,4.2,456,81,251.0,502.74,1.19,630,68.39609474053074,Medium,0
2082,4.58,456,154,268.0,502.74,1.19,630,68.14595456507683,Medium,0
2083,4.49,456,64,150.0,502.74,1.19,630,68.56457460646276,Medium,0
2084,4.813,0,38,88.0,110.4,0.64,48,99.77988354654599,High,3
2085,15.96,0,12,18.0,300.0,1.19,80,99.94160930969144,High,1
2086,0.0,0,46,263.0,432.0,1.19,864,99.55580629283254,High,3
2087,1.47,0,0,0.0,76.8,1.19,192,100.0,High,3
2088,1.78,0,3,1000.0,319.2,1.19,840,98.85462348527375,High,3
2089,0.0,0,0,0.0,450.0,1.19,2500,100.0,High,3
2090,0.63,0,1,69.0,48.0,0.0,12000,99.91846151060247,High,3
2091,0.0,0,0,0.0,128.0,0.0,12800,100.0,High,3
2092,0.0,0,76,929.0,25.0,0.0,2500,98.70444166050707,High,3
2093,0.13,0,71,6927.0,25.0,0.0,2500,91.90718162557432,High,3
2094,1.48,0,19,257.0,135.0,0.0,1800,99.647997128996,High,3
2095,6.35,0,2,7.0,264.0,0.0,480,99.98572465688703,High,3
2096,0.4,0,20,2460.0,160.0,0.0,8000,97.14246863543352,High,3
2097,0.0,0,57,72.0,210.0,0.0,50,99.73797874074208,High,3
2098,0.0,0,45,1554.0,250.0,0.0,2500,98.09253390797313,High,3
2099,4.35,0,28,371.0,126.0,0.0,360,99.49004713121839,High,3
2100,0.0,0,0,0.0,120.0,0.0,6,100.0,High,3
2101,0.0,0,3,3.0,6.4,0.0,8,99.98710616294593,High,2
2102,0.0,0,0,0.0,96.0,0.0,3,100.0,High,3
2103,0.0,0,0,0.0,358.0,0.0,2,100.0,High,3
2104,0.0,0,0,0.0,24.0,0.0,3,100.0,High,2
2105,5.076,547,13,317.0,69.84,0.0,24,62.33723565861731,Medium,0
2106,0.0,0,12,119.0,96.0,0.0,384,99.82688438447089,High,3
2107,0.695,0,11,119.0,57.6,0.0,1152,99.83004643980686,High,3
2108,2.106,0,2,32.0,60.48,0.0,144,99.95732739816908,High,3
2109,0.0,0,0,0.0,2.4,0.0,2400,100.0,High,3
2110,0.0,0,0,0.0,128.0,0.0,1600,100.0,High,3
2111,18.45,365,182,335.0,657.72,0.0,36,74.18022244404946,High,0
2112,11.074,547,96,212.0,259.2,0.0,32,62.19405355234736,Medium,0
2113,18.1,547,214,457.0,641.34,0.0,42,61.542637887267105,Medium,0
2114,18.22,547,127,244.0,641.34,0.0,42,62.059681345773356,Medium,0
2115,60.04,0,3,4.0,40.0,0.0,8,99.98597027259723,High,1
2116,1.47,0,0,0.0,20.16,0.0,144,100.0,High,3
2117,0.0,0,34,1343.0,45.0,0.0,2250,98.36698938024836,High,3
2118,1.04,0,94,1246.0,224.64,0.0,1728,98.28744742391592,High,3
2119,0.0,0,4,601.0,40.0,0.0,4000,99.30468167907641,High,3
2120,0.0,0,0,0.0,20.0,0.0,1,100.0,High,2
2121,0.0,0,3,3.0,40.0,0.0,4,99.98710616294593,High,3
2122,0.0,0,2,2.0,48.0,0.0,4,99.99140410863062,High,3
2123,0.0,0,2,2.0,42.0,0.0,6,99.99140410863062,High,3
2124,0.0,0,0,0.0,59.2,0.0,16,100.0,High,3
2125,0.0,0,5,10.0,100.0,0.0,5,99.97283081983298,High,3
2126,0.0,0,1,1.0,20.0,0.0,1,99.99570205431532,High,2
2127,0.0,0,1,1.0,78.0,0.0,4,99.99570205431532,High,3
2128,0.0,0,2,14.0,24.0,0.0,10,99.97777342444601,High,3
2129,0.0,0,0,0.0,20.0,0.8,1,100.0,High,2
2130,0.0,0,0,0.0,40.0,0.0,4,100.0,High,2
2131,0.0,0,0,0.0,24.0,0.0,8,100.0,High,2
2132,0.0,0,11,68.0,57.6,1.19,288,99.8879768475915,High,3
2133,0.849,0,17,151.0,108.0,1.19,1800,99.77472561663207,High,3
2134,0.32,0,22,2790.0,108.24,0.0,1968,96.76130070968453,High,3
2135,0.0,0,0,0.0,162.0,0.0,1620,100.0,High,3
2136,0.0,0,49,616.0,84.0,0.0,120,99.14535083372705,High,3
2137,0.0,0,135,330.0,92.4,0.0,132,99.19827871456721,High,3
2138,0.0,0,0,0.0,225.0,0.0,1500,100.0,High,3
2139,0.0,0,34,372.0,173.6,0.0,248,99.46993890885385,High,3
2140,0.0,0,3,300.0,60.0,0.0,300,99.6497467293766,High,3
2141,0.0,0,0,0.0,11.0,1.19,5,100.0,High,3
2142,0.0,0,1,110.0,2.2,0.0,110,99.87189000630502,High,3
2143,0.0,0,1,220.0,29.92,0.0,1760,99.746942067946,High,3
2144,0.0,0,3,4.0,80.0,0.0,4,99.98597027259723,High,3
2145,0.0,0,1,1.0,78.0,0.0,4,99.99570205431532,High,3
2146,0.0,0,0,0.0,13.8,0.0,3,100.0,High,2
2147,0.0,0,3,90.0,38.4,0.0,240,99.88828370260744,High,3
2148,0.0,0,4,47.0,26.88,0.0,192,99.93396493226636,High,3
2149,0.0,0,0,0.0,18.0,0.0,30,100.0,High,3
2150,0.0,0,2,26.0,38.88,0.0,72,99.96414274026138,High,3
2151,0.0,0,1,10.0,317.76,0.0,320,99.98547904117686,High,3
2152,0.58,0,0,0.0,21.6,0.0,2400,100.0,High,3
2153,0.0,0,5,20.0,77.85,0.0,225,99.96147191634579,High,3
2154,0.0,0,0,0.0,48.0,0.0,6,100.0,High,3
2155,0.0,0,7,430.0,13.44,0.0,960,99.48943276269935,High,3
2156,0.0,0,13,2440.0,45.6,0.0,12000,97.18732082975967,High,3
2157,0.18,0,5,419.0,45.6,0.0,12000,99.50825166720718,High,3
2158,77.2,0,6,26.0,12.0,0.0,30,99.95149451891751,High,3
2159,0.0,0,1,3.0,10.8,0.0,30,99.99343027361788,High,3
2160,20.0,0,6,29.0,10.8,0.0,12,99.94808684787135,High,3
2161,0.0,0,23,3641.0,309.6,0.0,2400,95.79149596758927,High,3
2162,0.0,0,0,0.0,52.0,0.0,4,100.0,High,2
2163,0.0,0,0,0.0,52.0,0.0,4,100.0,High,2
2164,0.0,0,10,36.0,9.6,0.0,120,99.92748739408646,High,3
2165,0.0,0,10,128.0,11.52,0.0,640,99.82298548200437,High,3
2166,0.0,0,0,0.0,20.0,0.0,1,100.0,High,2
2167,0.0,0,7,16.0,31.6,0.0,16,99.95969136706873,High,3
2168,0.0,0,3,3.0,21.96,0.0,6,99.98710616294593,High,3
2169,0.0,0,0,0.0,48.0,0.0,12000,100.0,High,3
2170,0.0,0,0,0.0,48.0,0.0,12000,100.0,High,3
2171,0.0,0,0,0.0,48.0,0.0,12000,100.0,High,3
2172,0.0,0,0,0.0,48.0,0.0,12000,100.0,High,3
2173,0.0,0,1,1.0,16.0,1.19,8,99.99570205431532,High,3
2174,0.0,0,1,1.0,30.0,0.0,3,99.99570205431532,High,2
2175,0.0,0,4,7.0,1.2,0.0,12,99.97940054621509,High,2
2176,0.0,0,2,3.0,36.0,0.0,12,99.99026821828191,High,3
2177,0.0,0,0,0.0,84.0,0.0,6,100.0,High,3
2178,0.0,0,1,3.0,80.0,0.0,4,99.99343027361788,High,3
2179,0.0,0,5,5.0,14.688,0.0,36,99.97851027157657,High,3
2180,0.0,0,1,1.0,20.0,0.0,1,99.99570205431532,High,2
2181,0.0,0,1,17.0,19.2,0.0,48,99.97752780873583,High,3
2182,0.0,0,2,42.0,19.2,0.0,48,99.94596849468189,High,3
2183,0.0,0,1,40.0,153.6,0.0,384,99.9514023307153,High,3
2184,0.532,730,115,896.0,163.584,0.0,384,48.891085447944704,Medium,0
2185,0.0,0,26,541.0,173.6,0.0,248,99.3032698826082,High,3
2186,0.0,0,20,575.0,20.16,0.0,144,99.28362194276758,High,3
2187,208.48,0,1,2.0,40.0,0.0,2,99.9945661639666,High,1
2188,0.0,0,22,626.0,77.76,0.0,288,99.21936742431102,High,3
2189,6.05,547,447,961.0,226.8,0.0,108,60.23339025823242,Medium,0
2190,1.5,0,1,100.0,450.0,0.0,2500,99.8832489097922,High,3
2191,6.35,0,12,44.0,92.8,0.0,160,99.91207616062476,High,3
2192,0.0,0,0,0.0,150.0,0.0,1500,100.0,High,3
2193,0.0,0,0,0.0,150.0,0.0,1500,100.0,High,3
2194,0.0,0,41,106.0,83.2,0.0,80,99.74995135426116,High,3
2195,0.0,0,34,638.0,250.0,0.0,2500,99.16779207609477,High,3
2196,0.62,0,69,2708.0,16.0,0.0,8000,96.70582711748892,High,3
2197,0.869,730,85,1013.0,180.48,0.0,384,48.85304793722371,Medium,0
2198,2.76,730,57,323.0,336.96,0.0,288,49.725349827246475,Medium,0
2199,0.0,0,13,458.0,50.0,0.0,100,99.43865550091941,High,3
2200,0.0,0,1,1.0,18.0,0.0,1,99.99570205431532,High,2
2201,0.0,0,300,697.0,84.0,0.0,120,98.2596678261528,High,3
2202,0.0,0,12,316.0,60.0,0.0,1200,99.60311398577338,High,3
2203,0.0,0,7,15.0,180.0,0.0,900,99.96082725741745,High,3
2204,0.0,0,15,64.0,180.0,0.0,1800,99.8798721876425,High,3
2205,0.0,0,9,58.0,207.0,0.0,900,99.90565986175062,High,3
2206,0.0,0,11,95.0,130.56,0.0,384,99.8573078081761,High,3
2207,0.0,0,2,160.0,800.0,0.0,200000,99.81193343353313,High,3
2208,0.0,0,8,12.0,152.0,0.0,160,99.96107287312763,High,3
2209,0.0,0,4,10.0,112.128,0.0,192,99.97599287516896,High,3
2210,0.0,0,34,121.0,180.0,0.0,900,99.75504738638216,High,3
2211,0.0,0,4,21.0,16.0,0.0,800,99.96349808133303,High,3
2212,0.0,0,2,9.0,144.0,0.0,1600,99.9834528761896,High,3
2213,0.0,0,6,300.0,36.0,0.0,1200,99.6402605633687,High,3
2214,0.0,0,2,5.0,2.5,0.0,5,99.98799643758448,High,2
2215,3.27,547,112,216.0,262.98,0.0,108,62.13891710557699,Medium,0
2216,5.905,0,7,19.0,240.0,0.0,400,99.95628369602258,High,3
2217,0.0,0,5,700.0,21.0,0.0,4200,99.18906647921732,High,3
2218,0.0,0,10,508.0,192.0,0.0,1600,99.39134714949141,High,3
2219,0.0,0,18,235.0,36.0,0.0,180,99.67614877200376,High,3
2220,0.0,0,28,359.0,12.0,0.0,600,99.50367781540301,High,3
2221,0.0,547,6,100.0,93.12,1.19,32,62.60585825164098,Medium,1
2222,0.0,0,1,10.0,6.0,0.0,10,99.98547904117686,High,2
2223,0.0,0,4,8.0,44.0,0.0,8,99.97826465586638,High,3
2224,0.0,0,1,1.0,67.2,0.0,12,99.99570205431532,High,3
2225,0.0,0,4,4.0,37.2,0.0,12,99.98280821726125,High,3
2226,0.0,0,2,2.0,52.44,0.0,6,99.99140410863062,High,3
2227,0.0,0,5,6.0,33.0,0.0,6,99.97737438122785,High,3
2228,0.0,0,2,2.0,9.04,0.0,2,99.99140410863062,High,2
2229,0.0,0,1,1.0,30.0,0.0,2,99.99570205431532,High,2
2230,0.0,0,6,6.0,60.0,0.0,4,99.97421232589187,High,3
2231,0.0,0,3,4.0,60.0,0.0,4,99.98597027259723,High,3
2232,0.0,0,1,1.0,5.47,0.0,1,99.99570205431532,High,2
2233,0.0,0,0,0.0,44.0,0.0,8,100.0,High,3
2234,0.0,0,16,284.0,20.16,0.0,144,99.62681425558849,High,3
2235,0.0,0,32,294.0,20.16,0.0,144,99.56486246672583,High,3
2236,0.0,0,28,185.0,92.8,0.0,160,99.70132273608,High,3
2237,0.0,0,144,967.0,120.0,0.0,2400,98.44625806440992,High,3
2238,1.038,0,132,1306.0,60.0,0.0,1200,98.09913590022602,High,3
2239,0.0,0,2,7.0,79.2,0.0,120,99.98572465688703,High,3
2240,0.92,730,19,140.0,88.704,0.0,144,50.053375863828734,Medium,0
2241,0.0,547,0,0.0,105.6,0.0,1920,62.73841961852862,Medium,1
2242,0.0,0,41,1636.0,330.0,0.0,6000,98.0120391207221,High,3
2243,0.0,0,2,60.0,96.0,0.0,240,99.92552246840496,High,3
2244,2.02,730,354,710.0,322.56,0.0,288,48.346629827509865,Medium,0
2245,1.99,730,363,765.0,322.56,0.0,288,48.25569736030665,Medium,0
2246,0.0,0,12,119.0,126.0,0.0,100,99.82688438447089,High,3
2247,0.0,0,6,59.0,518.4,0.0,1920,99.91401013740982,High,3
2248,0.0,0,0,0.0,3.0,0.0,1,100.0,High,2
2249,0.0,0,0,0.0,5.0,0.0,1,100.0,High,2
2250,0.0,730,1,120.0,88.704,0.0,144,50.13301066685053,Medium,1
2251,0.0,0,1,2.0,3.37,0.0,1,99.9945661639666,High,2
2252,0.0,0,1,2.0,8.28,0.0,2,99.9945661639666,High,2
2253,0.0,0,0,0.0,2.7,0.0,10,100.0,High,2
2254,0.0,0,0,0.0,2.7,0.0,10,100.0,High,2
2255,0.0,0,0,0.0,8.67,0.0,1,100.0,High,2
2256,0.0,0,1,1.0,6.55,0.0,1,99.99570205431532,High,2
2257,0.0,0,2,2.0,20.0,0.0,1,99.99140410863062,High,2
2258,0.0,0,0,0.0,14.06,0.0,1,100.0,High,2
2259,0.0,0,1,1.0,18.47,0.0,1,99.99570205431532,High,2
2260,0.0,730,170,408.0,336.96,0.9,288,49.271486894640994,Medium,0
2261,0.0,0,4,30.0,15.0,0.0,15,99.95327506819457,High,3
2262,0.0,0,4,17.0,5.76,0.0,24,99.96804164272791,High,3
2263,0.0,0,38,42.0,6.0,0.0,12,99.83213450258704,High,3
2264,0.0,0,29,309.0,9.12,0.0,48,99.55731027750295,High,3
2265,0.0,0,0,0.0,20.0,0.0,1,100.0,High,2
2266,0.0,0,0,0.0,50.0,0.0,5,100.0,High,3
2267,0.0,0,31,36.0,105.6,0.0,1920,99.86108423203113,High,3
2268,0.0,0,105,420.0,160.0,1.25,1600,99.19091024326163,High,3
2269,0.0,0,0,0.0,18.0,0.0,1,100.0,High,2
2270,0.0,0,0,0.0,2.7,0.0,10,100.0,High,2
2271,0.0,0,0,0.0,2.7,0.0,10,100.0,High,2
2272,0.0,0,0,0.0,2.7,0.0,10,100.0,High,2
2273,0.0,0,0,0.0,2.7,0.0,10,100.0,High,2
2274,0.0,0,0,0.0,2.7,0.0,10,100.0,High,2
2275,0.0,0,0,0.0,2.7,0.0,10,100.0,High,2
2276,0.0,0,1,1.0,9.58,0.0,1,99.99570205431532,High,2
2277,0.0,0,0,0.0,38.36,0.0,4,100.0,High,2
2278,0.0,0,1,1.0,25.11,0.0,3,99.99570205431532,High,2
2279,0.0,547,76,1570.0,105.6,0.0,1920,60.714755565507225,Medium,0
