ID,Unitprice,Expire date,Outbound number,Total outbound,Pal grossweight,Pal height,Units per pal,log_unitprice,log_outbound_number,log_total_outbound,log_units_per_pal,cluster,expiry_risk,outbound_demand,outbound_activity,risk_score,risk_level
1,0.058,547,9,2441.0,105.6,1.56,1920,0.05638033343610764,2.302585092994046,7.80057265467065,7.560601162768557,1,0.25476839237057225,0.0924236113740487,0.0014229249011857706,59.93725277928343,Medium
2,0.954,547,0,0.0,207.68,1.0,384,0.669878553620591,0.0,0.0,5.953243334287785,0,0.25476839237057225,0.0,0.0,62.73841961852862,Medium
3,2.385,547,12,23.0,165.78,1.02,108,1.2193539063642382,2.5649493574615367,3.1780538303479458,4.6913478822291435,0,0.25476839237057225,0.000870849267350725,0.0018972332015810276,62.67434947647648,Medium
4,5.1,547,0,0.0,221.04,1.05,72,1.8082887711792655,0.0,0.0,4.290459441148391,0,0.25476839237057225,0.0,0.0,62.73841961852862,Medium
5,0.0,547,0,0.0,0.0,0.0,0,0.0,0.0,0.0,0.0,0,0.25476839237057225,0.0,0.0,62.73841961852862,Medium
6,1.11,547,1,1.0,207.68,1.0,384,0.7466879474879752,0.6931471805599453,0.6931471805599453,5.953243334287785,0,0.25476839237057225,3.786301162394457e-05,0.00015810276679841898,62.734121672843926,Medium
7,2.515,547,2,4.0,165.78,1.02,108,1.2570395252626283,1.0986122886681098,1.6094379124341003,4.6913478822291435,0,0.25476839237057225,0.00015145204649577828,0.00031620553359683795,62.7275519464618,Medium
8,0.0,547,0,0.0,0.0,0.0,0,0.0,0.0,0.0,0.0,0,0.25476839237057225,0.0,0.0,62.73841961852862,Medium
9,0.2625,547,0,0.0,0.0,0.0,0,0.23309388216737786,0.0,0.0,0.0,0,0.25476839237057225,0.0,0.0,62.73841961852862,Medium
10,13.354,365,0,0.0,441.72,1.44,36,2.66402864900788,0.0,0.0,3.6109179126442243,0,0.5027247956403269,0.0,0.0,75.13623978201633,High
11,4.253,547,0,0.0,221.04,1.05,72,1.6587993419718245,0.0,0.0,4.290459441148391,0,0.25476839237057225,0.0,0.0,62.73841961852862,Medium
12,1.042,547,6,14.0,207.68,1.0,384,0.7139297197424739,1.9459101490553132,2.70805020110221,5.953243334287785,0,0.25476839237057225,0.0005300821627352239,0.0009486166007905138,62.70354482163074,Medium
13,2.592,547,8,12.0,165.78,1.02,108,1.2787091504399533,2.1972245773362196,2.5649493574615367,4.6913478822291435,0,0.25476839237057225,0.0004543561394873348,0.0012648221343873518,62.69949249165625,Medium
14,5.425,547,0,0.0,0.0,0.0,0,1.8601966307812834,0.0,0.0,0.0,0,0.25476839237057225,0.0,0.0,62.73841961852862,Medium
15,0.0,547,0,0.0,0.0,0.0,0,0.0,0.0,0.0,0.0,0,0.25476839237057225,0.0,0.0,62.73841961852862,Medium
16,4.321,547,1,2.0,221.04,0.0,72,1.6716612556142323,0.6931471805599453,1.0986122886681098,4.290459441148391,0,0.25476839237057225,7.572602324788914e-05,0.00015810276679841898,62.73298578249521,Medium
17,0.0,547,0,0.0,0.0,0.0,0,0.0,0.0,0.0,0.0,0,0.25476839237057225,0.0,0.0,62.73841961852862,Medium
18,2.39,547,3,5.0,165.78,1.02,108,1.220829921392359,1.3862943611198906,1.791759469228055,4.6913478822291435,0,0.25476839237057225,0.00018931505811972283,0.0004743083003952569,62.72325400077712,Medium
19,0.0,547,0,0.0,0.0,0.0,0,0.0,0.0,0.0,0.0,0,0.25476839237057225,0.0,0.0,62.73841961852862,Medium
20,0.976,547,0,0.0,207.68,1.0,384,0.681074599325676,0.0,0.0,5.953243334287785,0,0.25476839237057225,0.0,0.0,62.73841961852862,Medium
21,2.9171,547,0,0.0,165.78,1.02,108,1.3653515840999655,0.0,0.0,4.6913478822291435,0,0.25476839237057225,0.0,0.0,62.73841961852862,Medium
22,0.0,547,0,0.0,0.0,0.0,0,0.0,0.0,0.0,0.0,0,0.25476839237057225,0.0,0.0,62.73841961852862,Medium
23,17.113,365,1,3.0,441.72,1.44,36,2.8966299125107797,0.6931471805599453,1.3862943611198906,3.6109179126442243,0,0.5027247956403269,0.0001135890348718337,0.00015810276679841898,75.12967005563424,High
24,4.942,547,1,1.0,221.04,1.05,72,1.782045777040416,0.6931471805599453,0.6931471805599453,4.290459441148391,0,0.25476839237057225,3.786301162394457e-05,0.00015810276679841898,62.734121672843926,Medium
25,14.783,365,1,1.0,515.34,1.68,42,2.7589334114167796,0.6931471805599453,0.6931471805599453,3.7612001156935624,0,0.5027247956403269,3.786301162394457e-05,0.00015810276679841898,75.13194183633166,High
26,19.63,365,0,0.0,0.0,0.0,24,3.0267463270831603,0.0,0.0,3.2188758248682006,0,0.5027247956403269,0.0,0.0,75.13623978201633,High
27,4.61,547,2,3.0,221.04,1.05,72,1.724550719534605,1.0986122886681098,1.3862943611198906,4.290459441148391,0,0.25476839237057225,0.0001135890348718337,0.00031620553359683795,62.72868783681053,Medium
28,0.006,547,9,1336.0,105.6,1.56,1920,0.005982071677547464,2.302585092994046,7.198183577101943,7.560601162768557,1,0.25476839237057225,0.05058498352958994,0.0014229249011857706,61.19241161461719,Medium
29,14.919,365,1,1.0,515.34,1.68,42,2.767513364372999,0.6931471805599453,0.6931471805599453,3.7612001156935624,0,0.5027247956403269,3.786301162394457e-05,0.00015810276679841898,75.13194183633166,High
30,4.79,547,0,0.0,221.04,1.05,72,1.7561322915849038,0.0,0.0,4.290459441148391,0,0.25476839237057225,0.0,0.0,62.73841961852862,Medium
31,0.19,547,0,0.0,0.0,0.0,0,0.17395330712343804,0.0,0.0,0.0,0,0.25476839237057225,0.0,0.0,62.73841961852862,Medium
32,0.0,547,0,0.0,0.0,0.0,0,0.0,0.0,0.0,0.0,0,0.25476839237057225,0.0,0.0,62.73841961852862,Medium
33,15.318,365,1,1.0,515.34,1.68,42,2.7922687930066084,0.6931471805599453,0.6931471805599453,3.7612001156935624,0,0.5027247956403269,3.786301162394457e-05,0.00015810276679841898,75.13194183633166,High
34,17.02,365,0,0.0,0.0,0.0,24,2.8914822521801917,0.0,0.0,3.2188758248682006,0,0.5027247956403269,0.0,0.0,75.13623978201633,High
35,4.48,547,0,0.0,0.0,0.0,0,1.7011051009599243,0.0,0.0,0.0,0,0.25476839237057225,0.0,0.0,62.73841961852862,Medium
36,15.808,365,1,1.0,515.34,1.68,42,2.8218549635426995,0.6931471805599453,0.6931471805599453,3.7612001156935624,0,0.5027247956403269,3.786301162394457e-05,0.00015810276679841898,75.13194183633166,High
37,16.201,365,0,0.0,515.34,1.68,42,2.844967521664254,0.0,0.0,3.7612001156935624,0,0.5027247956403269,0.0,0.0,75.13623978201633,High
38,4.303,547,0,0.0,221.04,1.05,72,1.668272698154993,0.0,0.0,4.290459441148391,0,0.25476839237057225,0.0,0.0,62.73841961852862,Medium
39,16.76,365,0,0.0,0.0,0.0,0,2.876948737564024,0.0,0.0,0.0,0,0.5027247956403269,0.0,0.0,75.13623978201633,High
40,0.0,365,0,0.0,0.0,0.0,0,0.0,0.0,0.0,0.0,0,0.5027247956403269,0.0,0.0,75.13623978201633,High
41,0.192,547,10,760.0,105.6,1.56,1920,0.17563256864315802,2.3978952727983707,6.634633357861686,7.560601162768557,1,0.25476839237057225,0.028775888834197873,0.0015810276679841897,61.843522400142994,Medium
42,0.192,0,0,0.0,0.0,0.0,0,0.17563256864315802,0.0,0.0,0.0,2,1.0,0.0,0.0,100.0,High
43,0.992,547,7,19.0,207.68,1.0,384,0.6891391591624065,2.0794415416798357,2.995732273553991,5.953243334287785,0,0.25476839237057225,0.0007193972208549468,0.0011067193675889327,62.69470331455119,Medium
44,1.67,365,0,0.0,0.0,0.0,0,0.9820784724121582,0.0,0.0,0.0,0,0.5027247956403269,0.0,0.0,75.13623978201633,High
45,2.318,547,7,16.0,165.78,1.02,108,1.1993621917682529,2.0794415416798357,2.833213344056216,4.6913478822291435,0,0.25476839237057225,0.0006058081859831131,0.0011067193675889327,62.698110985597346,Medium
46,0.0,365,0,0.0,0.0,0.6,25,0.0,0.0,0.0,3.258096538021482,0,0.5027247956403269,0.0,0.0,75.13623978201633,High
47,9.547,547,2,2.0,243.84,0.72,32,2.3558414592944774,1.0986122886681098,1.0986122886681098,3.4965075614664802,0,0.25476839237057225,7.572602324788914e-05,0.00031620553359683795,62.72982372715924,Medium
48,1.29,547,0,0.0,207.68,1.0,384,0.8285518175661483,0.0,0.0,5.953243334287785,0,0.25476839237057225,0.0,0.0,62.73841961852862,Medium
49,2.28,547,0,0.0,165.78,1.02,108,1.1878434223960523,0.0,0.0,4.6913478822291435,0,0.25476839237057225,0.0,0.0,62.73841961852862,Medium
50,1.137,547,1,1.0,207.68,1.0,384,0.7594029763370106,0.6931471805599453,0.6931471805599453,5.953243334287785,0,0.25476839237057225,3.786301162394457e-05,0.00015810276679841898,62.734121672843926,Medium
51,1.86,365,74,744.0,198.0,1.02,180,1.0508216248317612,4.31748811353631,6.61338421837956,5.198497031265826,1,0.5027247956403269,0.02817008064821476,0.011699604743083004,74.05714526770824,High
52,2.4,547,4,10.0,165.78,1.02,108,1.2237754316221157,1.6094379124341003,2.3978952727983707,4.6913478822291435,0,0.25476839237057225,0.00037863011623944567,0.0006324110671936759,62.71441249369756,Medium
53,9.496,547,3,3.0,243.84,0.72,32,2.3509942322017334,1.3862943611198906,1.3862943611198906,3.4965075614664802,0,0.25476839237057225,0.0001135890348718337,0.0004743083003952569,62.72552578147456,Medium
54,0.0,547,0,0.0,0.0,0.0,0,0.0,0.0,0.0,0.0,0,0.25476839237057225,0.0,0.0,62.73841961852862,Medium
55,0.0,365,0,0.0,0.0,0.0,0,0.0,0.0,0.0,0.0,0,0.5027247956403269,0.0,0.0,75.13623978201633,High
56,2.41,547,0,0.0,0.0,0.0,0,1.2267122912954254,0.0,0.0,0.0,0,0.25476839237057225,0.0,0.0,62.73841961852862,Medium
57,0.0,365,0,0.0,0.0,0.0,0,0.0,0.0,0.0,0.0,0,0.5027247956403269,0.0,0.0,75.13623978201633,High
58,2.5,547,3,5.0,165.78,1.02,108,1.252762968495368,1.3862943611198906,1.791759469228055,4.6913478822291435,0,0.25476839237057225,0.00018931505811972283,0.0004743083003952569,62.72325400077712,Medium
59,10.141,547,0,0.0,243.84,0.72,32,2.4106319970771795,0.0,0.0,3.4965075614664802,0,0.25476839237057225,0.0,0.0,62.73841961852862,Medium
60,15.04,365,0,0.0,441.72,1.44,36,2.7750856024383683,0.0,0.0,3.6109179126442243,0,0.5027247956403269,0.0,0.0,75.13623978201633,High
61,4.04,547,3,4.0,221.04,1.05,72,1.6174060820832772,1.3862943611198906,1.6094379124341003,4.290459441148391,0,0.25476839237057225,0.00015145204649577828,0.0004743083003952569,62.72438989112583,Medium
62,0.2,547,4,1340.0,105.6,1.56,1920,0.18232155679395465,1.6094379124341003,7.201170883281678,7.560601162768557,1,0.25476839237057225,0.050736435576085724,0.0006324110671936759,61.20367832990217,Medium
63,14.568,365,13,17.0,515.34,1.68,42,2.7452175254436493,2.6390573296152584,2.8903717578961645,3.7612001156935624,0,0.5027247956403269,0.0006436711976070576,0.0020553359683794467,75.07582292672055,High
64,0.0,547,0,0.0,0.0,0.0,0,0.0,0.0,0.0,0.0,0,0.25476839237057225,0.0,0.0,62.73841961852862,Medium
65,16.333,365,2,2.0,515.34,1.68,42,2.8526121989591733,1.0986122886681098,1.0986122886681098,3.7612001156935624,0,0.5027247956403269,7.572602324788914e-05,0.00031620553359683795,75.12764389064698,High
66,0.998,547,4,6.0,207.68,1.0,384,0.6921466802263617,1.6094379124341003,1.9459101490553132,5.953243334287785,0,0.25476839237057225,0.0002271780697436674,0.0006324110671936759,62.718956055092434,Medium
67,2.345,547,2,2.0,165.78,1.02,108,1.2074666935801919,1.0986122886681098,1.0986122886681098,4.6913478822291435,0,0.25476839237057225,7.572602324788914e-05,0.00031620553359683795,62.72982372715924,Medium
68,0.0,547,0,0.0,0.0,0.0,0,0.0,0.0,0.0,0.0,0,0.25476839237057225,0.0,0.0,62.73841961852862,Medium
69,0.0,547,0,0.0,0.0,0.0,0,0.0,0.0,0.0,0.0,0,0.25476839237057225,0.0,0.0,62.73841961852862,Medium
70,15.316,365,2,2.0,515.34,1.68,42,2.792146221455312,1.0986122886681098,1.0986122886681098,3.7612001156935624,0,0.5027247956403269,7.572602324788914e-05,0.00031620553359683795,75.12764389064698,High
71,0.0,365,0,0.0,0.0,0.0,0,0.0,0.0,0.0,0.0,0,0.5027247956403269,0.0,0.0,75.13623978201633,High
72,0.0,547,0,0.0,0.0,0.0,0,0.0,0.0,0.0,0.0,0,0.25476839237057225,0.0,0.0,62.73841961852862,Medium
73,0.0,365,0,0.0,0.0,0.0,0,0.0,0.0,0.0,0.0,0,0.5027247956403269,0.0,0.0,75.13623978201633,High
74,0.106,547,3,360.0,105.6,1.56,1920,0.10074990310014306,1.3862943611198906,5.8888779583328805,7.560601162768557,1,0.25476839237057225,0.013630684184620045,0.0004743083003952569,62.3200129269821,Medium
75,0.962,547,0,0.0,207.68,1.0,384,0.6739643611431714,0.0,0.0,5.953243334287785,0,0.25476839237057225,0.0,0.0,62.73841961852862,Medium
76,1.97,365,3,23.0,198.0,1.02,180,1.0885619528146082,1.3862943611198906,3.1780538303479458,5.198497031265826,0,0.5027247956403269,0.000870849267350725,0.0004743083003952569,75.10062813798791,High
77,2.063,547,1,1.0,165.78,1.02,108,1.1193948278506383,0.6931471805599453,0.6931471805599453,4.6913478822291435,0,0.25476839237057225,3.786301162394457e-05,0.00015810276679841898,62.734121672843926,Medium
78,4.642,547,3,3.0,221.04,1.05,72,1.7302386125798046,1.3862943611198906,1.3862943611198906,4.290459441148391,0,0.25476839237057225,0.0001135890348718337,0.0004743083003952569,62.72552578147456,Medium
79,1.143,547,0,0.0,207.68,1.0,384,0.76220671649144,0.0,0.0,5.953243334287785,0,0.25476839237057225,0.0,0.0,62.73841961852862,Medium
80,1.8,365,0,0.0,198.0,1.02,180,1.0296194171811581,0.0,0.0,5.198497031265826,0,0.5027247956403269,0.0,0.0,75.13623978201633,High
81,2.263,547,6,7.0,165.78,1.02,108,1.1826470176111836,1.9459101490553132,2.0794415416798357,4.6913478822291435,0,0.25476839237057225,0.00026504108136761196,0.0009486166007905138,62.71149605407178,Medium
82,1.75,547,0,0.0,198.0,1.02,180,1.0116009116784799,0.0,0.0,5.198497031265826,0,0.25476839237057225,0.0,0.0,62.73841961852862,Medium
83,4.456,547,0,0.0,221.04,1.05,72,1.696715920541161,0.0,0.0,4.290459441148391,0,0.25476839237057225,0.0,0.0,62.73841961852862,Medium
84,2.502,547,0,0.0,165.78,1.02,108,1.25333423386366,0.0,0.0,4.6913478822291435,0,0.25476839237057225,0.0,0.0,62.73841961852862,Medium
85,4.309,547,4,5.0,221.04,1.05,72,1.6694034936015345,1.6094379124341003,1.791759469228055,4.290459441148391,0,0.25476839237057225,0.00018931505811972283,0.0006324110671936759,62.72009194544115,Medium
86,0.934,547,0,0.0,0.0,0.0,0,0.6595903970311026,0.0,0.0,0.0,0,0.25476839237057225,0.0,0.0,62.73841961852862,Medium
87,2.201,547,0,0.0,165.78,1.02,108,1.163463260987726,0.0,0.0,4.6913478822291435,0,0.25476839237057225,0.0,0.0,62.73841961852862,Medium
88,0.0,547,0,0.0,0.0,0.0,0,0.0,0.0,0.0,0.0,0,0.25476839237057225,0.0,0.0,62.73841961852862,Medium
89,2.239,547,3,64.0,165.78,1.02,108,1.1752646401891922,1.3862943611198906,4.174387269895637,4.6913478822291435,0,0.25476839237057225,0.0024232327439324525,0.0004743083003952569,62.65623647020273,Medium
90,0.0,547,0,0.0,0.0,0.0,0,0.0,0.0,0.0,0.0,0,0.25476839237057225,0.0,0.0,62.73841961852862,Medium
91,0.0,547,0,0.0,0.0,0.0,0,0.0,0.0,0.0,0.0,0,0.25476839237057225,0.0,0.0,62.73841961852862,Medium
92,2.69,547,0,0.0,0.0,0.0,0,1.3056264580524357,0.0,0.0,0.0,0,0.25476839237057225,0.0,0.0,62.73841961852862,Medium
93,0.0,547,0,0.0,0.0,0.0,0,0.0,0.0,0.0,0.0,0,0.25476839237057225,0.0,0.0,62.73841961852862,Medium
94,0.0,547,0,0.0,0.0,0.0,0,0.0,0.0,0.0,0.0,0,0.25476839237057225,0.0,0.0,62.73841961852862,Medium
95,0.375,730,1,2.0,5.25,0.0,50,0.3184537311185346,0.6931471805599453,1.0986122886681098,3.9318256327243257,0,0.00544959128065392,7.572602324788914e-05,0.00015810276679841898,50.267045727999296,Medium
96,0.35,730,2,4.0,529.2,0.9,2160,0.3001045924503381,1.0986122886681098,1.6094379124341003,7.6783263565068856,0,0.00544959128065392,0.00015145204649577828,0.00031620553359683795,50.261611891965885,Medium
97,0.37,730,0,0.0,529.2,0.9,2160,0.31481073984003355,0.0,0.0,7.6783263565068856,0,0.00544959128065392,0.0,0.0,50.27247956403269,Medium
98,0.34,730,0,0.0,529.2,0.9,2160,0.29266961396282,0.0,0.0,7.6783263565068856,0,0.00544959128065392,0.0,0.0,50.27247956403269,Medium
99,0.353,730,1,7.0,529.2,0.9,2160,0.302324349188651,0.6931471805599453,2.0794415416798357,7.6783263565068856,0,0.00544959128065392,0.00026504108136761196,0.00015810276679841898,50.2613662762557,Medium
100,5.611,365,2,2.0,167.68,1.0,384,1.888734928351441,1.0986122886681098,1.0986122886681098,5.953243334287785,0,0.5027247956403269,7.572602324788914e-05,0.00031620553359683795,75.12764389064698,High
101,0.0,365,0,0.0,0.0,0.0,0,0.0,0.0,0.0,0.0,0,0.5027247956403269,0.0,0.0,75.13623978201633,High
102,19.534,365,0,0.0,621.72,1.8,36,3.022082048876773,0.0,0.0,3.6109179126442243,0,0.5027247956403269,0.0,0.0,75.13623978201633,High
103,0.0,365,0,0.0,0.0,0.0,0,0.0,0.0,0.0,0.0,0,0.5027247956403269,0.0,0.0,75.13623978201633,High
104,24.825,365,0,0.0,730.8,1.8,36,3.2513430150057023,0.0,0.0,3.6109179126442243,0,0.5027247956403269,0.0,0.0,75.13623978201633,High
105,0.0,547,0,0.0,0.0,0.0,0,0.0,0.0,0.0,0.0,0,0.25476839237057225,0.0,0.0,62.73841961852862,Medium
106,9.52,547,0,0.0,261.12,0.72,32,2.3532782073095637,0.0,0.0,3.4965075614664802,0,0.25476839237057225,0.0,0.0,62.73841961852862,Medium
107,25.24,365,0,0.0,310.86,0.9,18,3.267284964075888,0.0,0.0,2.9444389791664403,0,0.5027247956403269,0.0,0.0,75.13623978201633,High
108,2.887,547,3,3.0,226.8,1.02,108,1.3576376518700861,1.3862943611198906,1.3862943611198906,4.6913478822291435,0,0.25476839237057225,0.0001135890348718337,0.0004743083003952569,62.72552578147456,Medium
109,5.41,547,0,0.0,293.76,1.05,72,1.8578592709325787,0.0,0.0,4.290459441148391,0,0.25476839237057225,0.0,0.0,62.73841961852862,Medium
110,0.24,547,2,640.0,105.6,1.56,1920,0.2151113796169455,1.0986122886681098,6.46302945692067,7.560601162768557,1,0.25476839237057225,0.024232327439324523,0.00031620553359683795,62.00512568467694,Medium
111,1.0,547,0,0.0,167.68,1.0,384,0.6931471805599453,0.0,0.0,5.953243334287785,0,0.25476839237057225,0.0,0.0,62.73841961852862,Medium
112,11.941,547,0,0.0,0.0,0.0,0,2.560400565839533,0.0,0.0,0.0,0,0.25476839237057225,0.0,0.0,62.73841961852862,Medium
113,2.88,547,0,0.0,226.8,1.02,108,1.355835153635182,0.0,0.0,4.6913478822291435,0,0.25476839237057225,0.0,0.0,62.73841961852862,Medium
114,0.04,547,0,0.0,105.6,1.56,1920,0.039220713153281295,0.0,0.0,7.560601162768557,0,0.25476839237057225,0.0,0.0,62.73841961852862,Medium
115,0.899,547,9,18.0,167.68,1.0,384,0.6413274318301488,2.302585092994046,2.9444389791664403,5.953243334287785,0,0.25476839237057225,0.0006815342092310022,0.0014229249011857706,62.689515094227964,Medium
116,1.78,365,0,0.0,0.0,0.0,180,1.0224509277025458,0.0,0.0,5.198497031265826,0,0.5027247956403269,0.0,0.0,75.13623978201633,High
117,12.517,547,2,3.0,325.12,0.8,32,2.6039481525016908,1.0986122886681098,1.3862943611198906,3.4965075614664802,0,0.25476839237057225,0.0001135890348718337,0.00031620553359683795,62.72868783681053,Medium
118,2.942,547,10,15.0,226.8,1.02,108,1.3716882087305284,2.3978952727983707,2.772588722239781,4.6913478822291435,0,0.25476839237057225,0.0005679451743591685,0.0015810276679841897,62.68976070993815,Medium
119,0.0,365,0,0.0,0.0,0.0,0,0.0,0.0,0.0,0.0,0,0.5027247956403269,0.0,0.0,75.13623978201633,High
120,5.557,547,5,8.0,293.76,1.05,72,1.8805331812814825,1.791759469228055,2.1972245773362196,4.290459441148391,0,0.25476839237057225,0.00030290409299155657,0.0007905138339920949,62.71352221905902,Medium
121,0.84,547,1,6.0,167.68,1.0,384,0.6097655716208943,0.6931471805599453,1.9459101490553132,5.953243334287785,0,0.25476839237057225,0.0002271780697436674,0.00015810276679841898,62.72844222110033,Medium
122,2.04,365,0,0.0,147.6,1.17,180,1.1118575154181303,0.0,0.0,5.198497031265826,0,0.5027247956403269,0.0,0.0,75.13623978201633,High
123,12.794,547,2,2.0,325.12,0.8,32,2.6242337150090997,1.0986122886681098,1.0986122886681098,3.4965075614664802,0,0.25476839237057225,7.572602324788914e-05,0.00031620553359683795,62.72982372715924,Medium
124,3.103,547,1,1.0,226.8,1.02,108,1.411718413460049,0.6931471805599453,0.6931471805599453,4.6913478822291435,0,0.25476839237057225,3.786301162394457e-05,0.00015810276679841898,62.734121672843926,Medium
125,1.24,547,4,5.0,167.68,1.0,384,0.8064758658669484,1.6094379124341003,1.791759469228055,5.953243334287785,0,0.25476839237057225,0.00018931505811972283,0.0006324110671936759,62.72009194544115,Medium
126,14.78,547,0,0.0,325.12,0.8,32,2.7587433154177283,0.0,0.0,3.4965075614664802,0,0.25476839237057225,0.0,0.0,62.73841961852862,Medium
127,3.561,547,3,4.0,226.8,1.02,108,1.5175418977295634,1.3862943611198906,1.6094379124341003,4.6913478822291435,0,0.25476839237057225,0.00015145204649577828,0.0004743083003952569,62.72438989112583,Medium
128,0.0,547,5,420.0,0.0,0.0,960,0.0,1.791759469228055,6.042632833682381,6.8679744089702925,1,0.25476839237057225,0.015902464882056717,0.0007905138339920949,62.245535395387066,Medium
129,0.87,547,1,3.0,167.68,1.0,384,0.6259384308664953,0.6931471805599453,1.3862943611198906,5.953243334287785,0,0.25476839237057225,0.0001135890348718337,0.00015810276679841898,62.7318498921465,Medium
130,2.208,365,0,0.0,147.6,1.17,180,1.165647690004268,0.0,0.0,5.198497031265826,0,0.5027247956403269,0.0,0.0,75.13623978201633,High
131,12.949,547,0,0.0,325.12,0.8,32,2.635407821110098,0.0,0.0,3.4965075614664802,0,0.25476839237057225,0.0,0.0,62.73841961852862,Medium
132,3.105,547,14,22.0,226.8,1.02,108,1.4122057429043917,2.70805020110221,3.1354942159291497,4.6913478822291435,0,0.25476839237057225,0.0008329862557267805,0.0022134387351778655,62.66916125615325,Medium
133,5.561,547,0,0.0,293.76,1.05,72,1.8811430303627406,0.0,0.0,4.290459441148391,0,0.25476839237057225,0.0,0.0,62.73841961852862,Medium
134,0.896,547,0,0.0,167.68,1.0,384,0.6397464038328301,0.0,0.0,5.953243334287785,0,0.25476839237057225,0.0,0.0,62.73841961852862,Medium
135,0.0,547,0,0.0,0.0,0.0,0,0.0,0.0,0.0,0.0,0,0.25476839237057225,0.0,0.0,62.73841961852862,Medium
136,0.858,547,3,12.0,167.68,1.0,384,0.6195006403916468,1.3862943611198906,2.5649493574615367,5.953243334287785,0,0.25476839237057225,0.0004543561394873348,0.0004743083003952569,62.71530276833609,Medium
137,1.74,365,0,0.0,0.0,0.0,0,1.007957920399979,0.0,0.0,0.0,0,0.5027247956403269,0.0,0.0,75.13623978201633,High
138,12.854,547,2,2.0,10.16,0.8,32,2.6285739996004134,1.0986122886681098,1.0986122886681098,3.4965075614664802,0,0.25476839237057225,7.572602324788914e-05,0.00031620553359683795,62.72982372715924,Medium
139,3.077,547,1,1.0,226.8,1.02,108,1.4053614238371164,0.6931471805599453,0.6931471805599453,4.6913478822291435,0,0.25476839237057225,3.786301162394457e-05,0.00015810276679841898,62.734121672843926,Medium
140,0.794,547,4,8.0,167.68,1.0,384,0.5844477636366044,1.6094379124341003,2.1972245773362196,5.953243334287785,0,0.25476839237057225,0.00030290409299155657,0.0006324110671936759,62.716684274394986,Medium
141,2.8,547,1,3.0,226.8,1.02,108,1.33500106673234,0.6931471805599453,1.3862943611198906,4.6913478822291435,0,0.25476839237057225,0.0001135890348718337,0.00015810276679841898,62.7318498921465,Medium
142,5.212,547,2,2.0,293.76,1.05,72,1.8264829052864406,1.0986122886681098,1.0986122886681098,4.290459441148391,0,0.25476839237057225,7.572602324788914e-05,0.00031620553359683795,62.72982372715924,Medium
143,0.88,547,1,3.0,167.68,1.0,384,0.6312717768418579,0.6931471805599453,1.3862943611198906,5.953243334287785,0,0.25476839237057225,0.0001135890348718337,0.00015810276679841898,62.7318498921465,Medium
144,11.579,547,4,4.0,325.12,0.8,32,2.5320287568567355,1.6094379124341003,1.6094379124341003,3.4965075614664802,0,0.25476839237057225,0.00015145204649577828,0.0006324110671936759,62.72122783578986,Medium
145,2.849,547,6,11.0,226.8,1.02,108,1.3478133743016092,1.9459101490553132,2.4849066497880004,4.6913478822291435,0,0.25476839237057225,0.00041649312786339027,0.0009486166007905138,62.706952492676905,Medium
146,4.866,547,0,0.0,261.54,1.05,72,1.7691729705552592,0.0,0.0,4.290459441148391,0,0.25476839237057225,0.0,0.0,62.73841961852862,Medium
147,0.877,547,9,21.0,167.68,1.0,384,0.6296747576043717,2.302585092994046,3.091042453358316,5.953243334287785,0,0.25476839237057225,0.0007951232441028359,0.0014229249011857706,62.68610742318182,Medium
148,12.584,547,4,4.0,325.12,0.8,32,2.6088926295689916,1.6094379124341003,1.6094379124341003,3.4965075614664802,0,0.25476839237057225,0.00015145204649577828,0.0006324110671936759,62.72122783578986,Medium
149,3.072,547,5,5.0,226.8,1.02,108,1.4041342792482217,1.791759469228055,1.791759469228055,4.6913478822291435,0,0.25476839237057225,0.00018931505811972283,0.0007905138339920949,62.71692989010518,Medium
150,5.674,547,5,6.0,293.76,1.05,72,1.8982193803291822,1.791759469228055,1.9459101490553132,4.290459441148391,0,0.25476839237057225,0.0002271780697436674,0.0007905138339920949,62.715793999756464,Medium
151,0.82,547,1,3.0,167.68,1.0,384,0.598836501088704,0.6931471805599453,1.3862943611198906,5.953243334287785,0,0.25476839237057225,0.0001135890348718337,0.00015810276679841898,62.7318498921465,Medium
152,2.263,547,5,7.0,165.78,1.02,108,1.1826470176111836,1.791759469228055,2.0794415416798357,4.6913478822291435,0,0.25476839237057225,0.00026504108136761196,0.0007905138339920949,62.714658109407736,Medium
153,4.532,547,0,0.0,261.54,1.05,72,1.7105494138025117,0.0,0.0,4.290459441148391,0,0.25476839237057225,0.0,0.0,62.73841961852862,Medium
154,9.274,547,0,0.0,261.12,0.72,32,2.329616432045076,0.0,0.0,3.4965075614664802,0,0.25476839237057225,0.0,0.0,62.73841961852862,Medium
155,0.83,547,8,20.0,167.68,1.0,384,0.6043159668533294,2.1972245773362196,3.044522437723423,5.953243334287785,0,0.25476839237057225,0.0007572602324788913,0.0012648221343873518,62.6904053688665,Medium
156,12.353,547,0,0.0,325.12,0.8,32,2.591741078701827,0.0,0.0,3.4965075614664802,0,0.25476839237057225,0.0,0.0,62.73841961852862,Medium
157,2.979,547,2,4.0,226.8,1.02,108,1.3810305314447917,1.0986122886681098,1.6094379124341003,4.6913478822291435,0,0.25476839237057225,0.00015145204649577828,0.00031620553359683795,62.7275519464618,Medium
158,5.353,547,5,6.0,293.76,1.05,72,1.8489271422843963,1.791759469228055,1.9459101490553132,4.290459441148391,0,0.25476839237057225,0.0002271780697436674,0.0007905138339920949,62.715793999756464,Medium
159,0.747,547,0,0.0,167.68,1.0,384,0.5579000311519196,0.0,0.0,5.953243334287785,0,0.25476839237057225,0.0,0.0,62.73841961852862,Medium
160,1.23,365,27,1165.0,147.6,0.0,180,0.8020015854720274,3.332204510175204,7.061334366910438,5.198497031265826,1,0.5027247956403269,0.04411040854189542,0.004268774703557313,73.72755203168833,High
161,10.807,547,0,0.0,325.12,0.8,32,2.468692575924973,0.0,0.0,3.4965075614664802,0,0.25476839237057225,0.0,0.0,62.73841961852862,Medium
162,16.201,365,5,6.0,641.34,1.68,42,2.844967521664254,1.791759469228055,1.9459101490553132,3.7612001156935624,0,0.5027247956403269,0.0002271780697436674,0.0007905138339920949,75.1136141632442,High
163,2.736,547,1,1.0,226.8,1.02,108,1.3180155203665962,0.6931471805599453,0.6931471805599453,4.6913478822291435,0,0.25476839237057225,3.786301162394457e-05,0.00015810276679841898,62.734121672843926,Medium
164,3.55,365,0,0.0,266.4,1.02,108,1.5151272329628591,0.0,0.0,4.6913478822291435,0,0.5027247956403269,0.0,0.0,75.13623978201633,High
165,4.784,547,0,0.0,293.76,1.05,72,1.7550954848564635,0.0,0.0,4.290459441148391,0,0.25476839237057225,0.0,0.0,62.73841961852862,Medium
166,0.76,547,9,21.0,167.68,1.0,384,0.5653138090500605,2.302585092994046,3.091042453358316,5.953243334287785,0,0.25476839237057225,0.0007951232441028359,0.0014229249011857706,62.68610742318182,Medium
167,1.35,365,134,2722.0,147.6,1.17,180,0.8544153281560676,4.90527477843843,7.909489492673759,5.198497031265826,1,0.5027247956403269,0.10306311764037712,0.021185770750988143,71.62063083778527,High
168,11.795,547,2,2.0,325.12,0.8,32,2.549054469611752,1.0986122886681098,1.0986122886681098,3.4965075614664802,0,0.25476839237057225,7.572602324788914e-05,0.00031620553359683795,62.72982372715924,Medium
169,18.308,365,2,5.0,641.34,1.68,42,2.9605195177982466,1.0986122886681098,1.791759469228055,3.7612001156935624,0,0.5027247956403269,0.00018931505811972283,0.00031620553359683795,75.12423621960082,High
170,2.72,547,8,11.0,226.8,1.02,108,1.3137236682850553,2.1972245773362196,2.4849066497880004,4.6913478822291435,0,0.25476839237057225,0.00041649312786339027,0.0012648221343873518,62.700628382004965,Medium
171,0.0,365,0,0.0,0.0,0.0,0,0.0,0.0,0.0,0.0,0,0.5027247956403269,0.0,0.0,75.13623978201633,High
172,5.314,547,7,7.0,293.76,1.05,72,1.8427693901358,2.0794415416798357,2.0794415416798357,4.290459441148391,0,0.25476839237057225,0.00026504108136761196,0.0011067193675889327,62.70833399873581,Medium
173,0.8,547,6,24.0,167.68,1.0,384,0.5877866649021191,1.9459101490553132,3.2188758248682006,5.953243334287785,0,0.25476839237057225,0.0009087122789746696,0.0009486166007905138,62.692185918143565,Medium
174,1.42,547,1,50.0,147.6,1.17,180,0.883767540168595,0.6931471805599453,3.9318256327243257,5.198497031265826,0,0.25476839237057225,0.0018931505811972285,0.00015810276679841898,62.67846304575673,Medium
175,12.685,547,1,1.0,325.12,0.8,32,2.6163003424926425,0.6931471805599453,0.6931471805599453,3.4965075614664802,0,0.25476839237057225,3.786301162394457e-05,0.00015810276679841898,62.734121672843926,Medium
176,2.933,547,4,4.0,226.8,1.02,108,1.3694024934496725,1.6094379124341003,1.6094379124341003,4.6913478822291435,0,0.25476839237057225,0.00015145204649577828,0.0006324110671936759,62.72122783578986,Medium
177,5.62,547,0,0.0,293.76,1.05,72,1.890095369948917,0.0,0.0,4.290459441148391,0,0.25476839237057225,0.0,0.0,62.73841961852862,Medium
178,1.03,547,0,0.0,167.68,1.0,384,0.708035793053696,0.0,0.0,5.953243334287785,0,0.25476839237057225,0.0,0.0,62.73841961852862,Medium
179,2.722,547,1,1.0,226.8,1.02,108,1.314261158220059,0.6931471805599453,0.6931471805599453,4.6913478822291435,0,0.25476839237057225,3.786301162394457e-05,0.00015810276679841898,62.734121672843926,Medium
180,0.837,547,4,17.0,167.68,1.0,384,0.6081338062329886,1.6094379124341003,2.8903717578961645,5.953243334287785,0,0.25476839237057225,0.0006436711976070576,0.0006324110671936759,62.70646126125652,Medium
181,1.3,547,7,130.0,147.6,0.0,180,0.832909122935104,2.0794415416798357,4.875197323201151,5.198497031265826,1,0.25476839237057225,0.004922191511112794,0.0011067193675889327,62.56861948584345,Medium
182,10.93,547,0,0.0,325.12,0.8,32,2.4790562361098245,0.0,0.0,3.4965075614664802,0,0.25476839237057225,0.0,0.0,62.73841961852862,Medium
183,2.608,547,13,22.0,226.8,1.02,108,1.2831536022003773,2.6390573296152584,3.1354942159291497,4.6913478822291435,0,0.25476839237057225,0.0008329862557267805,0.0020553359683794467,62.67232331148922,Medium
184,4.789,547,1,1.0,293.76,1.05,72,1.7559595650968676,0.6931471805599453,0.6931471805599453,4.290459441148391,0,0.25476839237057225,3.786301162394457e-05,0.00015810276679841898,62.734121672843926,Medium
185,0.939,547,4,13.0,167.68,1.0,384,0.6621723762605146,1.6094379124341003,2.6390573296152584,5.953243334287785,0,0.25476839237057225,0.0004922191511112794,0.0006324110671936759,62.7110048226514,Medium
186,1.5,365,98,1389.0,147.6,1.17,180,0.9162907318741551,4.59511985013459,7.237059026124737,5.198497031265826,1,0.5027247956403269,0.052591723145659006,0.01549407114624506,73.24860666472168,High
187,12.716,547,3,3.0,325.12,0.8,32,2.618563034600674,1.3862943611198906,1.3862943611198906,3.4965075614664802,0,0.25476839237057225,0.0001135890348718337,0.0004743083003952569,62.72552578147456,Medium
188,19.14,365,0,0.0,0.0,1.1,21,3.0027078872904163,0.0,0.0,3.091042453358316,0,0.5027247956403269,0.0,0.0,75.13623978201633,High
189,3.014,547,4,5.0,226.8,1.02,108,1.3897882503741463,1.6094379124341003,1.791759469228055,4.6913478822291435,0,0.25476839237057225,0.00018931505811972283,0.0006324110671936759,62.72009194544115,Medium
190,5.647,547,0,0.0,293.76,1.05,72,1.8941656250594447,0.0,0.0,4.290459441148391,0,0.25476839237057225,0.0,0.0,62.73841961852862,Medium
191,0.0,547,0,0.0,0.0,0.0,0,0.0,0.0,0.0,0.0,0,0.25476839237057225,0.0,0.0,62.73841961852862,Medium
192,0.826,547,2,10.0,167.68,1.0,384,0.6021277821727766,1.0986122886681098,2.3978952727983707,5.953243334287785,0,0.25476839237057225,0.00037863011623944567,0.00031620553359683795,62.7207366043695,Medium
193,1.34,365,76,2054.0,147.6,1.17,180,0.8501509293696101,4.343805421853684,7.628031126930335,5.198497031265826,1,0.5027247956403269,0.07777062587558214,0.012015810276679842,72.56280480021529,High
194,11.577,547,6,7.0,325.12,0.8,32,2.5318697490650184,1.9459101490553132,2.0794415416798357,3.4965075614664802,0,0.25476839237057225,0.00026504108136761196,0.0009486166007905138,62.71149605407178,Medium
195,17.525,365,0,0.0,0.0,0.0,0,2.9191211711821503,0.0,0.0,0.0,0,0.5027247956403269,0.0,0.0,75.13623978201633,High
196,16.879,365,1,2.0,641.34,1.68,42,2.883626839769683,0.6931471805599453,1.0986122886681098,3.7612001156935624,0,0.5027247956403269,7.572602324788914e-05,0.00015810276679841898,75.13080594598294,High
197,2.905,547,9,15.0,226.8,1.02,108,1.3622577832916491,2.302585092994046,2.772588722239781,4.6913478822291435,0,0.25476839237057225,0.0005679451743591685,0.0014229249011857706,62.69292276527412,Medium
198,5.294,547,15,19.0,293.76,1.05,72,1.839596798642215,2.772588722239781,2.995732273553991,4.290459441148391,0,0.25476839237057225,0.0007193972208549468,0.0023715415019762848,62.669406871863444,Medium
199,0.821,547,1,2.0,167.68,1.0,384,0.5993858007454709,0.6931471805599453,1.0986122886681098,5.953243334287785,0,0.25476839237057225,7.572602324788914e-05,0.00015810276679841898,62.73298578249521,Medium
200,0.0,365,27,1770.0,147.6,0.0,180,0.0,3.332204510175204,7.479299637782834,5.198497031265826,1,0.5027247956403269,0.06701753057438188,0.004268774703557313,73.04033837071374,High
201,2.78,547,4,4.0,226.8,1.02,108,1.3297240096314962,1.6094379124341003,1.6094379124341003,4.6913478822291435,0,0.25476839237057225,0.00015145204649577828,0.0006324110671936759,62.72122783578986,Medium
202,0.87,547,1,6.0,167.68,1.0,384,0.6259384308664953,0.6931471805599453,1.9459101490553132,5.953243334287785,0,0.25476839237057225,0.0002271780697436674,0.00015810276679841898,62.72844222110033,Medium
203,0.0,365,0,0.0,0.0,0.0,0,0.0,0.0,0.0,0.0,0,0.5027247956403269,0.0,0.0,75.13623978201633,High
204,3.08,547,0,0.0,226.8,1.02,108,1.4060969884160703,0.0,0.0,4.6913478822291435,0,0.25476839237057225,0.0,0.0,62.73841961852862,Medium
205,0.79,547,3,4.0,167.68,1.0,384,0.5822156198526637,1.3862943611198906,1.6094379124341003,5.953243334287785,0,0.25476839237057225,0.00015145204649577828,0.0004743083003952569,62.72438989112583,Medium
206,1.6,365,44,814.0,147.6,1.17,180,0.9555114450274363,3.8066624897703196,6.703188113240863,5.198497031265826,1,0.5027247956403269,0.030820491461890878,0.006956521739130435,74.07249460337701,High
207,3.192,547,2,2.0,226.8,1.02,108,1.4331779470187411,1.0986122886681098,1.0986122886681098,4.6913478822291435,0,0.25476839237057225,7.572602324788914e-05,0.00031620553359683795,62.72982372715924,Medium
208,5.552,547,0,0.0,293.76,1.05,72,1.8797703465507682,0.0,0.0,4.290459441148391,0,0.25476839237057225,0.0,0.0,62.73841961852862,Medium
209,0.924,547,2,6.0,167.68,1.0,384,0.6544063522435148,1.0986122886681098,1.9459101490553132,5.953243334287785,0,0.25476839237057225,0.0002271780697436674,0.00031620553359683795,62.725280165764374,Medium
210,2.0125,365,0,0.0,0.0,0.0,0,1.1027702988167734,0.0,0.0,0.0,0,0.5027247956403269,0.0,0.0,75.13623978201633,High
211,11.787,547,4,4.0,325.12,0.8,32,2.5484290298290313,1.6094379124341003,1.6094379124341003,3.4965075614664802,0,0.25476839237057225,0.00015145204649577828,0.0006324110671936759,62.72122783578986,Medium
212,2.83,547,2,2.0,226.8,1.02,108,1.3428648031925547,1.0986122886681098,1.0986122886681098,4.6913478822291435,0,0.25476839237057225,7.572602324788914e-05,0.00031620553359683795,62.72982372715924,Medium
213,5.241,547,9,10.0,293.76,1.05,72,1.831140425951906,2.302585092994046,2.3978952727983707,4.290459441148391,0,0.25476839237057225,0.00037863011623944567,0.0014229249011857706,62.698602217017715,Medium
214,0.84,547,2,4.0,167.68,1.0,384,0.6097655716208943,1.0986122886681098,1.6094379124341003,5.953243334287785,0,0.25476839237057225,0.00015145204649577828,0.00031620553359683795,62.7275519464618,Medium
215,2.259,547,4,4.0,165.78,1.02,108,1.1814203998554245,1.6094379124341003,1.6094379124341003,4.6913478822291435,0,0.25476839237057225,0.00015145204649577828,0.0006324110671936759,62.72122783578986,Medium
216,4.422,547,0,0.0,261.54,1.05,72,1.6904647510764736,0.0,0.0,4.290459441148391,0,0.25476839237057225,0.0,0.0,62.73841961852862,Medium
217,0.86,547,8,18.0,167.68,1.0,384,0.6205764877251099,2.1972245773362196,2.9444389791664403,5.953243334287785,0,0.25476839237057225,0.0006815342092310022,0.0012648221343873518,62.692677149563934,Medium
218,11.917,547,3,3.0,325.12,0.8,32,2.5585442732498787,1.3862943611198906,1.3862943611198906,3.4965075614664802,0,0.25476839237057225,0.0001135890348718337,0.0004743083003952569,62.72552578147456,Medium
219,2.999,547,2,4.0,226.8,1.02,108,1.3860443298646814,1.0986122886681098,1.6094379124341003,4.6913478822291435,0,0.25476839237057225,0.00015145204649577828,0.00031620553359683795,62.7275519464618,Medium
220,5.47,547,0,0.0,293.76,1.05,72,1.8671761085128091,0.0,0.0,4.290459441148391,0,0.25476839237057225,0.0,0.0,62.73841961852862,Medium
221,0.91,547,1,3.0,167.68,1.0,384,0.6471032420585384,0.6931471805599453,1.3862943611198906,5.953243334287785,0,0.25476839237057225,0.0001135890348718337,0.00015810276679841898,62.7318498921465,Medium
222,1.6,365,0,0.0,147.6,1.17,180,0.9555114450274363,0.0,0.0,5.198497031265826,0,0.5027247956403269,0.0,0.0,75.13623978201633,High
223,2.357,547,4,5.0,165.78,1.02,108,1.211047717997898,1.6094379124341003,1.791759469228055,4.6913478822291435,0,0.25476839237057225,0.00018931505811972283,0.0006324110671936759,62.72009194544115,Medium
224,5.092,547,2,2.0,261.54,1.05,72,1.8069764350329154,1.0986122886681098,1.0986122886681098,4.290459441148391,0,0.25476839237057225,7.572602324788914e-05,0.00031620553359683795,62.72982372715924,Medium
225,0.99,547,3,8.0,167.68,1.0,384,0.688134638736401,1.3862943611198906,2.1972245773362196,5.953243334287785,0,0.25476839237057225,0.00030290409299155657,0.0004743083003952569,62.719846329730956,Medium
226,3.67,547,2,3.0,226.8,1.02,108,1.541159071680806,1.0986122886681098,1.3862943611198906,4.6913478822291435,0,0.25476839237057225,0.0001135890348718337,0.00031620553359683795,62.72868783681053,Medium
227,6.31,547,1,1.0,293.76,1.05,72,1.9892432737616872,0.6931471805599453,0.6931471805599453,4.290459441148391,0,0.25476839237057225,3.786301162394457e-05,0.00015810276679841898,62.734121672843926,Medium
228,0.86,547,8,15.0,167.68,1.0,384,0.6205764877251099,2.1972245773362196,2.772588722239781,5.953243334287785,0,0.25476839237057225,0.0005679451743591685,0.0012648221343873518,62.69608482061009,Medium
229,1.944,365,0,0.0,147.6,1.17,180,1.0797692008666298,0.0,0.0,5.198497031265826,0,0.5027247956403269,0.0,0.0,75.13623978201633,High
230,3.04,547,3,3.0,226.8,1.02,108,1.3962446919730587,1.3862943611198906,1.3862943611198906,4.6913478822291435,0,0.25476839237057225,0.0001135890348718337,0.0004743083003952569,62.72552578147456,Medium
231,0.9,547,2,15.0,167.68,1.0,384,0.6418538861723948,1.0986122886681098,2.772588722239781,5.953243334287785,0,0.25476839237057225,0.0005679451743591685,0.00031620553359683795,62.71505715262591,Medium
232,1.824,365,27,1859.0,147.6,1.17,180,1.0381543196309957,3.332204510175204,7.528331766707247,5.198497031265826,1,0.5027247956403269,0.07038733860891296,0.004268774703557313,72.93924412967782,High
233,2.853,547,4,5.0,226.8,1.02,108,1.3488520656440206,1.6094379124341003,1.791759469228055,4.6913478822291435,0,0.25476839237057225,0.00018931505811972283,0.0006324110671936759,62.72009194544115,Medium
234,0.94,547,0,0.0,167.68,1.0,384,0.6626879730752367,0.0,0.0,5.953243334287785,0,0.25476839237057225,0.0,0.0,62.73841961852862,Medium
235,2.016,365,0,0.0,294.0,1.13,350,1.1039314501457096,0.0,0.0,5.860786223465865,0,0.5027247956403269,0.0,0.0,75.13623978201633,High
236,2.37,547,0,0.0,165.78,1.02,108,1.2149127443642704,0.0,0.0,4.6913478822291435,0,0.25476839237057225,0.0,0.0,62.73841961852862,Medium
237,0.0,547,0,0.0,0.0,0.0,0,0.0,0.0,0.0,0.0,0,0.25476839237057225,0.0,0.0,62.73841961852862,Medium
238,0.978,547,0,0.0,167.68,1.0,384,0.6820862332005203,0.0,0.0,5.953243334287785,0,0.25476839237057225,0.0,0.0,62.73841961852862,Medium
239,1.908,365,0,0.0,147.6,1.17,180,1.067465559671273,0.0,0.0,5.198497031265826,0,0.5027247956403269,0.0,0.0,75.13623978201633,High
240,3.08,547,1,2.0,226.8,1.02,108,1.4060969884160703,0.6931471805599453,1.0986122886681098,4.6913478822291435,0,0.25476839237057225,7.572602324788914e-05,0.00015810276679841898,62.73298578249521,Medium
241,0.9,547,4,12.0,167.68,1.0,384,0.6418538861723948,1.6094379124341003,2.5649493574615367,5.953243334287785,0,0.25476839237057225,0.0004543561394873348,0.0006324110671936759,62.71214071300012,Medium
242,0.0,365,0,0.0,0.0,0.0,0,0.0,0.0,0.0,0.0,0,0.5027247956403269,0.0,0.0,75.13623978201633,High
243,3.3,547,1,2.0,226.8,1.02,108,1.4586150226995167,0.6931471805599453,1.0986122886681098,4.6913478822291435,0,0.25476839237057225,7.572602324788914e-05,0.00015810276679841898,62.73298578249521,Medium
244,0.0,365,0,0.0,0.0,0.0,0,0.0,0.0,0.0,0.0,0,0.5027247956403269,0.0,0.0,75.13623978201633,High
245,5.27,365,1,1.0,66.96,0.94,216,1.8357763546448294,0.6931471805599453,0.6931471805599453,5.37989735354046,0,0.5027247956403269,3.786301162394457e-05,0.00015810276679841898,75.13194183633166,High
246,12.39,547,0,0.0,325.12,0.8,32,2.5945081597030812,0.0,0.0,3.4965075614664802,0,0.25476839237057225,0.0,0.0,62.73841961852862,Medium
247,6.203,547,0,0.0,0.0,0.0,0,1.974497605907226,0.0,0.0,0.0,0,0.25476839237057225,0.0,0.0,62.73841961852862,Medium
248,13.152,547,0,0.0,325.12,0.8,32,2.649855956857484,0.0,0.0,3.4965075614664802,0,0.25476839237057225,0.0,0.0,62.73841961852862,Medium
249,0.0,365,0,0.0,0.0,0.0,0,0.0,0.0,0.0,0.0,0,0.5027247956403269,0.0,0.0,75.13623978201633,High
250,1.881,730,10,24.0,336.96,0.9,288,1.0581374561023915,2.3978952727983707,3.2188758248682006,5.666426688112432,0,0.00544959128065392,0.0009087122789746696,0.0015810276679841897,50.213597642303775,Medium
251,1.85,730,4,6.0,336.96,0.9,288,1.0473189942805592,1.6094379124341003,1.9459101490553132,5.666426688112432,0,0.00544959128065392,0.0002271780697436674,0.0006324110671936759,50.2530160005965,Medium
252,1.76,730,3,3.0,336.96,0.9,288,1.0152306797290584,1.3862943611198906,1.3862943611198906,5.666426688112432,0,0.00544959128065392,0.0001135890348718337,0.0004743083003952569,50.25958572697864,Medium
253,1.95,730,2,2.0,336.96,0.9,288,1.0818051703517284,1.0986122886681098,1.0986122886681098,5.666426688112432,0,0.00544959128065392,7.572602324788914e-05,0.00031620553359683795,50.263883672663326,Medium
254,2.04,730,2,2.0,336.96,0.9,288,1.1118575154181303,1.0986122886681098,1.0986122886681098,5.666426688112432,0,0.00544959128065392,7.572602324788914e-05,0.00031620553359683795,50.263883672663326,Medium
255,1.65,730,0,0.0,336.96,0.9,288,0.9745596399981308,0.0,0.0,5.666426688112432,0,0.00544959128065392,0.0,0.0,50.27247956403269,Medium
256,1.88,730,1,1.0,336.96,0.9,288,1.0577902941478545,0.6931471805599453,0.6931471805599453,5.666426688112432,0,0.00544959128065392,3.786301162394457e-05,0.00015810276679841898,50.26818161834801,Medium
257,1.829,730,1,1.0,336.96,0.9,288,1.0399232923194301,0.6931471805599453,0.6931471805599453,5.666426688112432,0,0.00544959128065392,3.786301162394457e-05,0.00015810276679841898,50.26818161834801,Medium
258,1.789,730,15,29.0,336.96,0.9,288,1.0256831086453517,2.772588722239781,3.4011973816621555,5.666426688112432,0,0.00544959128065392,0.0010980273370943924,0.0023715415019762848,50.192107913880335,Medium
259,0.39,730,3,10.0,529.2,0.9,2160,0.3293037471426004,1.3862943611198906,2.3978952727983707,7.6783263565068856,0,0.00544959128065392,0.00037863011623944567,0.0004743083003952569,50.25163449453761,Medium
260,1.818,730,5,8.0,336.96,0.9,288,1.0360274134764884,1.791759469228055,2.1972245773362196,5.666426688112432,0,0.00544959128065392,0.00030290409299155657,0.0007905138339920949,50.24758216456311,Medium
261,1.85,730,8,8.0,336.96,0.9,288,1.0473189942805592,2.1972245773362196,2.1972245773362196,5.666426688112432,0,0.00544959128065392,0.00030290409299155657,0.0012648221343873518,50.238095998555195,Medium
262,1.857,730,0,0.0,336.96,0.9,288,1.0497721232486361,0.0,0.0,5.666426688112432,0,0.00544959128065392,0.0,0.0,50.27247956403269,Medium
263,1.72,730,0,0.0,336.96,0.9,288,1.000631880307906,0.0,0.0,5.666426688112432,0,0.00544959128065392,0.0,0.0,50.27247956403269,Medium
264,1.8,730,128,203.0,336.96,0.9,288,1.0296194171811581,4.859812404361672,5.318119993844216,5.666426688112432,1,0.00544959128065392,0.007686191359660748,0.02023715415019763,49.63715074023892,Medium
265,1.82,730,12,14.0,336.96,0.9,288,1.0367368849500223,2.5649493574615367,2.70805020110221,5.666426688112432,0,0.00544959128065392,0.0005300821627352239,0.0018972332015810276,50.21863243511901,Medium
266,1.742,730,9,11.0,336.96,0.9,288,1.0086875811401226,2.302585092994046,2.4849066497880004,5.666426688112432,0,0.00544959128065392,0.00041649312786339027,0.0014229249011857706,50.23152627217308,Medium
267,1.57,730,18,24.0,336.96,0.9,288,0.9439058989071284,2.9444389791664403,3.2188758248682006,5.666426688112432,0,0.00544959128065392,0.0009087122789746696,0.0028458498023715413,50.18830119961603,Medium
268,0.975,547,0,0.0,207.68,1.0,384,0.6805683983530851,0.0,0.0,5.953243334287785,0,0.25476839237057225,0.0,0.0,62.73841961852862,Medium
269,2.205,547,1,1.0,165.78,1.02,108,1.1647120903726333,0.6931471805599453,0.6931471805599453,4.6913478822291435,0,0.25476839237057225,3.786301162394457e-05,0.00015810276679841898,62.734121672843926,Medium
270,5.5298,547,0,0.0,221.04,1.05,72,1.876376314947934,0.0,0.0,4.290459441148391,0,0.25476839237057225,0.0,0.0,62.73841961852862,Medium
271,1.05,547,2,3.0,207.68,1.0,384,0.7178397931503169,1.0986122886681098,1.3862943611198906,5.953243334287785,0,0.25476839237057225,0.0001135890348718337,0.00031620553359683795,62.72868783681053,Medium
272,2.32,547,1,1.0,165.78,1.02,108,1.199964782928397,0.6931471805599453,0.6931471805599453,4.6913478822291435,0,0.25476839237057225,3.786301162394457e-05,0.00015810276679841898,62.734121672843926,Medium
273,5.425,547,0,0.0,221.04,1.05,72,1.8601966307812834,0.0,0.0,4.290459441148391,0,0.25476839237057225,0.0,0.0,62.73841961852862,Medium
274,1.428,547,0,0.0,207.68,1.0,384,0.8870678731972518,0.0,0.0,5.953243334287785,0,0.25476839237057225,0.0,0.0,62.73841961852862,Medium
275,2.48,547,0,0.0,165.78,1.02,108,1.247032293786383,0.0,0.0,4.6913478822291435,0,0.25476839237057225,0.0,0.0,62.73841961852862,Medium
276,5.8274,547,0,0.0,221.04,1.05,72,1.9209439276088809,0.0,0.0,4.290459441148391,0,0.25476839237057225,0.0,0.0,62.73841961852862,Medium
277,2.63,547,0,0.0,165.78,1.02,108,1.2892326482767593,0.0,0.0,4.6913478822291435,0,0.25476839237057225,0.0,0.0,62.73841961852862,Medium
278,8.138,547,0,0.0,243.84,0.72,32,2.2124415431410798,0.0,0.0,3.4965075614664802,0,0.25476839237057225,0.0,0.0,62.73841961852862,Medium
279,15.322,365,0,0.0,641.34,1.68,42,2.7925138910470513,0.0,0.0,3.7612001156935624,0,0.5027247956403269,0.0,0.0,75.13623978201633,High
280,4.04,547,0,0.0,221.04,1.05,72,1.6174060820832772,0.0,0.0,4.290459441148391,0,0.25476839237057225,0.0,0.0,62.73841961852862,Medium
281,21.84,365,1,2.0,641.34,1.68,42,3.1285133847878095,0.6931471805599453,1.0986122886681098,3.7612001156935624,0,0.5027247956403269,7.572602324788914e-05,0.00015810276679841898,75.13080594598294,High
282,4.73,547,0,0.0,221.04,1.05,72,1.7457155307266483,0.0,0.0,4.290459441148391,0,0.25476839237057225,0.0,0.0,62.73841961852862,Medium
283,16.46,365,0,0.0,641.34,1.68,42,2.859912550411456,0.0,0.0,3.7612001156935624,0,0.5027247956403269,0.0,0.0,75.13623978201633,High
284,5.568,547,0,0.0,0.0,0.0,0,1.882209372150127,0.0,0.0,0.0,0,0.25476839237057225,0.0,0.0,62.73841961852862,Medium
285,1.08,547,2,2.0,207.68,1.0,384,0.7323678937132266,1.0986122886681098,1.0986122886681098,5.953243334287785,0,0.25476839237057225,7.572602324788914e-05,0.00031620553359683795,62.72982372715924,Medium
286,2.6,547,1,1.0,165.78,1.02,108,1.2809338454620642,0.6931471805599453,0.6931471805599453,4.6913478822291435,0,0.25476839237057225,3.786301162394457e-05,0.00015810276679841898,62.734121672843926,Medium
287,4.74,547,0,0.0,221.04,1.05,72,1.747459210331475,0.0,0.0,4.290459441148391,0,0.25476839237057225,0.0,0.0,62.73841961852862,Medium
288,1.13,547,0,0.0,207.68,1.0,384,0.7561219797213337,0.0,0.0,5.953243334287785,0,0.25476839237057225,0.0,0.0,62.73841961852862,Medium
289,2.41,547,0,0.0,165.78,1.02,108,1.2267122912954254,0.0,0.0,4.6913478822291435,0,0.25476839237057225,0.0,0.0,62.73841961852862,Medium
290,4.24,547,0,0.0,221.04,1.05,72,1.6563214983329508,0.0,0.0,4.290459441148391,0,0.25476839237057225,0.0,0.0,62.73841961852862,Medium
291,1.512,547,0,0.0,207.68,1.0,384,0.9210792486059522,0.0,0.0,5.953243334287785,0,0.25476839237057225,0.0,0.0,62.73841961852862,Medium
292,3.228,547,0,0.0,165.78,1.02,108,1.441729068007991,0.0,0.0,4.6913478822291435,0,0.25476839237057225,0.0,0.0,62.73841961852862,Medium
293,6.1318,547,0,0.0,221.04,1.05,72,1.9645636569829026,0.0,0.0,4.290459441148391,0,0.25476839237057225,0.0,0.0,62.73841961852862,Medium
294,2.42,730,1,1.0,489.6,1.62,288,1.2296405510745139,0.6931471805599453,0.6931471805599453,5.666426688112432,0,0.00544959128065392,3.786301162394457e-05,0.00015810276679841898,50.26818161834801,Medium
295,2.343,730,0,0.0,489.6,1.62,288,1.2068686074379615,0.0,0.0,5.666426688112432,0,0.00544959128065392,0.0,0.0,50.27247956403269,Medium
296,3.456,730,0,0.0,489.6,1.62,288,1.4942515026249827,0.0,0.0,5.666426688112432,0,0.00544959128065392,0.0,0.0,50.27247956403269,Medium
297,0.0,547,0,0.0,0.0,0.0,0,0.0,0.0,0.0,0.0,0,0.25476839237057225,0.0,0.0,62.73841961852862,Medium
298,0.15,547,0,0.0,105.6,1.56,1920,0.1397619423751587,0.0,0.0,7.560601162768557,0,0.25476839237057225,0.0,0.0,62.73841961852862,Medium
299,15.355,365,0,0.0,641.34,1.68,42,2.7945336609903473,0.0,0.0,3.7612001156935624,0,0.5027247956403269,0.0,0.0,75.13623978201633,High
300,21.768,365,0,0.0,657.72,1.44,36,3.1253560413474966,0.0,0.0,3.6109179126442243,0,0.5027247956403269,0.0,0.0,75.13623978201633,High
301,5.08,547,0,0.0,0.0,0.0,0,1.8050046959780757,0.0,0.0,0.0,0,0.25476839237057225,0.0,0.0,62.73841961852862,Medium
302,1.932,547,4,10.0,198.0,1.02,180,1.075684784024405,1.6094379124341003,2.3978952727983707,5.198497031265826,0,0.25476839237057225,0.00037863011623944567,0.0006324110671936759,62.71441249369756,Medium
303,19.72,365,2,2.0,641.34,1.68,42,3.031099417391282,1.0986122886681098,1.0986122886681098,3.7612001156935624,0,0.5027247956403269,7.572602324788914e-05,0.00031620553359683795,75.12764389064698,High
304,5.447,547,0,0.0,293.76,1.05,72,1.863614906328483,0.0,0.0,4.290459441148391,0,0.25476839237057225,0.0,0.0,62.73841961852862,Medium
305,17.039,365,9,16.0,641.34,1.68,42,2.8925360807255416,2.302585092994046,2.833213344056216,3.7612001156935624,0,0.5027247956403269,0.0006058081859831131,0.0014229249011857706,75.08960703841313,High
306,20.58,365,0,0.0,0.0,1.2,36,3.0717669598299886,0.0,0.0,3.6109179126442243,0,0.5027247956403269,0.0,0.0,75.13623978201633,High
307,5.425,547,2,2.0,293.76,1.05,72,1.8601966307812834,1.0986122886681098,1.0986122886681098,4.290459441148391,0,0.25476839237057225,7.572602324788914e-05,0.00031620553359683795,62.72982372715924,Medium
308,0.0,365,0,0.0,0.0,0.0,0,0.0,0.0,0.0,0.0,0,0.5027247956403269,0.0,0.0,75.13623978201633,High
309,0.0,547,0,0.0,0.0,0.0,0,0.0,0.0,0.0,0.0,0,0.25476839237057225,0.0,0.0,62.73841961852862,Medium
310,14.692,365,1,1.0,441.72,1.44,36,2.753151028347306,0.6931471805599453,0.6931471805599453,3.6109179126442243,0,0.5027247956403269,3.786301162394457e-05,0.00015810276679841898,75.13194183633166,High
311,5.8375,547,0,0.0,0.0,0.0,0,1.9224221677480997,0.0,0.0,0.0,0,0.25476839237057225,0.0,0.0,62.73841961852862,Medium
312,14.658,365,1,1.0,641.34,1.68,42,2.7509819684857226,0.6931471805599453,0.6931471805599453,3.7612001156935624,0,0.5027247956403269,3.786301162394457e-05,0.00015810276679841898,75.13194183633166,High
313,0.0,547,0,0.0,0.0,0.0,0,0.0,0.0,0.0,0.0,0,0.25476839237057225,0.0,0.0,62.73841961852862,Medium
314,0.0,365,0,0.0,0.0,0.0,0,0.0,0.0,0.0,0.0,0,0.5027247956403269,0.0,0.0,75.13623978201633,High
315,5.525,547,0,0.0,0.0,0.0,0,1.8756409532087572,0.0,0.0,0.0,0,0.25476839237057225,0.0,0.0,62.73841961852862,Medium
316,20.01,365,2,3.0,641.34,1.68,42,3.044998514856909,1.0986122886681098,1.3862943611198906,3.7612001156935624,0,0.5027247956403269,0.0001135890348718337,0.00031620553359683795,75.12650800029826,High
317,5.484,547,0,0.0,221.04,1.05,72,1.8693376038734297,0.0,0.0,4.290459441148391,0,0.25476839237057225,0.0,0.0,62.73841961852862,Medium
318,19.483,365,5,5.0,320.67,0.84,21,3.0195952738185188,1.791759469228055,1.791759469228055,3.091042453358316,0,0.5027247956403269,0.00018931505811972283,0.0007905138339920949,75.1147500535929,High
319,21.27,547,0,0.0,0.0,0.0,0,3.1032404812692764,0.0,0.0,0.0,0,0.25476839237057225,0.0,0.0,62.73841961852862,Medium
320,1.698,547,4,10.0,198.0,1.02,180,0.9925107577855641,1.6094379124341003,2.3978952727983707,5.198497031265826,0,0.25476839237057225,0.00037863011623944567,0.0006324110671936759,62.71441249369756,Medium
321,20.251,365,8,10.0,641.34,1.68,42,3.0564039530867237,2.1972245773362196,2.3978952727983707,3.7612001156935624,0,0.5027247956403269,0.00037863011623944567,0.0012648221343873518,75.09958443584142,High
322,26.21,365,0,0.0,0.0,1.2,36,3.303584552795155,0.0,0.0,3.6109179126442243,0,0.5027247956403269,0.0,0.0,75.13623978201633,High
323,6.138,547,5,6.0,293.76,1.05,72,1.9654326250679686,1.791759469228055,1.9459101490553132,4.290459441148391,0,0.25476839237057225,0.0002271780697436674,0.0007905138339920949,62.715793999756464,Medium
324,0.0,365,0,0.0,0.0,0.0,8,0.0,0.0,0.0,2.1972245773362196,0,0.5027247956403269,0.0,0.0,75.13623978201633,High
325,16.238,365,4,4.0,641.34,1.68,42,2.8471162492252073,1.6094379124341003,1.6094379124341003,3.7612001156935624,0,0.5027247956403269,0.00015145204649577828,0.0006324110671936759,75.11904799927758,High
326,5.204,547,0,0.0,641.34,1.68,42,1.8251942453142924,0.0,0.0,3.7612001156935624,0,0.25476839237057225,0.0,0.0,62.73841961852862,Medium
327,16.57,365,0,0.0,0.0,1.2,36,2.866192902199006,0.0,0.0,3.6109179126442243,0,0.5027247956403269,0.0,0.0,75.13623978201633,High
328,16.75,365,1,1.0,641.34,1.68,42,2.8763855159214247,0.6931471805599453,0.6931471805599453,3.7612001156935624,0,0.5027247956403269,3.786301162394457e-05,0.00015810276679841898,75.13194183633166,High
329,24.725,365,0,0.0,0.0,0.0,30,3.2474632817201132,0.0,0.0,3.4339872044851463,0,0.5027247956403269,0.0,0.0,75.13623978201633,High
330,5.31,547,0,0.0,293.76,1.05,72,1.8421356765531218,0.0,0.0,4.290459441148391,0,0.25476839237057225,0.0,0.0,62.73841961852862,Medium
331,0.0,365,0,0.0,0.0,0.0,0,0.0,0.0,0.0,0.0,0,0.5027247956403269,0.0,0.0,75.13623978201633,High
332,0.0,547,0,0.0,0.0,0.0,0,0.0,0.0,0.0,0.0,0,0.25476839237057225,0.0,0.0,62.73841961852862,Medium
333,12.689,547,0,0.0,325.12,0.8,32,2.6165925906133753,0.0,0.0,3.4965075614664802,0,0.25476839237057225,0.0,0.0,62.73841961852862,Medium
334,4.635,547,1,1.0,221.04,1.05,72,1.7289971474917396,0.6931471805599453,0.6931471805599453,4.290459441148391,0,0.25476839237057225,3.786301162394457e-05,0.00015810276679841898,62.734121672843926,Medium
335,5.623,547,1,2.0,293.76,1.05,72,1.8905484395028425,0.6931471805599453,1.0986122886681098,4.290459441148391,0,0.25476839237057225,7.572602324788914e-05,0.00015810276679841898,62.73298578249521,Medium
336,0.204,547,3,559.0,105.6,1.56,1920,0.1856493468866293,1.3862943611198906,6.327936783729195,7.560601162768557,1,0.25476839237057225,0.021165423497785014,0.0004743083003952569,62.09397074758716,Medium
337,1.578,547,2,4.0,198.0,1.02,180,0.9470139045169956,1.0986122886681098,1.6094379124341003,5.198497031265826,0,0.25476839237057225,0.00015145204649577828,0.00031620553359683795,62.7275519464618,Medium
338,0.0,547,0,0.0,0.0,0.0,0,0.0,0.0,0.0,0.0,0,0.25476839237057225,0.0,0.0,62.73841961852862,Medium
339,16.215,365,1,1.0,641.34,1.68,42,2.8457810967904873,0.6931471805599453,0.6931471805599453,3.7612001156935624,0,0.5027247956403269,3.786301162394457e-05,0.00015810276679841898,75.13194183633166,High
340,5.058,547,3,5.0,293.76,1.05,72,1.8013797126050455,1.3862943611198906,1.791759469228055,4.290459441148391,0,0.25476839237057225,0.00018931505811972283,0.0004743083003952569,62.72325400077712,Medium
341,0.0,365,0,0.0,0.0,0.0,72,0.0,0.0,0.0,4.290459441148391,0,0.5027247956403269,0.0,0.0,75.13623978201633,High
342,1.59,547,0,0.0,198.0,1.02,180,0.9516578757114464,0.0,0.0,5.198497031265826,0,0.25476839237057225,0.0,0.0,62.73841961852862,Medium
343,9.38,547,0,0.0,325.12,0.8,32,2.3398808777377424,0.0,0.0,3.4965075614664802,0,0.25476839237057225,0.0,0.0,62.73841961852862,Medium
344,0.0,365,0,0.0,0.0,0.0,0,0.0,0.0,0.0,0.0,0,0.5027247956403269,0.0,0.0,75.13623978201633,High
345,14.082,365,7,7.0,641.34,1.68,42,2.7135019797804554,2.0794415416798357,2.0794415416798357,3.7612001156935624,0,0.5027247956403269,0.00026504108136761196,0.0011067193675889327,75.10615416222355,High
346,0.0,365,0,0.0,0.0,1.2,36,0.0,0.0,0.0,3.6109179126442243,0,0.5027247956403269,0.0,0.0,75.13623978201633,High
347,4.564,547,7,7.0,293.76,1.05,72,1.7163172740611965,2.0794415416798357,2.0794415416798357,4.290459441148391,0,0.25476839237057225,0.00026504108136761196,0.0011067193675889327,62.70833399873581,Medium
348,0.0,547,0,0.0,0.0,0.0,0,0.0,0.0,0.0,0.0,0,0.25476839237057225,0.0,0.0,62.73841961852862,Medium
349,19.267,365,0,0.0,641.34,1.68,42,3.008993947537176,0.0,0.0,3.7612001156935624,0,0.5027247956403269,0.0,0.0,75.13623978201633,High
350,5.238,547,0,0.0,293.76,1.05,72,1.8306596181856116,0.0,0.0,4.290459441148391,0,0.25476839237057225,0.0,0.0,62.73841961852862,Medium
351,0.0,365,0,0.0,0.0,0.0,0,0.0,0.0,0.0,0.0,0,0.5027247956403269,0.0,0.0,75.13623978201633,High
352,5.1,547,0,0.0,293.76,1.05,72,1.8082887711792655,0.0,0.0,4.290459441148391,0,0.25476839237057225,0.0,0.0,62.73841961852862,Medium
353,5.35,547,0,0.0,257.04,0.0,72,1.8484548129046001,0.0,0.0,4.290459441148391,0,0.25476839237057225,0.0,0.0,62.73841961852862,Medium
354,1.61,547,3,7.0,147.6,1.17,180,0.959350221334602,1.3862943611198906,2.0794415416798357,5.198497031265826,0,0.25476839237057225,0.00026504108136761196,0.0004743083003952569,62.72098222007968,Medium
355,1.79,365,0,0.0,148.0,1.17,180,1.0260415958332743,0.0,0.0,5.198497031265826,0,0.5027247956403269,0.0,0.0,75.13623978201633,High
356,3.181,547,2,4.0,226.8,1.02,108,1.430550452374428,1.0986122886681098,1.6094379124341003,4.6913478822291435,0,0.25476839237057225,0.00015145204649577828,0.00031620553359683795,62.7275519464618,Medium
357,0.0,547,0,0.0,0.0,0.0,0,0.0,0.0,0.0,0.0,0,0.25476839237057225,0.0,0.0,62.73841961852862,Medium
358,1.65,547,0,0.0,147.6,1.17,180,0.9745596399981308,0.0,0.0,5.198497031265826,0,0.25476839237057225,0.0,0.0,62.73841961852862,Medium
359,2.355,547,3,4.0,165.78,1.02,108,1.210451770423645,1.3862943611198906,1.6094379124341003,4.6913478822291435,0,0.25476839237057225,0.00015145204649577828,0.0004743083003952569,62.72438989112583,Medium
360,0.0,547,1,1.0,0.0,0.0,0,0.0,0.6931471805599453,0.6931471805599453,0.0,0,0.25476839237057225,3.786301162394457e-05,0.00015810276679841898,62.734121672843926,Medium
361,0.0,547,0,0.0,0.0,0.0,0,0.0,0.0,0.0,0.0,0,0.25476839237057225,0.0,0.0,62.73841961852862,Medium
362,0.0,547,0,0.0,0.0,0.0,0,0.0,0.0,0.0,0.0,0,0.25476839237057225,0.0,0.0,62.73841961852862,Medium
363,0.0,547,0,0.0,0.0,0.0,0,0.0,0.0,0.0,0.0,0,0.25476839237057225,0.0,0.0,62.73841961852862,Medium
364,0.016,547,1,720.0,105.6,1.56,1920,0.01587334915629015,0.6931471805599453,6.580639137284949,7.560601162768557,1,0.25476839237057225,0.02726136836924009,0.00015810276679841898,61.917416512115445,Medium
365,1.58,547,1,1.0,147.6,1.17,180,0.9477893989335261,0.6931471805599453,0.6931471805599453,5.198497031265826,0,0.25476839237057225,3.786301162394457e-05,0.00015810276679841898,62.734121672843926,Medium
366,12.585,547,2,2.0,325.12,0.8,32,2.608966242878311,1.0986122886681098,1.0986122886681098,3.4965075614664802,0,0.25476839237057225,7.572602324788914e-05,0.00031620553359683795,62.72982372715924,Medium
367,2.95,547,1,1.0,226.8,1.02,108,1.3737155789130306,0.6931471805599453,0.6931471805599453,4.6913478822291435,0,0.25476839237057225,3.786301162394457e-05,0.00015810276679841898,62.734121672843926,Medium
368,1.8381,547,0,0.0,0.0,0.0,0,1.0431348141988224,0.0,0.0,0.0,0,0.25476839237057225,0.0,0.0,62.73841961852862,Medium
369,0.0,547,0,0.0,0.0,0.0,0,0.0,0.0,0.0,0.0,0,0.25476839237057225,0.0,0.0,62.73841961852862,Medium
370,3.01,547,0,0.0,0.0,0.0,0,1.3887912413184778,0.0,0.0,0.0,0,0.25476839237057225,0.0,0.0,62.73841961852862,Medium
371,1.682,547,3,6.0,198.0,1.02,180,0.9865627848594868,1.3862943611198906,1.9459101490553132,5.198497031265826,0,0.25476839237057225,0.0002271780697436674,0.0004743083003952569,62.722118110428404,Medium
372,4.87,547,2,2.0,221.04,1.05,72,1.7698546338400052,1.0986122886681098,1.0986122886681098,4.290459441148391,0,0.25476839237057225,7.572602324788914e-05,0.00031620553359683795,62.72982372715924,Medium
373,10.824,547,0,0.0,277.12,0.72,32,2.470131364205846,0.0,0.0,3.4965075614664802,0,0.25476839237057225,0.0,0.0,62.73841961852862,Medium
374,1.53,547,7,17.0,147.6,1.17,180,0.9282193027394289,2.0794415416798357,2.8903717578961645,5.198497031265826,0,0.25476839237057225,0.0006436711976070576,0.0011067193675889327,62.69697509524862,Medium
375,1.58,365,3,500.0,0.0,1.1,180,0.9477893989335261,1.3862943611198906,6.2166061010848646,5.198497031265826,1,0.5027247956403269,0.018931505811972286,0.0004743083003952569,74.55880844164928,High
376,2.955,547,4,5.0,226.8,1.02,108,1.3749806012196173,1.6094379124341003,1.791759469228055,4.6913478822291435,0,0.25476839237057225,0.00018931505811972283,0.0006324110671936759,62.72009194544115,Medium
377,9.717,547,0,0.0,261.12,0.72,32,2.3718312657308602,0.0,0.0,3.4965075614664802,0,0.25476839237057225,0.0,0.0,62.73841961852862,Medium
378,0.135,547,0,0.0,0.0,0.0,0,0.126632650933366,0.0,0.0,0.0,0,0.25476839237057225,0.0,0.0,62.73841961852862,Medium
379,1.36,547,7,13.0,147.6,1.17,180,0.8586616190375187,2.0794415416798357,2.6390573296152584,5.198497031265826,0,0.25476839237057225,0.0004922191511112794,0.0011067193675889327,62.70151865664349,Medium
380,1.584,365,1,5.0,147.6,1.17,180,0.9493385859203555,0.6931471805599453,1.791759469228055,5.198497031265826,0,0.5027247956403269,0.00018931505811972283,0.00015810276679841898,75.12739827493678,High
381,2.596,547,13,23.0,226.8,1.02,108,1.279822116609374,2.6390573296152584,3.1780538303479458,4.6913478822291435,0,0.25476839237057225,0.000870849267350725,0.0020553359683794467,62.67118742114051,Medium
382,4.38,547,0,0.0,293.76,1.05,72,1.682688374173693,0.0,0.0,4.290459441148391,0,0.25476839237057225,0.0,0.0,62.73841961852862,Medium
383,8.823,547,4,4.0,261.12,0.72,32,2.2847265746927325,1.6094379124341003,1.6094379124341003,3.4965075614664802,0,0.25476839237057225,0.00015145204649577828,0.0006324110671936759,62.72122783578986,Medium
384,0.0,365,0,0.0,0.0,0.0,0,0.0,0.0,0.0,0.0,0,0.5027247956403269,0.0,0.0,75.13623978201633,High
385,1.63,547,3,4.0,147.6,1.17,180,0.9669838461896731,1.3862943611198906,1.6094379124341003,5.198497031265826,0,0.25476839237057225,0.00015145204649577828,0.0004743083003952569,62.72438989112583,Medium
386,2.54,547,1,1.0,226.8,1.02,108,1.264126727145683,0.6931471805599453,0.6931471805599453,4.6913478822291435,0,0.25476839237057225,3.786301162394457e-05,0.00015810276679841898,62.734121672843926,Medium
387,9.597,547,3,3.0,261.12,0.72,32,2.360570942192699,1.3862943611198906,1.3862943611198906,3.4965075614664802,0,0.25476839237057225,0.0001135890348718337,0.0004743083003952569,62.72552578147456,Medium
388,0.015,547,8,960.0,105.6,1.56,1920,0.014888612493750654,2.1972245773362196,6.8679744089702925,7.560601162768557,1,0.25476839237057225,0.036348491158986786,0.0012648221343873518,61.62266844107126,Medium
389,1.35,547,1,2.0,147.6,1.17,180,0.8544153281560676,0.6931471805599453,1.0986122886681098,5.198497031265826,0,0.25476839237057225,7.572602324788914e-05,0.00015810276679841898,62.73298578249521,Medium
390,2.71,547,2,2.0,226.8,1.02,108,1.3110318766193438,1.0986122886681098,1.0986122886681098,4.6913478822291435,0,0.25476839237057225,7.572602324788914e-05,0.00031620553359683795,62.72982372715924,Medium
391,0.0,365,0,0.0,0.0,0.0,0,0.0,0.0,0.0,0.0,0,0.5027247956403269,0.0,0.0,75.13623978201633,High
392,16.66,365,0,0.0,507.6,1.44,36,2.8713021951758138,0.0,0.0,3.6109179126442243,0,0.5027247956403269,0.0,0.0,75.13623978201633,High
393,13.194,365,0,0.0,404.64,1.2,36,2.6528193401027913,0.0,0.0,3.6109179126442243,0,0.5027247956403269,0.0,0.0,75.13623978201633,High
394,0.0,365,0,0.0,0.0,0.0,0,0.0,0.0,0.0,0.0,0,0.5027247956403269,0.0,0.0,75.13623978201633,High
395,21.478,365,1,1.0,730.8,1.8,36,3.112537053096075,0.6931471805599453,0.6931471805599453,3.6109179126442243,0,0.5027247956403269,3.786301162394457e-05,0.00015810276679841898,75.13194183633166,High
396,18.795,365,0,0.0,621.72,1.8,36,2.985429380558094,0.0,0.0,3.6109179126442243,0,0.5027247956403269,0.0,0.0,75.13623978201633,High
397,26.54,365,0,0.0,730.8,1.8,36,3.315639493300509,0.0,0.0,3.6109179126442243,0,0.5027247956403269,0.0,0.0,75.13623978201633,High
398,14.941,365,0,0.0,641.34,1.68,42,2.7688944066515098,0.0,0.0,3.7612001156935624,0,0.5027247956403269,0.0,0.0,75.13623978201633,High
399,18.804,365,7,9.0,730.8,1.8,36,2.9858839374991764,2.0794415416798357,2.302585092994046,3.6109179126442243,0,0.5027247956403269,0.0003407671046155011,0.0011067193675889327,75.1038823815261,High
400,21.845,365,0,0.0,730.8,1.8,36,3.128732275015235,0.0,0.0,3.6109179126442243,0,0.5027247956403269,0.0,0.0,75.13623978201633,High
401,27.32,365,0,0.0,0.0,0.0,0,3.343568268825519,0.0,0.0,0.0,0,0.5027247956403269,0.0,0.0,75.13623978201633,High
402,0.0,365,0,0.0,0.0,0.0,0,0.0,0.0,0.0,0.0,0,0.5027247956403269,0.0,0.0,75.13623978201633,High
403,20.525,365,1,1.0,621.72,1.8,36,3.0692150503137943,0.6931471805599453,0.6931471805599453,3.6109179126442243,0,0.5027247956403269,3.786301162394457e-05,0.00015810276679841898,75.13194183633166,High
404,20.45,365,0,0.0,549.72,1.44,36,3.065724645374026,0.0,0.0,3.6109179126442243,0,0.5027247956403269,0.0,0.0,75.13623978201633,High
405,20.738,365,1,1.0,621.72,1.8,36,3.079061881140995,0.6931471805599453,0.6931471805599453,3.6109179126442243,0,0.5027247956403269,3.786301162394457e-05,0.00015810276679841898,75.13194183633166,High
406,18.282,365,0,0.0,341.67,0.98,21,2.959172018242189,0.0,0.0,3.091042453358316,0,0.5027247956403269,0.0,0.0,75.13623978201633,High
407,27.475,365,0,0.0,0.0,0.0,0,3.349026509333246,0.0,0.0,0.0,0,0.5027247956403269,0.0,0.0,75.13623978201633,High
408,17.568,365,0,0.0,320.67,0.84,21,2.921439668972136,0.0,0.0,3.091042453358316,0,0.5027247956403269,0.0,0.0,75.13623978201633,High
409,24.502,365,3,3.0,730.8,1.8,36,3.23875688046135,1.3862943611198906,1.3862943611198906,3.6109179126442243,0,0.5027247956403269,0.0001135890348718337,0.0004743083003952569,75.1233459449623,High
410,22.236,365,0,0.0,548.1,1.2,30,3.145702800130286,0.0,0.0,3.4339872044851463,0,0.5027247956403269,0.0,0.0,75.13623978201633,High
411,23.691,365,0,0.0,730.8,1.8,36,3.2064388047645176,0.0,0.0,3.6109179126442243,0,0.5027247956403269,0.0,0.0,75.13623978201633,High
412,21.824,365,0,0.0,548.1,1.2,30,3.127812613911199,0.0,0.0,3.4339872044851463,0,0.5027247956403269,0.0,0.0,75.13623978201633,High
413,20.015,365,7,10.0,730.8,1.8,36,3.04523646845708,2.0794415416798357,2.3978952727983707,3.6109179126442243,0,0.5027247956403269,0.00037863011623944567,0.0011067193675889327,75.10274649117738,High
414,20.296,365,2,2.0,730.8,1.8,36,3.058519261652756,1.0986122886681098,1.0986122886681098,3.6109179126442243,0,0.5027247956403269,7.572602324788914e-05,0.00031620553359683795,75.12764389064698,High
415,21.115,365,2,4.0,621.72,1.8,36,3.09625611132029,1.0986122886681098,1.6094379124341003,3.6109179126442243,0,0.5027247956403269,0.00015145204649577828,0.00031620553359683795,75.12537210994952,High
416,19.315,365,1,1.0,621.72,1.8,36,3.01135952943969,0.6931471805599453,0.6931471805599453,3.6109179126442243,0,0.5027247956403269,3.786301162394457e-05,0.00015810276679841898,75.13194183633166,High
417,17.03,365,4,7.0,274.86,0.72,18,2.8920370372152258,1.6094379124341003,2.0794415416798357,2.9444389791664403,0,0.5027247956403269,0.00026504108136761196,0.0006324110671936759,75.11564032823145,High
418,21.37,365,0,0.0,730.8,1.8,36,3.107720775502038,0.0,0.0,3.6109179126442243,0,0.5027247956403269,0.0,0.0,75.13623978201633,High
419,19.42,365,0,0.0,0.0,0.0,0,3.01651481273652,0.0,0.0,0.0,0,0.5027247956403269,0.0,0.0,75.13623978201633,High
420,25.95,365,0,0.0,0.0,0.0,0,3.2939832973550063,0.0,0.0,0.0,0,0.5027247956403269,0.0,0.0,75.13623978201633,High
421,21.276,365,0,0.0,310.86,0.9,18,3.103509865727422,0.0,0.0,2.9444389791664403,0,0.5027247956403269,0.0,0.0,75.13623978201633,High
422,0.98,547,0,0.0,207.68,1.0,384,0.6830968447064438,0.0,0.0,5.953243334287785,0,0.25476839237057225,0.0,0.0,62.73841961852862,Medium
423,2.39,547,2,3.0,165.78,1.02,108,1.220829921392359,1.0986122886681098,1.3862943611198906,4.6913478822291435,0,0.25476839237057225,0.0001135890348718337,0.00031620553359683795,62.72868783681053,Medium
424,4.54,547,0,0.0,0.0,0.0,0,1.7119945007591924,0.0,0.0,0.0,0,0.25476839237057225,0.0,0.0,62.73841961852862,Medium
425,0.965,547,4,9.0,207.68,1.0,384,0.6754922453212246,1.6094379124341003,2.302585092994046,5.953243334287785,0,0.25476839237057225,0.0003407671046155011,0.0006324110671936759,62.71554838404627,Medium
426,2.362,547,1,1.0,165.78,1.02,108,1.2125360349864238,0.6931471805599453,0.6931471805599453,4.6913478822291435,0,0.25476839237057225,3.786301162394457e-05,0.00015810276679841898,62.734121672843926,Medium
427,4.16,547,0,0.0,221.04,1.05,72,1.6409365794934714,0.0,0.0,4.290459441148391,0,0.25476839237057225,0.0,0.0,62.73841961852862,Medium
428,0.0,547,0,0.0,0.0,0.0,0,0.0,0.0,0.0,0.0,0,0.25476839237057225,0.0,0.0,62.73841961852862,Medium
429,1.13,547,1,2.0,207.68,1.0,384,0.7561219797213337,0.6931471805599453,1.0986122886681098,5.953243334287785,0,0.25476839237057225,7.572602324788914e-05,0.00015810276679841898,62.73298578249521,Medium
430,2.59,547,1,1.0,165.78,1.02,108,1.2781522025001875,0.6931471805599453,0.6931471805599453,4.6913478822291435,0,0.25476839237057225,3.786301162394457e-05,0.00015810276679841898,62.734121672843926,Medium
431,0.0,547,0,0.0,0.0,0.0,0,0.0,0.0,0.0,0.0,0,0.25476839237057225,0.0,0.0,62.73841961852862,Medium
432,2.7,547,1,66.0,165.78,1.02,108,1.308332819650179,0.6931471805599453,4.204692619390966,4.6913478822291435,0,0.25476839237057225,0.0024989587671803417,0.00015810276679841898,62.660288800177234,Medium
433,7.2,547,0,0.0,293.76,1.05,72,2.1041341542702074,0.0,0.0,4.290459441148391,0,0.25476839237057225,0.0,0.0,62.73841961852862,Medium
434,1.331,547,0,0.0,147.6,1.17,180,0.8462973600536201,0.0,0.0,5.198497031265826,0,0.25476839237057225,0.0,0.0,62.73841961852862,Medium
435,2.93,547,0,0.0,226.8,1.02,108,1.3686394258811698,0.0,0.0,4.6913478822291435,0,0.25476839237057225,0.0,0.0,62.73841961852862,Medium
436,2.774,547,1,6.0,226.8,1.02,108,1.3281354469463584,0.6931471805599453,1.9459101490553132,4.6913478822291435,0,0.25476839237057225,0.0002271780697436674,0.00015810276679841898,62.72844222110033,Medium
437,4.89,547,1,2.0,293.76,1.05,72,1.7732559976634952,0.6931471805599453,1.0986122886681098,4.290459441148391,0,0.25476839237057225,7.572602324788914e-05,0.00015810276679841898,62.73298578249521,Medium
438,5.0,547,0,0.0,0.0,0.0,0,1.791759469228055,0.0,0.0,0.0,0,0.25476839237057225,0.0,0.0,62.73841961852862,Medium
439,5.216,547,1,1.0,293.76,1.05,72,1.8271266130653463,0.6931471805599453,0.6931471805599453,4.290459441148391,0,0.25476839237057225,3.786301162394457e-05,0.00015810276679841898,62.734121672843926,Medium
440,10.063,547,0,0.0,325.12,0.8,32,2.403606207052774,0.0,0.0,3.4965075614664802,0,0.25476839237057225,0.0,0.0,62.73841961852862,Medium
441,5.563,547,0,0.0,293.76,1.05,72,1.8814478154915857,0.0,0.0,4.290459441148391,0,0.25476839237057225,0.0,0.0,62.73841961852862,Medium
442,14.402,547,0,0.0,325.12,0.8,32,2.734497371117058,0.0,0.0,3.4965075614664802,0,0.25476839237057225,0.0,0.0,62.73841961852862,Medium
443,15.736,365,1,2.0,296.1,0.84,21,2.8175620878825125,0.6931471805599453,1.0986122886681098,3.091042453358316,0,0.5027247956403269,7.572602324788914e-05,0.00015810276679841898,75.13080594598294,High
444,5.38,547,0,0.0,293.76,1.05,72,1.8531680973566984,0.0,0.0,4.290459441148391,0,0.25476839237057225,0.0,0.0,62.73841961852862,Medium
445,16.659,365,2,3.0,296.1,0.84,21,2.871245568430987,1.0986122886681098,1.3862943611198906,3.091042453358316,0,0.5027247956403269,0.0001135890348718337,0.00031620553359683795,75.12650800029826,High
446,6.06,547,0,0.0,293.76,1.05,72,1.9544450515051506,0.0,0.0,4.290459441148391,0,0.25476839237057225,0.0,0.0,62.73841961852862,Medium
447,18.054,365,0,0.0,296.1,0.84,21,2.9472770532845876,0.0,0.0,3.091042453358316,0,0.5027247956403269,0.0,0.0,75.13623978201633,High
448,0.0,365,0,0.0,0.0,0.0,0,0.0,0.0,0.0,0.0,0,0.5027247956403269,0.0,0.0,75.13623978201633,High
449,0.0,365,0,0.0,0.0,0.0,0,0.0,0.0,0.0,0.0,0,0.5027247956403269,0.0,0.0,75.13623978201633,High
450,2.23,547,0,0.0,165.78,1.02,108,1.172482137234565,0.0,0.0,4.6913478822291435,0,0.25476839237057225,0.0,0.0,62.73841961852862,Medium
451,10.947,547,0,0.0,0.0,0.0,0,2.480480200835087,0.0,0.0,0.0,0,0.25476839237057225,0.0,0.0,62.73841961852862,Medium
452,0.0,547,0,0.0,0.0,0.0,0,0.0,0.0,0.0,0.0,0,0.25476839237057225,0.0,0.0,62.73841961852862,Medium
453,0.0,365,0,0.0,0.0,0.0,0,0.0,0.0,0.0,0.0,0,0.5027247956403269,0.0,0.0,75.13623978201633,High
454,0.0,547,0,0.0,0.0,0.0,0,0.0,0.0,0.0,0.0,0,0.25476839237057225,0.0,0.0,62.73841961852862,Medium
455,0.0,365,0,0.0,0.0,0.0,0,0.0,0.0,0.0,0.0,0,0.5027247956403269,0.0,0.0,75.13623978201633,High
456,2.591,547,4,5.0,165.78,1.02,108,1.2784307152439458,1.6094379124341003,1.791759469228055,4.6913478822291435,0,0.25476839237057225,0.00018931505811972283,0.0006324110671936759,62.72009194544115,Medium
457,0.0,547,0,0.0,0.0,0.0,0,0.0,0.0,0.0,0.0,0,0.25476839237057225,0.0,0.0,62.73841961852862,Medium
458,0.0,365,0,0.0,0.0,0.0,0,0.0,0.0,0.0,0.0,0,0.5027247956403269,0.0,0.0,75.13623978201633,High
459,0.35,730,1,12.0,529.2,0.9,2160,0.3001045924503381,0.6931471805599453,2.5649493574615367,7.6783263565068856,0,0.00544959128065392,0.0004543561394873348,0.00015810276679841898,50.25568682451211,Medium
460,0.81,547,0,0.0,167.68,1.0,384,0.5933268452777344,0.0,0.0,5.953243334287785,0,0.25476839237057225,0.0,0.0,62.73841961852862,Medium
461,2.956,547,2,2.0,226.8,1.02,108,1.3752334137604656,1.0986122886681098,1.0986122886681098,4.6913478822291435,0,0.25476839237057225,7.572602324788914e-05,0.00031620553359683795,62.72982372715924,Medium
462,0.894,547,3,3.0,167.68,1.0,384,0.6386909947638865,1.3862943611198906,1.3862943611198906,5.953243334287785,0,0.25476839237057225,0.0001135890348718337,0.0004743083003952569,62.72552578147456,Medium
463,3.129,547,1,1.0,226.8,1.02,108,1.418035246903953,0.6931471805599453,0.6931471805599453,4.6913478822291435,0,0.25476839237057225,3.786301162394457e-05,0.00015810276679841898,62.734121672843926,Medium
464,0.92,547,1,6.0,167.68,1.0,384,0.6523251860396903,0.6931471805599453,1.9459101490553132,5.953243334287785,0,0.25476839237057225,0.0002271780697436674,0.00015810276679841898,62.72844222110033,Medium
465,3.237,547,7,19.0,165.78,1.02,108,1.4438554716444223,2.0794415416798357,2.995732273553991,4.6913478822291435,0,0.25476839237057225,0.0007193972208549468,0.0011067193675889327,62.69470331455119,Medium
466,4.718,547,2,7.0,261.54,1.05,72,1.7436190939001202,1.0986122886681098,2.0794415416798357,4.290459441148391,0,0.25476839237057225,0.00026504108136761196,0.00031620553359683795,62.72414427541565,Medium
467,0.9,547,3,5.0,167.68,1.0,384,0.6418538861723948,1.3862943611198906,1.791759469228055,5.953243334287785,0,0.25476839237057225,0.00018931505811972283,0.0004743083003952569,62.72325400077712,Medium
468,2.294,547,9,20.0,165.78,1.02,108,1.1921026317554486,2.302585092994046,3.044522437723423,4.6913478822291435,0,0.25476839237057225,0.0007572602324788913,0.0014229249011857706,62.68724331353053,Medium
469,4.625,547,5,7.0,261.54,1.05,72,1.7272209480904839,1.791759469228055,2.0794415416798357,4.290459441148391,0,0.25476839237057225,0.00026504108136761196,0.0007905138339920949,62.714658109407736,Medium
470,0.82,547,2,5.0,167.68,1.0,384,0.598836501088704,1.0986122886681098,1.791759469228055,5.953243334287785,0,0.25476839237057225,0.00018931505811972283,0.00031620553359683795,62.72641605611309,Medium
471,2.38,547,3,3.0,165.78,1.02,108,1.2178757094949273,1.3862943611198906,1.3862943611198906,4.6913478822291435,0,0.25476839237057225,0.0001135890348718337,0.0004743083003952569,62.72552578147456,Medium
472,4.837,547,5,5.0,261.54,1.05,72,1.764216966221654,1.791759469228055,1.791759469228055,4.290459441148391,0,0.25476839237057225,0.00018931505811972283,0.0007905138339920949,62.71692989010518,Medium
473,1.069,547,2,5.0,167.68,1.0,384,0.7270653987634059,1.0986122886681098,1.791759469228055,5.953243334287785,0,0.25476839237057225,0.00018931505811972283,0.00031620553359683795,62.72641605611309,Medium
474,2.595,547,2,4.0,165.78,1.02,108,1.27954399117301,1.0986122886681098,1.6094379124341003,4.6913478822291435,0,0.25476839237057225,0.00015145204649577828,0.00031620553359683795,62.7275519464618,Medium
475,5.138,547,1,2.0,261.54,1.05,72,1.8144989561975444,0.6931471805599453,1.0986122886681098,4.290459441148391,0,0.25476839237057225,7.572602324788914e-05,0.00015810276679841898,62.73298578249521,Medium
476,3.115,547,0,0.0,226.8,1.02,108,1.4146388341290332,0.0,0.0,4.6913478822291435,0,0.25476839237057225,0.0,0.0,62.73841961852862,Medium
477,0.0,547,0,0.0,0.0,0.0,0,0.0,0.0,0.0,0.0,0,0.25476839237057225,0.0,0.0,62.73841961852862,Medium
478,2.24,547,0,0.0,165.78,1.02,108,1.1755733298042381,0.0,0.0,4.6913478822291435,0,0.25476839237057225,0.0,0.0,62.73841961852862,Medium
479,0.0,547,0,0.0,0.0,0.0,0,0.0,0.0,0.0,0.0,0,0.25476839237057225,0.0,0.0,62.73841961852862,Medium
480,0.81,547,2,9.0,167.68,1.0,384,0.5933268452777344,1.0986122886681098,2.302585092994046,5.953243334287785,0,0.25476839237057225,0.0003407671046155011,0.00031620553359683795,62.72187249471821,Medium
481,2.616,547,4,7.0,165.78,1.02,108,1.28536844252993,1.6094379124341003,2.0794415416798357,4.6913478822291435,0,0.25476839237057225,0.00026504108136761196,0.0006324110671936759,62.717820164743706,Medium
482,0.0,547,0,0.0,0.0,0.0,0,0.0,0.0,0.0,0.0,0,0.25476839237057225,0.0,0.0,62.73841961852862,Medium
483,0.91,547,2,7.0,167.68,1.0,384,0.6471032420585384,1.0986122886681098,2.0794415416798357,5.953243334287785,0,0.25476839237057225,0.00026504108136761196,0.00031620553359683795,62.72414427541565,Medium
484,12.301,547,0,0.0,0.0,0.0,0,2.5878392203711593,0.0,0.0,0.0,0,0.25476839237057225,0.0,0.0,62.73841961852862,Medium
485,2.438,547,6,11.0,165.78,1.02,108,1.2348899069606576,1.9459101490553132,2.4849066497880004,4.6913478822291435,0,0.25476839237057225,0.00041649312786339027,0.0009486166007905138,62.706952492676905,Medium
486,4.818,547,0,0.0,261.54,1.05,72,1.7609565600730097,0.0,0.0,4.290459441148391,0,0.25476839237057225,0.0,0.0,62.73841961852862,Medium
487,1.04,547,1,5.0,167.68,1.0,384,0.712949807856125,0.6931471805599453,1.791759469228055,5.953243334287785,0,0.25476839237057225,0.00018931505811972283,0.00015810276679841898,62.72957811144906,Medium
488,2.282,547,1,3.0,165.78,1.02,108,1.188452992667899,0.6931471805599453,1.3862943611198906,4.6913478822291435,0,0.25476839237057225,0.0001135890348718337,0.00015810276679841898,62.7318498921465,Medium
489,0.981,547,6,7.0,167.68,1.0,384,0.6836017677164139,1.9459101490553132,2.0794415416798357,5.953243334287785,0,0.25476839237057225,0.00026504108136761196,0.0009486166007905138,62.71149605407178,Medium
490,2.701,547,11,19.0,165.78,1.02,108,1.308603053404019,2.4849066497880004,2.995732273553991,4.6913478822291435,0,0.25476839237057225,0.0007193972208549468,0.0017391304347826088,62.68205509320731,Medium
491,5.344,547,2,3.0,261.54,1.05,72,1.8475094843325468,1.0986122886681098,1.3862943611198906,4.290459441148391,0,0.25476839237057225,0.0001135890348718337,0.00031620553359683795,62.72868783681053,Medium
492,8.535,547,0,0.0,0.0,0.0,0,2.2549692390523823,0.0,0.0,0.0,0,0.25476839237057225,0.0,0.0,62.73841961852862,Medium
493,1.05,547,64,123.0,167.68,1.0,384,0.7178397931503169,4.174387269895637,4.820281565605037,5.953243334287785,1,0.25476839237057225,0.004657150429745182,0.010118577075098814,62.39633356413429,Medium
494,3.206,547,1,3.0,165.78,1.02,108,1.436512077280508,0.6931471805599453,1.3862943611198906,4.6913478822291435,0,0.25476839237057225,0.0001135890348718337,0.00015810276679841898,62.7318498921465,Medium
495,0.0,547,0,0.0,0.0,0.0,0,0.0,0.0,0.0,0.0,0,0.25476839237057225,0.0,0.0,62.73841961852862,Medium
496,0.64,730,2,16.0,187.392,1.0,384,0.49469624183610705,1.0986122886681098,2.833213344056216,5.953243334287785,0,0.00544959128065392,0.0006058081859831131,0.00031620553359683795,50.247981207781265,Medium
497,0.54,730,0,0.0,187.392,1.0,384,0.43178241642553783,0.0,0.0,5.953243334287785,0,0.00544959128065392,0.0,0.0,50.27247956403269,Medium
498,0.56,730,2,13.0,187.392,1.0,384,0.44468582126144574,1.0986122886681098,2.6390573296152584,5.953243334287785,0,0.00544959128065392,0.0004922191511112794,0.00031620553359683795,50.25138887882743,Medium
499,0.0,730,0,0.0,0.0,0.0,0,0.0,0.0,0.0,0.0,0,0.00544959128065392,0.0,0.0,50.27247956403269,Medium
500,0.52,730,0,0.0,187.392,1.0,384,0.41871033485818504,0.0,0.0,5.953243334287785,0,0.00544959128065392,0.0,0.0,50.27247956403269,Medium
501,0.56,730,2,12.0,180.48,1.0,384,0.44468582126144574,1.0986122886681098,2.5649493574615367,5.953243334287785,0,0.00544959128065392,0.0004543561394873348,0.00031620553359683795,50.25252476917614,Medium
502,0.57,730,0,0.0,0.0,0.0,0,0.4510756193602166,0.0,0.0,0.0,0,0.00544959128065392,0.0,0.0,50.27247956403269,Medium
503,0.51,730,3,12.0,187.392,1.0,384,0.412109650826833,1.3862943611198906,2.5649493574615367,5.953243334287785,0,0.00544959128065392,0.0004543561394873348,0.0004743083003952569,50.24936271384017,Medium
504,0.581,730,6,44.0,167.68,1.0,384,0.45805755822733496,1.9459101490553132,3.8066624897703196,5.953243334287785,0,0.00544959128065392,0.001665972511453561,0.0009486166007905138,50.20352805667328,Medium
505,0.598,730,6,33.0,529.2,0.9,2160,0.4687528473440829,1.9459101490553132,3.5263605246161616,7.6783263565068856,0,0.00544959128065392,0.0012494793835901709,0.0009486166007905138,50.21602285050918,Medium
506,0.66,730,2,12.0,167.68,1.0,384,0.5068176023684519,1.0986122886681098,2.5649493574615367,5.953243334287785,0,0.00544959128065392,0.0004543561394873348,0.00031620553359683795,50.25252476917614,Medium
507,0.38,730,0,0.0,529.2,0.9,2160,0.3220834991691133,0.0,0.0,7.6783263565068856,0,0.00544959128065392,0.0,0.0,50.27247956403269,Medium
508,24.88,365,1,1.0,296.1,0.84,21,3.2534704696327,0.6931471805599453,0.6931471805599453,3.091042453358316,0,0.5027247956403269,3.786301162394457e-05,0.00015810276679841898,75.13194183633166,High
509,4.37,547,3,8.0,226.8,1.02,108,1.6808279085207734,1.3862943611198906,2.1972245773362196,4.6913478822291435,0,0.25476839237057225,0.00030290409299155657,0.0004743083003952569,62.719846329730956,Medium
510,13.266,547,0,0.0,227.2,0.72,32,2.6578790838558466,0.0,0.0,3.4965075614664802,0,0.25476839237057225,0.0,0.0,62.73841961852862,Medium
511,15.807,365,3,4.0,296.1,0.84,21,2.8217954662944296,1.3862943611198906,1.6094379124341003,3.091042453358316,0,0.5027247956403269,0.00015145204649577828,0.0004743083003952569,75.12221005461356,High
512,2.99,547,4,6.0,226.8,1.02,108,1.3837912309017721,1.6094379124341003,1.9459101490553132,4.6913478822291435,0,0.25476839237057225,0.0002271780697436674,0.0006324110671936759,62.718956055092434,Medium
513,10.33,547,0,0.0,0.0,0.0,0,2.427454075039915,0.0,0.0,0.0,0,0.25476839237057225,0.0,0.0,62.73841961852862,Medium
514,15.131,365,1,1.0,296.1,0.84,21,2.7807428864956507,0.6931471805599453,0.6931471805599453,3.091042453358316,0,0.5027247956403269,3.786301162394457e-05,0.00015810276679841898,75.13194183633166,High
515,2.25,547,1,4.0,165.78,1.02,108,1.1786549963416462,0.6931471805599453,1.6094379124341003,4.6913478822291435,0,0.25476839237057225,0.00015145204649577828,0.00015810276679841898,62.73071400179777,Medium
516,7.28,547,0,0.0,0.0,0.0,0,2.1138429683971687,0.0,0.0,0.0,0,0.25476839237057225,0.0,0.0,62.73841961852862,Medium
517,14.698,365,0,0.0,296.1,0.84,21,2.753533315704622,0.0,0.0,3.091042453358316,0,0.5027247956403269,0.0,0.0,75.13623978201633,High
518,2.833,547,1,1.0,226.8,1.02,108,1.343647786398418,0.6931471805599453,0.6931471805599453,4.6913478822291435,0,0.25476839237057225,3.786301162394457e-05,0.00015810276679841898,62.734121672843926,Medium
519,17.634,365,1,1.0,296.1,0.84,21,2.924987869028233,0.6931471805599453,0.6931471805599453,3.091042453358316,0,0.5027247956403269,3.786301162394457e-05,0.00015810276679841898,75.13194183633166,High
520,3.129,547,0,0.0,226.8,1.02,108,1.418035246903953,0.0,0.0,4.6913478822291435,0,0.25476839237057225,0.0,0.0,62.73841961852862,Medium
521,0.0,547,0,0.0,0.0,0.0,0,0.0,0.0,0.0,0.0,0,0.25476839237057225,0.0,0.0,62.73841961852862,Medium
522,0.0,365,0,0.0,0.0,0.0,0,0.0,0.0,0.0,0.0,0,0.5027247956403269,0.0,0.0,75.13623978201633,High
523,25.69,365,0,0.0,296.1,0.84,21,3.284288963416433,0.0,0.0,3.091042453358316,0,0.5027247956403269,0.0,0.0,75.13623978201633,High
524,3.323,547,0,0.0,165.78,1.02,108,1.4639496056854948,0.0,0.0,4.6913478822291435,0,0.25476839237057225,0.0,0.0,62.73841961852862,Medium
525,16.369,365,0,0.0,257.67,0.84,21,2.8546870080718754,0.0,0.0,3.091042453358316,0,0.5027247956403269,0.0,0.0,75.13623978201633,High
526,2.587,547,1,5.0,165.78,1.02,108,1.2773161985501456,0.6931471805599453,1.791759469228055,4.6913478822291435,0,0.25476839237057225,0.00018931505811972283,0.00015810276679841898,62.72957811144906,Medium
527,8.92,547,1,1.0,195.84,0.72,32,2.2945529212967815,0.6931471805599453,0.6931471805599453,3.4965075614664802,0,0.25476839237057225,3.786301162394457e-05,0.00015810276679841898,62.734121672843926,Medium
528,17.649,365,2,5.0,296.1,0.84,21,2.9257925253493093,1.0986122886681098,1.791759469228055,3.091042453358316,0,0.5027247956403269,0.00018931505811972283,0.00031620553359683795,75.12423621960082,High
529,3.18,547,1,1.0,226.8,1.02,108,1.430311246536665,0.6931471805599453,0.6931471805599453,4.6913478822291435,0,0.25476839237057225,3.786301162394457e-05,0.00015810276679841898,62.734121672843926,Medium
530,12.179,365,21,30.0,257.67,0.84,21,2.5786246536617523,3.091042453358316,3.4339872044851463,3.091042453358316,0,0.5027247956403269,0.001135890348718337,0.0033201581027667982,75.03575990949946,High
531,2.0,547,2,4.0,165.78,1.02,108,1.0986122886681098,1.0986122886681098,1.6094379124341003,4.6913478822291435,0,0.25476839237057225,0.00015145204649577828,0.00031620553359683795,62.7275519464618,Medium
532,2.95,547,0,0.0,0.0,0.0,0,1.3737155789130306,0.0,0.0,0.0,0,0.25476839237057225,0.0,0.0,62.73841961852862,Medium
533,23.61,365,0,0.0,0.0,0.0,0,3.2031528644029645,0.0,0.0,0.0,0,0.5027247956403269,0.0,0.0,75.13623978201633,High
534,0.0,547,0,0.0,0.0,0.0,0,0.0,0.0,0.0,0.0,0,0.25476839237057225,0.0,0.0,62.73841961852862,Medium
535,3.115,547,0,0.0,226.8,1.02,108,1.4146388341290332,0.0,0.0,4.6913478822291435,0,0.25476839237057225,0.0,0.0,62.73841961852862,Medium
536,0.0,365,0,0.0,0.0,0.0,0,0.0,0.0,0.0,0.0,0,0.5027247956403269,0.0,0.0,75.13623978201633,High
537,3.11,547,0,0.0,226.8,1.02,108,1.413423028508143,0.0,0.0,4.6913478822291435,0,0.25476839237057225,0.0,0.0,62.73841961852862,Medium
538,16.192,365,0,0.0,257.67,0.84,21,2.844444159340209,0.0,0.0,3.091042453358316,0,0.5027247956403269,0.0,0.0,75.13623978201633,High
539,2.571,547,1,1.0,165.78,1.02,108,1.2728456686123115,0.6931471805599453,0.6931471805599453,4.6913478822291435,0,0.25476839237057225,3.786301162394457e-05,0.00015810276679841898,62.734121672843926,Medium
540,8.72,547,51,86.0,195.84,0.72,32,2.2741856184723477,3.9512437185814275,4.465908118654584,3.4965075614664802,1,0.25476839237057225,0.003256218999659233,0.008063241106719368,62.47946822640444,Medium
541,3.898,547,0,0.0,0.0,0.0,0,1.588826958529976,0.0,0.0,0.0,0,0.25476839237057225,0.0,0.0,62.73841961852862,Medium
542,8.808,547,0,0.0,293.76,1.05,72,2.2831983791938555,0.0,0.0,4.290459441148391,0,0.25476839237057225,0.0,0.0,62.73841961852862,Medium
543,0.0,547,0,0.0,0.0,0.0,0,0.0,0.0,0.0,0.0,0,0.25476839237057225,0.0,0.0,62.73841961852862,Medium
544,3.865,547,1,1.0,277.56,1.02,108,1.5820667156379684,0.6931471805599453,0.6931471805599453,4.6913478822291435,0,0.25476839237057225,3.786301162394457e-05,0.00015810276679841898,62.734121672843926,Medium
545,0.0,365,0,0.0,0.0,0.0,0,0.0,0.0,0.0,0.0,0,0.5027247956403269,0.0,0.0,75.13623978201633,High
546,2.88,547,5,12.0,226.8,1.02,108,1.355835153635182,1.791759469228055,2.5649493574615367,4.6913478822291435,0,0.25476839237057225,0.0004543561394873348,0.0007905138339920949,62.70897865766415,Medium
547,0.0,547,0,0.0,0.0,0.0,0,0.0,0.0,0.0,0.0,0,0.25476839237057225,0.0,0.0,62.73841961852862,Medium
548,18.8375,365,0,0.0,0.0,0.0,0,2.9875740858525273,0.0,0.0,0.0,0,0.5027247956403269,0.0,0.0,75.13623978201633,High
549,2.808,547,0,0.0,226.8,1.02,108,1.337104116929119,0.0,0.0,4.6913478822291435,0,0.25476839237057225,0.0,0.0,62.73841961852862,Medium
550,9.014,547,0,0.0,243.84,0.72,32,2.303984113907753,0.0,0.0,3.4965075614664802,0,0.25476839237057225,0.0,0.0,62.73841961852862,Medium
551,0.0,365,0,0.0,0.0,0.0,0,0.0,0.0,0.0,0.0,0,0.5027247956403269,0.0,0.0,75.13623978201633,High
552,3.277,547,0,0.0,165.78,1.02,108,1.4532518292447716,0.0,0.0,4.6913478822291435,0,0.25476839237057225,0.0,0.0,62.73841961852862,Medium
553,0.19,547,11,11.0,168.48,0.45,144,0.17395330712343804,2.4849066497880004,2.4849066497880004,4.976733742420574,0,0.25476839237057225,0.00041649312786339027,0.0017391304347826088,62.691142215997054,Medium
554,0.0,547,0,0.0,0.0,0.0,0,0.0,0.0,0.0,0.0,0,0.25476839237057225,0.0,0.0,62.73841961852862,Medium
555,3.37,547,1,1.0,226.8,1.02,108,1.4747630091074988,0.6931471805599453,0.6931471805599453,4.6913478822291435,0,0.25476839237057225,3.786301162394457e-05,0.00015810276679841898,62.734121672843926,Medium
556,0.0,547,0,0.0,0.0,0.0,0,0.0,0.0,0.0,0.0,0,0.25476839237057225,0.0,0.0,62.73841961852862,Medium
557,0.59,547,4,5.0,0.0,0.0,18,0.4637340162321401,1.6094379124341003,1.791759469228055,2.9444389791664403,0,0.25476839237057225,0.00018931505811972283,0.0006324110671936759,62.72009194544115,Medium
558,16.066,365,0,0.0,257.67,0.84,21,2.8370881801143932,0.0,0.0,3.091042453358316,0,0.5027247956403269,0.0,0.0,75.13623978201633,High
559,3.34,547,0,0.0,226.8,1.02,108,1.4678743481123135,0.0,0.0,4.6913478822291435,0,0.25476839237057225,0.0,0.0,62.73841961852862,Medium
560,8.82,547,0,0.0,221.04,1.05,72,2.2844211223663744,0.0,0.0,4.290459441148391,0,0.25476839237057225,0.0,0.0,62.73841961852862,Medium
561,21.84,547,0,0.0,261.12,0.72,32,3.1285133847878095,0.0,0.0,3.4965075614664802,0,0.25476839237057225,0.0,0.0,62.73841961852862,Medium
562,14.683,365,8,8.0,257.67,0.84,21,2.7525773231522876,2.1972245773362196,2.1972245773362196,3.091042453358316,0,0.5027247956403269,0.00030290409299155657,0.0012648221343873518,75.10185621653885,High
563,2.53,547,2,2.0,165.78,1.02,108,1.2612978709452054,1.0986122886681098,1.0986122886681098,4.6913478822291435,0,0.25476839237057225,7.572602324788914e-05,0.00031620553359683795,62.72982372715924,Medium
564,3.03,547,0,0.0,0.0,0.0,0,1.3937663759585914,0.0,0.0,0.0,0,0.25476839237057225,0.0,0.0,62.73841961852862,Medium
565,13.824,547,0,0.0,325.12,0.8,32,2.6962474889830585,0.0,0.0,3.4965075614664802,0,0.25476839237057225,0.0,0.0,62.73841961852862,Medium
566,3.7875,547,0,0.0,226.8,1.02,108,1.5660083545067642,0.0,0.0,4.6913478822291435,0,0.25476839237057225,0.0,0.0,62.73841961852862,Medium
567,2.724,547,2,5.0,165.78,1.02,108,1.3147983594148207,1.0986122886681098,1.791759469228055,4.6913478822291435,0,0.25476839237057225,0.00018931505811972283,0.00031620553359683795,62.72641605611309,Medium
568,5.82,547,0,0.0,261.54,1.05,72,1.9198594718553708,0.0,0.0,4.290459441148391,0,0.25476839237057225,0.0,0.0,62.73841961852862,Medium
569,2.508,730,0,0.0,408.0,1.2,240,1.2550460745099365,0.0,0.0,5.484796933490655,0,0.00544959128065392,0.0,0.0,50.27247956403269,Medium
570,1.06,547,2,4.0,207.68,1.0,384,0.7227059828014898,1.0986122886681098,1.6094379124341003,5.953243334287785,0,0.25476839237057225,0.00015145204649577828,0.00031620553359683795,62.7275519464618,Medium
571,3.26,547,1,2.0,226.8,1.02,108,1.449269160281279,0.6931471805599453,1.0986122886681098,4.6913478822291435,0,0.25476839237057225,7.572602324788914e-05,0.00015810276679841898,62.73298578249521,Medium
572,0.936,547,3,7.0,167.68,1.0,384,0.6606239888543853,1.3862943611198906,2.0794415416798357,5.953243334287785,0,0.25476839237057225,0.00026504108136761196,0.0004743083003952569,62.72098222007968,Medium
573,2.448,547,3,12.0,165.78,1.02,108,1.2377943528014466,1.3862943611198906,2.5649493574615367,4.6913478822291435,0,0.25476839237057225,0.0004543561394873348,0.0004743083003952569,62.71530276833609,Medium
574,4.923,547,10,15.0,261.54,1.05,72,1.778843077294828,2.3978952727983707,2.772588722239781,4.290459441148391,0,0.25476839237057225,0.0005679451743591685,0.0015810276679841897,62.68976070993815,Medium
575,9.504,547,0,0.0,195.84,0.72,32,2.351756137000495,0.0,0.0,3.4965075614664802,0,0.25476839237057225,0.0,0.0,62.73841961852862,Medium
576,1.367,547,0,0.0,207.68,1.0,384,0.8616233305318469,0.0,0.0,5.953243334287785,0,0.25476839237057225,0.0,0.0,62.73841961852862,Medium
577,5.423,547,4,5.0,277.56,1.02,108,1.8598852982756555,1.6094379124341003,1.791759469228055,4.6913478822291435,0,0.25476839237057225,0.00018931505811972283,0.0006324110671936759,62.72009194544115,Medium
578,0.0,547,0,0.0,0.0,0.0,0,0.0,0.0,0.0,0.0,0,0.25476839237057225,0.0,0.0,62.73841961852862,Medium
579,0.727,547,2,2.0,167.68,1.0,384,0.5463857991645416,1.0986122886681098,1.0986122886681098,5.953243334287785,0,0.25476839237057225,7.572602324788914e-05,0.00031620553359683795,62.72982372715924,Medium
580,2.19,547,1,1.0,165.78,1.02,108,1.1600209167967532,0.6931471805599453,0.6931471805599453,4.6913478822291435,0,0.25476839237057225,3.786301162394457e-05,0.00015810276679841898,62.734121672843926,Medium
581,4.69,547,2,3.0,261.54,1.05,72,1.7387102481382397,1.0986122886681098,1.3862943611198906,4.290459441148391,0,0.25476839237057225,0.0001135890348718337,0.00031620553359683795,62.72868783681053,Medium
582,7.544,547,1,1.0,195.84,0.72,32,2.145229282217839,0.6931471805599453,0.6931471805599453,3.4965075614664802,0,0.25476839237057225,3.786301162394457e-05,0.00015810276679841898,62.734121672843926,Medium
583,0.916,547,8,19.0,167.68,1.0,384,0.6502396795486689,2.1972245773362196,2.995732273553991,5.953243334287785,0,0.25476839237057225,0.0007193972208549468,0.0012648221343873518,62.69154125921522,Medium
584,3.095,547,4,5.0,226.8,1.02,108,1.409766717305033,1.6094379124341003,1.791759469228055,4.6913478822291435,0,0.25476839237057225,0.00018931505811972283,0.0006324110671936759,62.72009194544115,Medium
585,1.08,547,2,4.0,167.68,1.0,384,0.7323678937132266,1.0986122886681098,1.6094379124341003,5.953243334287785,0,0.25476839237057225,0.00015145204649577828,0.00031620553359683795,62.7275519464618,Medium
586,2.786,547,2,6.0,165.78,1.02,108,1.331310052787131,1.0986122886681098,1.9459101490553132,4.6913478822291435,0,0.25476839237057225,0.0002271780697436674,0.00031620553359683795,62.725280165764374,Medium
587,6.471,547,1,1.0,261.54,1.05,72,2.0110288589936642,0.6931471805599453,0.6931471805599453,4.290459441148391,0,0.25476839237057225,3.786301162394457e-05,0.00015810276679841898,62.734121672843926,Medium
588,0.936,547,3,5.0,167.68,1.0,384,0.6606239888543853,1.3862943611198906,1.791759469228055,5.953243334287785,0,0.25476839237057225,0.00018931505811972283,0.0004743083003952569,62.72325400077712,Medium
589,2.653,547,1,1.0,165.78,1.02,108,1.2955487478131456,0.6931471805599453,0.6931471805599453,4.6913478822291435,0,0.25476839237057225,3.786301162394457e-05,0.00015810276679841898,62.734121672843926,Medium
590,2.45,547,2,2.0,165.78,1.02,108,1.2383742310432684,1.0986122886681098,1.0986122886681098,4.6913478822291435,0,0.25476839237057225,7.572602324788914e-05,0.00031620553359683795,62.72982372715924,Medium
591,0.928,547,1,5.0,167.68,1.0,384,0.6564831961883539,0.6931471805599453,1.791759469228055,5.953243334287785,0,0.25476839237057225,0.00018931505811972283,0.00015810276679841898,62.72957811144906,Medium
592,2.39,547,5,10.0,165.78,1.02,108,1.220829921392359,1.791759469228055,2.3978952727983707,4.6913478822291435,0,0.25476839237057225,0.00037863011623944567,0.0007905138339920949,62.71125043836159,Medium
593,4.948,547,1,2.0,261.54,1.05,72,1.7830550285979088,0.6931471805599453,1.0986122886681098,4.290459441148391,0,0.25476839237057225,7.572602324788914e-05,0.00015810276679841898,62.73298578249521,Medium
594,9.98,547,0,0.0,195.84,0.72,32,2.3960754360813845,0.0,0.0,3.4965075614664802,0,0.25476839237057225,0.0,0.0,62.73841961852862,Medium
595,2.35,547,7,8.0,165.78,1.02,108,1.208960345836975,2.0794415416798357,2.1972245773362196,4.6913478822291435,0,0.25476839237057225,0.00030290409299155657,0.0011067193675889327,62.70719810838708,Medium
596,5.09,547,0,0.0,261.54,1.05,72,1.8066480817218056,0.0,0.0,4.290459441148391,0,0.25476839237057225,0.0,0.0,62.73841961852862,Medium
597,1.089,547,0,0.0,167.68,1.0,384,0.7366854825744287,0.0,0.0,5.953243334287785,0,0.25476839237057225,0.0,0.0,62.73841961852862,Medium
598,3.09,547,2,2.0,165.78,1.02,108,1.4085449700547104,1.0986122886681098,1.0986122886681098,4.6913478822291435,0,0.25476839237057225,7.572602324788914e-05,0.00031620553359683795,62.72982372715924,Medium
599,0.0,547,0,0.0,0.0,0.0,0,0.0,0.0,0.0,0.0,0,0.25476839237057225,0.0,0.0,62.73841961852862,Medium
600,1.129,547,4,15.0,207.68,1.0,384,0.7556523859113424,1.6094379124341003,2.772588722239781,5.953243334287785,0,0.25476839237057225,0.0005679451743591685,0.0006324110671936759,62.70873304195397,Medium
601,3.305,547,0,0.0,226.8,0.0,108,1.459777137879694,0.0,0.0,4.6913478822291435,0,0.25476839237057225,0.0,0.0,62.73841961852862,Medium
602,0.99,547,3,7.0,207.68,1.0,384,0.688134638736401,1.3862943611198906,2.0794415416798357,5.953243334287785,0,0.25476839237057225,0.00026504108136761196,0.0004743083003952569,62.72098222007968,Medium
603,3.061,547,1,1.0,226.8,1.02,108,1.4014292487041606,0.6931471805599453,0.6931471805599453,4.6913478822291435,0,0.25476839237057225,3.786301162394457e-05,0.00015810276679841898,62.734121672843926,Medium
604,0.942,547,1,3.0,167.68,1.0,384,0.6637183698691331,0.6931471805599453,1.3862943611198906,5.953243334287785,0,0.25476839237057225,0.0001135890348718337,0.00015810276679841898,62.7318498921465,Medium
605,2.33,547,6,14.0,165.78,1.02,108,1.2029723039923526,1.9459101490553132,2.70805020110221,4.6913478822291435,0,0.25476839237057225,0.0005300821627352239,0.0009486166007905138,62.70354482163074,Medium
606,4.943,547,7,8.0,261.54,1.05,72,1.7822140563845235,2.0794415416798357,2.1972245773362196,4.290459441148391,0,0.25476839237057225,0.00030290409299155657,0.0011067193675889327,62.70719810838708,Medium
607,8.25,547,0,0.0,195.84,0.72,32,2.224623551524334,0.0,0.0,3.4965075614664802,0,0.25476839237057225,0.0,0.0,62.73841961852862,Medium
608,3.718,547,4,8.0,226.8,1.02,108,1.5513849809854834,1.6094379124341003,2.1972245773362196,4.6913478822291435,0,0.25476839237057225,0.00030290409299155657,0.0006324110671936759,62.716684274394986,Medium
609,7.208,547,0,0.0,293.76,1.05,72,2.1051092884284137,0.0,0.0,4.290459441148391,0,0.25476839237057225,0.0,0.0,62.73841961852862,Medium
610,0.98,547,5,17.0,167.68,1.0,384,0.6830968447064438,1.791759469228055,2.8903717578961645,5.953243334287785,0,0.25476839237057225,0.0006436711976070576,0.0007905138339920949,62.70329920592056,Medium
611,3.503,547,11,23.0,226.8,1.02,108,1.5047438413194347,2.4849066497880004,3.1780538303479458,4.6913478822291435,0,0.25476839237057225,0.000870849267350725,0.0017391304347826088,62.677511531812435,Medium
612,6.546,547,1,3.0,293.76,1.05,72,2.0210176215421187,0.6931471805599453,1.3862943611198906,4.290459441148391,0,0.25476839237057225,0.0001135890348718337,0.00015810276679841898,62.7318498921465,Medium
613,1.034,547,4,7.0,167.68,1.0,384,0.7100042976263682,1.6094379124341003,2.0794415416798357,5.953243334287785,0,0.25476839237057225,0.00026504108136761196,0.0006324110671936759,62.717820164743706,Medium
614,3.107,547,1,2.0,226.8,1.02,108,1.4126928349744217,0.6931471805599453,1.0986122886681098,4.6913478822291435,0,0.25476839237057225,7.572602324788914e-05,0.00015810276679841898,62.73298578249521,Medium
615,3.21,547,0,0.0,226.8,1.02,108,1.43746264769429,0.0,0.0,4.6913478822291435,0,0.25476839237057225,0.0,0.0,62.73841961852862,Medium
616,1.25,547,0,0.0,207.68,1.0,384,0.8109302162163288,0.0,0.0,5.953243334287785,0,0.25476839237057225,0.0,0.0,62.73841961852862,Medium
617,3.41,547,0,0.0,226.8,1.02,108,1.4838746894587547,0.0,0.0,4.6913478822291435,0,0.25476839237057225,0.0,0.0,62.73841961852862,Medium
618,1.77,730,1,1.0,348.48,0.9,288,1.0188473201992472,0.6931471805599453,0.6931471805599453,5.666426688112432,0,0.00544959128065392,3.786301162394457e-05,0.00015810276679841898,50.26818161834801,Medium
619,1.76,730,3,4.0,336.96,0.9,288,1.0152306797290584,1.3862943611198906,1.6094379124341003,5.666426688112432,0,0.00544959128065392,0.00015145204649577828,0.0004743083003952569,50.258449836629914,Medium
620,0.0,730,0,0.0,0.0,0.0,0,0.0,0.0,0.0,0.0,0,0.00544959128065392,0.0,0.0,50.27247956403269,Medium
621,1.74,730,4,7.0,336.96,0.9,288,1.007957920399979,1.6094379124341003,2.0794415416798357,5.666426688112432,0,0.00544959128065392,0.00026504108136761196,0.0006324110671936759,50.2518801102478,Medium
622,0.0,730,0,0.0,0.0,0.0,0,0.0,0.0,0.0,0.0,0,0.00544959128065392,0.0,0.0,50.27247956403269,Medium
623,1.89,730,6,20.0,348.48,0.9,288,1.0612565021243408,1.9459101490553132,3.044522437723423,5.666426688112432,0,0.00544959128065392,0.0007572602324788913,0.0009486166007905138,50.23078942504252,Medium
624,1.95,730,0,0.0,348.48,0.9,288,1.0818051703517284,0.0,0.0,5.666426688112432,0,0.00544959128065392,0.0,0.0,50.27247956403269,Medium
625,1.977,730,3,5.0,348.48,0.9,288,1.0909160820336394,1.3862943611198906,1.791759469228055,5.666426688112432,0,0.00544959128065392,0.00018931505811972283,0.0004743083003952569,50.2573139462812,Medium
626,1.84,730,1,1.0,348.48,0.9,288,1.0438040521731147,0.6931471805599453,0.6931471805599453,5.666426688112432,0,0.00544959128065392,3.786301162394457e-05,0.00015810276679841898,50.26818161834801,Medium
627,2.21,730,0,0.0,348.48,0.9,288,1.1662709371419244,0.0,0.0,5.666426688112432,0,0.00544959128065392,0.0,0.0,50.27247956403269,Medium
628,1.778,730,11,24.0,348.48,0.9,288,1.021731244332152,2.4849066497880004,3.2188758248682006,5.666426688112432,0,0.00544959128065392,0.0009087122789746696,0.0017391304347826088,50.210435586967805,Medium
629,1.96,730,5,9.0,336.96,0.9,288,1.085189268335969,1.791759469228055,2.302585092994046,5.666426688112432,0,0.00544959128065392,0.0003407671046155011,0.0007905138339920949,50.246446274214385,Medium
630,0.0,730,0,0.0,0.0,0.0,0,0.0,0.0,0.0,0.0,0,0.00544959128065392,0.0,0.0,50.27247956403269,Medium
631,1.927,730,0,0.0,348.48,0.9,288,1.0739780077097487,0.0,0.0,5.666426688112432,0,0.00544959128065392,0.0,0.0,50.27247956403269,Medium
632,0.0,730,0,0.0,0.0,0.0,0,0.0,0.0,0.0,0.0,0,0.00544959128065392,0.0,0.0,50.27247956403269,Medium
633,1.91,730,0,0.0,348.48,0.9,288,1.0681530811834012,0.0,0.0,5.666426688112432,0,0.00544959128065392,0.0,0.0,50.27247956403269,Medium
634,1.93,730,4,8.0,348.48,0.9,288,1.0750024230289759,1.6094379124341003,2.1972245773362196,5.666426688112432,0,0.00544959128065392,0.00030290409299155657,0.0006324110671936759,50.250744219899076,Medium
635,1.78,730,2,4.0,348.48,0.9,288,1.0224509277025458,1.0986122886681098,1.6094379124341003,5.666426688112432,0,0.00544959128065392,0.00015145204649577828,0.00031620553359683795,50.261611891965885,Medium
636,1.81,730,1,1.0,348.48,0.9,288,1.0331844833456545,0.6931471805599453,0.6931471805599453,5.666426688112432,0,0.00544959128065392,3.786301162394457e-05,0.00015810276679841898,50.26818161834801,Medium
637,0.0,730,0,0.0,0.0,0.0,0,0.0,0.0,0.0,0.0,0,0.00544959128065392,0.0,0.0,50.27247956403269,Medium
638,0.41,730,0,0.0,529.2,0.9,2160,0.3435897043900769,0.0,0.0,7.6783263565068856,0,0.00544959128065392,0.0,0.0,50.27247956403269,Medium
639,0.37,730,0,0.0,529.2,0.9,2160,0.31481073984003355,0.0,0.0,7.6783263565068856,0,0.00544959128065392,0.0,0.0,50.27247956403269,Medium
640,1.847,730,8,12.0,348.48,0.9,288,1.0462658082959004,2.1972245773362196,2.5649493574615367,5.666426688112432,0,0.00544959128065392,0.0004543561394873348,0.0012648221343873518,50.233552437160334,Medium
641,1.788,0,2,12.0,198.0,1.02,180,1.0253244928982777,1.0986122886681098,2.5649493574615367,5.198497031265826,2,1.0,0.0004543561394873348,0.00031620553359683795,99.98004520514344,High
642,3.93,0,0,0.0,266.4,1.02,108,1.5953389880545987,0.0,0.0,4.6913478822291435,2,1.0,0.0,0.0,100.0,High
643,1.9,730,0,0.0,348.48,0.9,288,1.0647107369924282,0.0,0.0,5.666426688112432,0,0.00544959128065392,0.0,0.0,50.27247956403269,Medium
644,0.0,0,0,0.0,0.0,1.13,180,0.0,0.0,0.0,5.198497031265826,2,1.0,0.0,0.0,100.0,High
645,1.104,0,2,46.0,198.0,1.02,240,0.7438402948754634,1.0986122886681098,3.8501476017100584,5.484796933490655,2,1.0,0.00174169853470145,0.00031620553359683795,99.94142493328702,High
646,1.02,0,6,63.0,138.0,0.4,600,0.7030975114131134,1.9459101490553132,4.1588830833596715,6.398594934535208,2,1.0,0.0023853697323085077,0.0009486166007905138,99.90946657601494,High
647,0.0,0,0,0.0,0.0,0.5,200,0.0,0.0,0.0,5.303304908059076,2,1.0,0.0,0.0,100.0,High
648,2.07,730,0,0.0,348.48,0.9,288,1.1216775615991057,0.0,0.0,5.666426688112432,0,0.00544959128065392,0.0,0.0,50.27247956403269,Medium
649,0.0,0,0,0.0,0.0,0.25,100,0.0,0.0,0.0,4.61512051684126,2,1.0,0.0,0.0,100.0,High
650,0.0,0,0,0.0,0.0,0.35,30,0.0,0.0,0.0,3.4339872044851463,2,1.0,0.0,0.0,100.0,High
651,7.368,547,0,0.0,293.76,1.05,72,2.124414907322567,0.0,0.0,4.290459441148391,0,0.25476839237057225,0.0,0.0,62.73841961852862,Medium
652,4.0375,0,0,0.0,0.0,0.9,45,1.6169099272728014,0.0,0.0,3.828641396489095,2,1.0,0.0,0.0,100.0,High
653,4.0625,0,0,0.0,0.0,0.9,50,1.6218604324326575,0.0,0.0,3.9318256327243257,2,1.0,0.0,0.0,100.0,High
654,3.4625,0,0,0.0,0.0,0.6,30,1.4957091471057575,0.0,0.0,3.4339872044851463,2,1.0,0.0,0.0,100.0,High
655,3.4,0,0,0.0,0.0,0.35,24,1.4816045409242156,0.0,0.0,3.2188758248682006,2,1.0,0.0,0.0,100.0,High
656,11.3125,0,0,0.0,0.0,0.8,21,2.5106150064982073,0.0,0.0,3.091042453358316,2,1.0,0.0,0.0,100.0,High
657,6.3125,0,0,0.0,0.0,0.35,24,1.989585212557975,0.0,0.0,3.2188758248682006,2,1.0,0.0,0.0,100.0,High
658,2.1875,0,0,0.0,0.0,0.0,0,1.1592369104845446,0.0,0.0,0.0,2,1.0,0.0,0.0,100.0,High
659,5.775,0,0,0.0,0.0,0.6,24,1.9132393667657646,0.0,0.0,3.2188758248682006,2,1.0,0.0,0.0,100.0,High
660,0.0,0,0,0.0,0.0,0.6,24,0.0,0.0,0.0,3.2188758248682006,2,1.0,0.0,0.0,100.0,High
661,0.0,0,0,0.0,0.0,0.0,0,0.0,0.0,0.0,0.0,2,1.0,0.0,0.0,100.0,High
662,6.75,0,0,0.0,0.0,0.7,72,2.0476928433652555,0.0,0.0,4.290459441148391,2,1.0,0.0,0.0,100.0,High
663,0.0,0,0,0.0,0.0,0.0,0,0.0,0.0,0.0,0.0,2,1.0,0.0,0.0,100.0,High
664,3.35,0,0,0.0,0.0,0.6,30,1.4701758451005926,0.0,0.0,3.4339872044851463,2,1.0,0.0,0.0,100.0,High
665,0.0,0,0,0.0,0.0,0.0,0,0.0,0.0,0.0,0.0,2,1.0,0.0,0.0,100.0,High
666,3.9,0,0,0.0,0.0,0.6,8,1.589235205116581,0.0,0.0,2.1972245773362196,2,1.0,0.0,0.0,100.0,High
667,0.0,0,0,0.0,0.0,0.6,30,0.0,0.0,0.0,3.4339872044851463,2,1.0,0.0,0.0,100.0,High
668,6.3125,0,0,0.0,0.0,0.6,24,1.989585212557975,0.0,0.0,3.2188758248682006,2,1.0,0.0,0.0,100.0,High
669,0.0,0,0,0.0,0.0,0.0,0,0.0,0.0,0.0,0.0,2,1.0,0.0,0.0,100.0,High
670,0.0137,0,92,1835.0,800.0,0.0,200000,0.013607003406216902,4.532599493153256,7.515344571180436,12.206077645517674,2,1.0,0.06947862632993829,0.014545454545454545,97.62473211919276,High
671,0.63,0,9,197.0,54.0,0.63,12000,0.48858001481867097,2.302585092994046,5.288267030694535,9.392745258631441,2,1.0,0.00745901328991708,0.0014229249011857706,99.74777110327877,High
672,0.0,0,1,5.0,21.6,0.6,18000,0.0,0.6931471805599453,1.791759469228055,9.798182590890704,2,1.0,0.00018931505811972283,0.00015810276679841898,99.99115849292045,High
673,0.0,0,0,0.0,36.0,0.66,1500,0.0,0.0,0.0,7.313886831633462,2,1.0,0.0,0.0,100.0,High
674,0.0033,0,187,2777.0,276.0,1.0,4800,0.003294566949430031,5.236441962829949,7.9294865233142895,8.476579508530941,2,1.0,0.10514558327969406,0.029565217391304348,96.25432815378309,High
675,0.356,0,15,1444.0,113.4,0.75,1800,0.3045391895182038,2.772588722239781,7.275864600546533,7.496097345175956,2,1.0,0.05467418878497596,0.0023715415019762848,98.3123435064112,High
676,1.62,0,6,71.0,48.0,0.4,4800,0.9631743177730056,1.9459101490553132,4.276666119016055,8.476579508530941,2,1.0,0.0026882738253000645,0.0009486166007905138,99.90037945322518,High
677,0.2,0,4,225.0,102.5,0.4,5000,0.18232155679395465,1.6094379124341003,5.420534999272286,8.517393171418904,2,1.0,0.008519177615387528,0.0006324110671936759,99.7317764501945,High
678,0.0,0,0,0.0,0.0,0.3,2300,0.0,0.0,0.0,7.741099090035366,2,1.0,0.0,0.0,100.0,High
679,0.0,0,9,135.0,60.0,0.54,600,0.0,2.302585092994046,4.912654885736052,6.398594934535208,2,1.0,0.005111506569232517,0.0014229249011857706,99.8181963048993,High
680,0.0,0,0,0.0,0.0,1.0,2100,0.0,0.0,0.0,7.650168700845001,2,1.0,0.0,0.0,100.0,High
681,0.76,0,0,0.0,111.6,0.6,1200,0.5653138090500605,0.0,0.0,7.0909098220799835,2,1.0,0.0,0.0,100.0,High
682,0.0,0,0,0.0,84.0,0.7,40000,0.0,0.0,0.0,10.596659732783579,2,1.0,0.0,0.0,100.0,High
683,0.0,0,0,0.0,0.0,0.5,1480,0.0,0.0,0.0,7.300472814267799,2,1.0,0.0,0.0,100.0,High
684,0.0,0,59,1012.0,130.56,1.2,384,0.0,4.0943445622221,6.920671504248683,5.953243334287785,2,1.0,0.038317367763431906,0.009328063241106719,98.66391770227492,High
685,0.0,0,1,5.0,80.0,0.4,8000,0.0,0.6931471805599453,1.791759469228055,8.987321812850125,2,1.0,0.00018931505811972283,0.00015810276679841898,99.99115849292045,High
686,0.0,0,3,330.0,54.0,0.75,1800,0.0,1.3862943611198906,5.802118375377063,7.496097345175956,2,1.0,0.012494793835901708,0.0004743083003952569,99.61567001891504,High
687,0.0,0,99,2122.0,60.0,0.54,600,0.0,4.605170185988092,7.660585461703256,6.398594934535208,2,1.0,0.08034531066601037,0.01565217391304348,97.27659720175882,High
688,0.6,0,4,130.0,102.5,0.0,5000,0.4700036292457356,1.6094379124341003,4.875197323201151,8.517393171418904,2,1.0,0.004922191511112794,0.0006324110671936759,99.83968603332274,High
689,0.0,0,0,0.0,0.0,0.4,1200,0.0,0.0,0.0,7.0909098220799835,2,1.0,0.0,0.0,100.0,High
690,0.0,0,1,55.0,0.0,1.0,800,0.0,0.6931471805599453,4.02535169073515,6.68586094706836,2,1.0,0.0020824656393169513,0.00015810276679841898,99.93436397548453,High
691,0.0,0,10,294.0,52.8,0.6,4800,0.0,2.3978952727983707,5.68697535633982,8.476579508530941,2,1.0,0.011131725417439703,0.0015810276679841897,99.63442768411713,High
692,0.76,0,27,382.0,73.6,0.6,800,0.5653138090500605,3.332204510175204,5.948034989180646,6.68586094706836,2,1.0,0.014463670440346825,0.004268774703557313,99.48071439271845,High
693,0.0,0,0,0.0,0.0,0.3,1000,0.0,0.0,0.0,6.90875477931522,2,1.0,0.0,0.0,100.0,High
694,1.0,0,1,74.0,84.0,0.6,8000,0.6931471805599453,0.6931471805599453,4.31748811353631,8.987321812850125,2,1.0,0.002801862860171898,0.00015810276679841898,99.91278205885888,High
695,0.0,0,5,42.0,102.5,0.4,5000,0.0,1.791759469228055,3.7612001156935624,8.517393171418904,2,1.0,0.0015902464882056719,0.0007905138339920949,99.93648232867397,High
696,0.0,0,0,0.0,50.4,1.0,800,0.0,0.0,0.0,6.68586094706836,2,1.0,0.0,0.0,100.0,High
697,0.2,0,0,0.0,97.6,0.6,4800,0.18232155679395465,0.0,0.0,8.476579508530941,2,1.0,0.0,0.0,100.0,High
698,0.0,0,0,0.0,246.0,1.0,600,0.0,0.0,0.0,6.398594934535208,2,1.0,0.0,0.0,100.0,High
699,0.0,0,0,0.0,0.0,0.4,500,0.0,0.0,0.0,6.2166061010848646,2,1.0,0.0,0.0,100.0,High
700,2.43,0,32,395.0,123.24,1.2,156,1.2325602611778486,3.4965075614664802,5.981414211254481,5.056245805348308,2,1.0,0.014955889591458105,0.005059288537549407,99.45013754150527,High
701,0.0,0,17,153.0,600.0,1.8,500,0.0,2.8903717578961645,5.0369526024136295,6.2166061010848646,2,1.0,0.005793040778463519,0.0026877470355731225,99.77245383593463,High
702,0.17,0,58,864.0,131.4,0.75,1800,0.15700374880966478,4.07753744390572,6.762729506931879,7.496097345175956,2,1.0,0.03271364204308811,0.0091699604743083,98.8351915292212,High
703,0.0,0,0,0.0,0.0,0.6,500,0.0,0.0,0.0,6.2166061010848646,2,1.0,0.0,0.0,100.0,High
704,0.0,0,0,0.0,0.0,1.6,400,0.0,0.0,0.0,5.993961427306569,2,1.0,0.0,0.0,100.0,High
705,0.0,0,19,1057.0,38.4,0.6,1200,0.0,2.995732273553991,6.964135612418245,7.0909098220799835,2,1.0,0.04002120328650941,0.0030039525691699606,98.73928485002132,High
706,0.0,0,15,261.0,112.0,1.7,350,0.0,2.772588722239781,5.568344503761097,5.860786223465865,2,1.0,0.009882246033849532,0.0023715415019762848,99.65610178894498,High
707,12.0,0,7,313.0,189.0,0.6,4500,2.5649493574615367,2.0794415416798357,5.749392985908253,8.412054873292933,2,1.0,0.01185112263829465,0.0011067193675889327,99.62233193349938,High
708,5.0,0,4,157.0,146.4,0.6,4800,1.791759469228055,1.6094379124341003,5.062595033026967,8.476579508530941,2,1.0,0.005944492824959297,0.0006324110671936759,99.80901699390735,High
709,0.0,0,0,0.0,0.0,0.25,300,0.0,0.0,0.0,5.707110264748875,2,1.0,0.0,0.0,100.0,High
710,0.0,0,0,0.0,0.0,1.5,300,0.0,0.0,0.0,5.707110264748875,2,1.0,0.0,0.0,100.0,High
711,1.205,0,9,212.0,111.6,0.75,900,0.7907275088988094,2.302585092994046,5.3612921657094255,6.803505257608338,2,1.0,0.008026958464276248,0.0014229249011857706,99.730732748048,High
712,0.0,0,0,0.0,0.0,0.6,150,0.0,0.0,0.0,5.017279836814924,2,1.0,0.0,0.0,100.0,High
713,1.47,0,3,4.0,360.0,2.1,300,0.9042181506398859,1.3862943611198906,1.6094379124341003,5.707110264748875,2,1.0,0.00015145204649577828,0.0004743083003952569,99.98597027259723,High
714,0.0,0,5,141.0,84.0,0.73,960,0.0,1.791759469228055,4.955827057601261,6.8679744089702925,2,1.0,0.005338684638976184,0.0007905138339920949,99.82402918415086,High
715,1.47,0,19,194.0,20.16,0.0,144,0.9042181506398859,2.995732273553991,5.272999558563747,4.976733742420574,2,1.0,0.007345424255045246,0.0030039525691699606,99.71955822096525,High
716,0.0,0,0,0.0,210.24,1.2,144,0.0,0.0,0.0,4.976733742420574,2,1.0,0.0,0.0,100.0,High
717,0.0,0,0,0.0,0.0,0.35,200,0.0,0.0,0.0,5.303304908059076,2,1.0,0.0,0.0,100.0,High
718,0.0,0,0,0.0,0.0,0.3,300,0.0,0.0,0.0,5.707110264748875,2,1.0,0.0,0.0,100.0,High
719,6.8,0,11,107.0,136.0,0.48,160,2.0541237336955462,2.4849066497880004,4.68213122712422,5.081404364984463,2,1.0,0.004051342243762069,0.0017391304347826088,99.8436771239915,High
720,0.3,0,0,0.0,420.0,1.0,200,0.262364264467491,0.0,0.0,5.303304908059076,2,1.0,0.0,0.0,100.0,High
721,0.0,0,6,89.0,183.6,0.9,1800,0.0,1.9459101490553132,4.499809670330265,7.496097345175956,2,1.0,0.0033698080345310666,0.0009486166007905138,99.87993342694826,High
722,0.0,0,0,0.0,0.0,0.25,500,0.0,0.0,0.0,6.2166061010848646,2,1.0,0.0,0.0,100.0,High
723,0.0,0,4,83.0,20.0,0.6,800,0.0,1.6094379124341003,4.430816798843313,6.68586094706836,2,1.0,0.0031426299647873994,0.0006324110671936759,99.8930728797125,High
724,0.0,0,7,167.0,262.5,1.8,150,0.0,2.0794415416798357,5.123963979403259,5.017279836814924,2,1.0,0.006323122941198743,0.0011067193675889327,99.78817192441227,High
725,12.3,0,13,64.0,174.0,1.0,300,2.5877640352277083,2.6390573296152584,4.174387269895637,5.707110264748875,2,1.0,0.0024232327439324525,0.0020553359683794467,99.88619629831443,High
726,0.0,0,0,0.0,0.0,0.3,300,0.0,0.0,0.0,5.707110264748875,2,1.0,0.0,0.0,100.0,High
727,0.0,0,0,0.0,0.0,0.3,500,0.0,0.0,0.0,6.2166061010848646,2,1.0,0.0,0.0,100.0,High
728,0.0,0,0,0.0,84.0,0.8,400,0.0,0.0,0.0,5.993961427306569,2,1.0,0.0,0.0,100.0,High
729,0.0,0,13,116.0,83.2,0.2,80,0.0,2.6390573296152584,4.762173934797756,4.394449154672439,2,1.0,0.00439210934837757,0.0020553359683794467,99.82713000018109,High
730,0.5,0,0,0.0,36.0,0.5,1600,0.4054651081081644,0.0,0.0,7.3783837129967145,2,1.0,0.0,0.0,100.0,High
731,0.0,0,1,10.0,44.0,0.4,800,0.0,0.6931471805599453,2.3978952727983707,6.68586094706836,2,1.0,0.00037863011623944567,0.00015810276679841898,99.98547904117686,High
732,0.0,0,4,39.0,50.0,1.8,150,0.0,1.6094379124341003,3.6888794541139363,5.017279836814924,2,1.0,0.0014766574533338383,0.0006324110671936759,99.9430520550561,High
733,1.5,0,4,82.0,2.88,0.0,288,0.9162907318741551,1.6094379124341003,4.418840607796598,5.666426688112432,2,1.0,0.0031047669531634545,0.0006324110671936759,99.89420877006123,High
734,0.0,0,1,30.0,84.0,0.73,960,0.0,0.6931471805599453,3.4339872044851463,6.8679744089702925,2,1.0,0.001135890348718337,0.00015810276679841898,99.96276123420247,High
735,4.98,0,8,20.0,33.0,0.5,1000,1.7884205679625405,2.1972245773362196,3.044522437723423,6.90875477931522,2,1.0,0.0007572602324788913,0.0012648221343873518,99.9519857503379,High
736,4.584,0,7,83.0,216.0,0.75,900,1.7199053654600713,2.0794415416798357,4.430816798843313,6.803505257608338,2,1.0,0.0031426299647873994,0.0011067193675889327,99.8835867137046,High
737,0.0,0,3,99.0,62.4,0.6,2000,0.0,1.3862943611198906,4.605170185988092,7.601402334583733,2,1.0,0.003748438150770512,0.0004743083003952569,99.87806068946897,High
738,0.0,0,0,0.0,30.0,0.5,600,0.0,0.0,0.0,6.398594934535208,2,1.0,0.0,0.0,100.0,High
739,0.0,0,2,7.0,43.0,0.4,1000,0.0,1.0986122886681098,2.0794415416798357,6.90875477931522,2,1.0,0.00026504108136761196,0.00031620553359683795,99.98572465688703,High
740,0.0,0,0,0.0,44.0,0.7,4000,0.0,0.0,0.0,8.294299608857235,2,1.0,0.0,0.0,100.0,High
741,0.0,0,0,0.0,0.0,0.25,200,0.0,0.0,0.0,5.303304908059076,2,1.0,0.0,0.0,100.0,High
742,0.0,0,0,0.0,45.0,0.6,180,0.0,0.0,0.0,5.198497031265826,2,1.0,0.0,0.0,100.0,High
743,0.0,0,12,103.0,212.4,1.8,150,0.0,2.5649493574615367,4.6443908991413725,5.017279836814924,2,1.0,0.0038998901972662906,0.0018972332015810276,99.8450586300504,High
744,0.0,0,7,38.0,73.6,0.4,2400,0.0,2.0794415416798357,3.6635616461296463,7.783640596221253,2,1.0,0.0014387944417098937,0.0011067193675889327,99.93470177939693,High
745,0.0,0,3,43.0,52.0,0.7,800,0.0,1.3862943611198906,3.784189633918261,6.68586094706836,2,1.0,0.0016281094998296165,0.0004743083003952569,99.94167054899721,High
746,0.0,0,5,52.0,185.4,0.9,900,0.0,1.791759469228055,3.970291913552122,6.803505257608338,2,1.0,0.0019688766044451177,0.0007905138339920949,99.9251234251868,High
747,0.0,0,0,0.0,0.0,0.6,20,0.0,0.0,0.0,3.044522437723423,2,1.0,0.0,0.0,100.0,High
748,7.593,0,21,30.0,0.0,1.7,80,2.150947918331086,3.091042453358316,3.4339872044851463,4.394449154672439,2,1.0,0.001135890348718337,0.0033201581027667982,99.89952012748311,High
749,4.813,0,17,111.0,124.0,0.64,48,1.7600967887192134,2.8903717578961645,4.718498871295094,3.8918202981106265,2,1.0,0.004202794290257847,0.0026877470355731225,99.82016123058081,High
750,0.0,0,2,20.0,124.0,0.6,1200,0.0,1.0986122886681098,3.044522437723423,7.0909098220799835,2,1.0,0.0007572602324788913,0.00031620553359683795,99.9709580823537,High
751,0.0,0,1,20.0,15.72,0.9,144,0.0,0.6931471805599453,3.044522437723423,4.976733742420574,2,1.0,0.0007572602324788913,0.00015810276679841898,99.97412013768967,High
752,0.0,0,4,40.0,131.4,0.9,900,0.0,1.6094379124341003,3.713572066704308,6.803505257608338,2,1.0,0.0015145204649577827,0.0006324110671936759,99.9419161647074,High
753,0.0,0,2,32.0,185.4,0.75,360,0.0,1.0986122886681098,3.4965075614664802,5.8888779583328805,2,1.0,0.0012116163719662263,0.00031620553359683795,99.95732739816908,High
754,0.0,0,0,0.0,44.0,0.4,4000,0.0,0.0,0.0,8.294299608857235,2,1.0,0.0,0.0,100.0,High
755,1.48,0,0,0.0,140.4,0.75,1800,0.9082585601768908,0.0,0.0,7.496097345175956,2,1.0,0.0,0.0,100.0,High
756,0.5986,0,0,0.0,80.0,0.4,400,0.4691282462097816,0.0,0.0,5.993961427306569,2,1.0,0.0,0.0,100.0,High
757,0.0,0,0,0.0,156.0,0.84,1200,0.0,0.0,0.0,7.0909098220799835,2,1.0,0.0,0.0,100.0,High
758,0.0,0,0,0.0,0.0,0.3,50,0.0,0.0,0.0,3.9318256327243257,2,1.0,0.0,0.0,100.0,High
759,0.0,0,5,8.0,100.0,0.0,40,0.0,1.791759469228055,2.1972245773362196,3.713572066704308,2,1.0,0.00030290409299155657,0.0007905138339920949,99.9751026005304,High
760,0.0,0,7,27.0,92.0,0.78,32,0.0,2.0794415416798357,3.332204510175204,3.4965075614664802,2,1.0,0.0010223013138465035,0.0011067193675889327,99.94719657323283,High
761,0.0,0,0,0.0,0.0,0.0,0,0.0,0.0,0.0,0.0,2,1.0,0.0,0.0,100.0,High
762,0.324,0,29,37.0,210.0,0.0,50,0.28065745751481647,3.4011973816621555,3.6375861597263857,3.9318256327243257,2,1.0,0.001400931430085949,0.00458498023715415,99.86627245235434,High
763,7.98,0,0,0.0,80.0,0.4,400,2.194999882314108,0.0,0.0,5.993961427306569,2,1.0,0.0,0.0,100.0,High
764,1.47,0,0,0.0,0.0,0.0,0,0.9042181506398859,0.0,0.0,0.0,2,1.0,0.0,0.0,100.0,High
765,0.0,0,2,2.0,272.0,1.36,96,0.0,1.0986122886681098,1.0986122886681098,4.574710978503383,2,1.0,7.572602324788914e-05,0.00031620553359683795,99.99140410863062,High
766,8.0,0,0,0.0,40.0,0.6,100,2.1972245773362196,0.0,0.0,4.61512051684126,2,1.0,0.0,0.0,100.0,High
767,0.0,0,0,0.0,0.0,0.6,25,0.0,0.0,0.0,3.258096538021482,2,1.0,0.0,0.0,100.0,High
768,1.0409,0,0,0.0,80.0,0.4,400,0.7133908870369877,0.0,0.0,5.993961427306569,2,1.0,0.0,0.0,100.0,High
769,20.0,0,1,3.0,160.0,0.8,80,3.044522437723423,0.6931471805599453,1.3862943611198906,4.394449154672439,2,1.0,0.0001135890348718337,0.00015810276679841898,99.99343027361788,High
770,5.905,0,6,15.0,240.0,0.0,400,1.9322457868612555,1.9459101490553132,2.772588722239781,5.993961427306569,2,1.0,0.0005679451743591685,0.0009486166007905138,99.96398931275341,High
771,0.0,0,0,0.0,0.0,0.35,50,0.0,0.0,0.0,3.9318256327243257,2,1.0,0.0,0.0,100.0,High
772,2.5,0,2,24.0,225.0,0.0,1500,1.252762968495368,1.0986122886681098,3.2188758248682006,7.313886831633462,2,1.0,0.0009087122789746696,0.00031620553359683795,99.96641452095882,High
773,0.0,0,1,9.0,146.6,0.5,1600,0.0,0.6931471805599453,2.302585092994046,7.3783837129967145,2,1.0,0.0003407671046155011,0.00015810276679841898,99.98661493152558,High
774,0.0,0,0,0.0,480.0,2.0,400,0.0,0.0,0.0,5.993961427306569,2,1.0,0.0,0.0,100.0,High
775,0.0,0,3,17.0,0.0,0.5,50,0.0,1.3862943611198906,2.8903717578961645,3.9318256327243257,2,1.0,0.0006436711976070576,0.0004743083003952569,99.97120369806389,High
776,31.0,0,1,9.0,93.0,0.78,600,3.4657359027997265,0.6931471805599453,2.302585092994046,6.398594934535208,2,1.0,0.0003407671046155011,0.00015810276679841898,99.98661493152558,High
777,0.0,0,0,0.0,146.6,0.5,1600,0.0,0.0,0.0,7.3783837129967145,2,1.0,0.0,0.0,100.0,High
778,0.0,0,2,57.0,160.0,1.25,1600,0.0,1.0986122886681098,4.060443010546419,7.3783837129967145,2,1.0,0.0021581916625648405,0.00031620553359683795,99.92893013945113,High
779,0.0,0,0,0.0,38.4,0.6,600,0.0,0.0,0.0,6.398594934535208,2,1.0,0.0,0.0,100.0,High
780,6.333,0,0,0.0,0.0,0.0,8,1.9923847091116624,0.0,0.0,2.1972245773362196,2,1.0,0.0,0.0,100.0,High
781,18.0,0,2,8.0,66.0,0.6,600,2.9444389791664403,1.0986122886681098,2.1972245773362196,6.398594934535208,2,1.0,0.00030290409299155657,0.00031620553359683795,99.98458876653832,High
782,0.0,0,1,1.0,93.6,0.78,600,0.0,0.6931471805599453,0.6931471805599453,6.398594934535208,2,1.0,3.786301162394457e-05,0.00015810276679841898,99.99570205431532,High
783,0.0,0,1,8.0,93.6,0.78,600,0.0,0.6931471805599453,2.1972245773362196,6.398594934535208,2,1.0,0.00030290409299155657,0.00015810276679841898,99.98775082187429,High
784,0.0,0,0,0.0,0.0,0.0,10,0.0,0.0,0.0,2.3978952727983707,2,1.0,0.0,0.0,100.0,High
785,40.0,0,0,0.0,0.0,0.0,216,3.713572066704308,0.0,0.0,5.37989735354046,2,1.0,0.0,0.0,100.0,High
786,0.0,0,0,0.0,0.0,0.25,20,0.0,0.0,0.0,3.044522437723423,2,1.0,0.0,0.0,100.0,High
787,0.0,0,0,0.0,42.4,0.5,1000,0.0,0.0,0.0,6.90875477931522,2,1.0,0.0,0.0,100.0,High
788,0.0,0,1,3.0,93.6,0.78,600,0.0,0.6931471805599453,1.3862943611198906,6.398594934535208,2,1.0,0.0001135890348718337,0.00015810276679841898,99.99343027361788,High
789,0.0,0,1,4.0,93.6,0.78,600,0.0,0.6931471805599453,1.6094379124341003,6.398594934535208,2,1.0,0.00015145204649577828,0.00015810276679841898,99.99229438326917,High
790,0.0,0,0,0.0,20.0,1.0,80,0.0,0.0,0.0,4.394449154672439,2,1.0,0.0,0.0,100.0,High
791,0.0,0,0,0.0,0.0,0.3,5,0.0,0.0,0.0,1.791759469228055,2,1.0,0.0,0.0,100.0,High
792,0.0,0,0,0.0,0.0,0.0,3,0.0,0.0,0.0,1.3862943611198906,2,1.0,0.0,0.0,100.0,High
793,0.0,0,9,278.0,102.5,0.4,5000,0.0,2.302585092994046,5.631211781821365,8.517393171418904,2,1.0,0.01052591723145659,0.0014229249011857706,99.65576398503259,High
794,18.0,0,1,2.0,42.4,0.5,1000,2.9444389791664403,0.6931471805599453,1.0986122886681098,6.90875477931522,2,1.0,7.572602324788914e-05,0.00015810276679841898,99.9945661639666,High
795,0.0,0,0,0.0,93.6,0.78,600,0.0,0.0,0.0,6.398594934535208,2,1.0,0.0,0.0,100.0,High
796,0.0,0,0,0.0,0.0,0.6,6,0.0,0.0,0.0,1.9459101490553132,2,1.0,0.0,0.0,100.0,High
797,3.643,0,0,0.0,0.0,0.35,500,1.5353607090377845,0.0,0.0,6.2166061010848646,2,1.0,0.0,0.0,100.0,High
798,0.0,0,0,0.0,0.0,0.0,0,0.0,0.0,0.0,0.0,2,1.0,0.0,0.0,100.0,High
799,0.0,0,0,0.0,0.0,0.25,500,0.0,0.0,0.0,6.2166061010848646,2,1.0,0.0,0.0,100.0,High
800,0.0,0,0,0.0,93.6,0.78,600,0.0,0.0,0.0,6.398594934535208,2,1.0,0.0,0.0,100.0,High
801,34.85,0,0,0.0,0.0,0.2,20,3.5793435670456293,0.0,0.0,3.044522437723423,0,1.0,0.0,0.0,100.0,High
802,0.0,0,0,0.0,0.0,0.0,0,0.0,0.0,0.0,0.0,2,1.0,0.0,0.0,100.0,High
803,0.0,0,0,0.0,0.0,0.25,100,0.0,0.0,0.0,4.61512051684126,2,1.0,0.0,0.0,100.0,High
804,0.0,0,0,0.0,0.0,0.0,5,0.0,0.0,0.0,1.791759469228055,2,1.0,0.0,0.0,100.0,High
805,0.0,0,0,0.0,0.0,0.0,0,0.0,0.0,0.0,0.0,2,1.0,0.0,0.0,100.0,High
806,0.0,0,0,0.0,0.0,0.5,10,0.0,0.0,0.0,2.3978952727983707,2,1.0,0.0,0.0,100.0,High
807,0.4,0,45,407.0,320.0,1.0,8000,0.33647223662121295,3.828641396489095,6.0112671744041615,8.987321812850125,2,1.0,0.015410245730945439,0.0071146245059288534,99.39540013795308,High
808,0.0,0,9,260.0,52.8,0.6,4800,0.0,2.302585092994046,5.564520407322694,8.476579508530941,2,1.0,0.009844383022225588,0.0014229249011857706,99.67621001130952,High
809,0.0,0,2,14.0,9.6,0.7,80,0.0,1.0986122886681098,2.70805020110221,4.394449154672439,2,1.0,0.0005300821627352239,0.00031620553359683795,99.97777342444601,High
810,0.0,0,0,0.0,15.0,0.15,1,0.0,0.0,0.0,0.6931471805599453,2,1.0,0.0,0.0,100.0,High
811,0.4916,0,14,359.0,45.0,0.6,1800,0.3998493693225287,2.70805020110221,5.886104031450156,7.496097345175956,2,1.0,0.0135928211729961,0.0022134387351778655,99.54794659010656,High
812,0.0,0,0,0.0,0.0,0.3,500,0.0,0.0,0.0,6.2166061010848646,2,1.0,0.0,0.0,100.0,High
813,0.0,0,2,4.0,0.0,0.0,0,0.0,1.0986122886681098,1.6094379124341003,0.0,2,1.0,0.00015145204649577828,0.00031620553359683795,99.98913232793319,High
814,0.0,0,1,200.0,102.5,0.4,5000,0.0,0.6931471805599453,5.303304908059076,8.517393171418904,2,1.0,0.007572602324788914,0.00015810276679841898,99.76965987492036,High
815,0.0,0,57,701.0,102.5,0.4,5000,0.0,4.060443010546419,6.553933404025811,8.517393171418904,2,1.0,0.026541971148385142,0.009011857707509882,99.02350371139825,High
816,0.0,0,3,6.0,432.0,1.19,864,0.0,1.3862943611198906,1.9459101490553132,6.762729506931879,2,1.0,0.0002271780697436674,0.0004743083003952569,99.98369849189979,High
817,0.0,0,8,36.0,226.8,1.2,720,0.0,2.1972245773362196,3.6109179126442243,6.580639137284949,2,1.0,0.0013630684184620045,0.0012648221343873518,99.9338115047584,High
818,0.348,0,6,1412.0,48.0,0.6,8000,0.2986220124901153,1.9459101490553132,7.253470382684528,8.987321812850125,2,1.0,0.05346257241300973,0.0009486166007905138,98.3771504955939,High
819,0.0,0,0,0.0,24.0,0.5,120,0.0,0.0,0.0,4.795790545596741,2,1.0,0.0,0.0,100.0,High
820,15.96,0,9,23.0,36.0,0.5,240,2.830857630363757,2.302585092994046,3.1780538303479458,5.484796933490655,2,1.0,0.000870849267350725,0.0014229249011857706,99.94541602395577,High
821,0.0,0,14,162.0,20.0,0.25,12480,0.0,2.70805020110221,5.093750200806762,9.431962766918454,2,1.0,0.00613380788307902,0.0022134387351778655,99.77171698880409,High
822,1.038,0,0,0.0,120.0,0.6,1200,0.7119689348005331,0.0,0.0,7.0909098220799835,2,1.0,0.0,0.0,100.0,High
823,0.0,0,1,16.0,120.0,0.6,2400,0.0,0.6931471805599453,2.833213344056216,7.783640596221253,2,1.0,0.0006058081859831131,0.00015810276679841898,99.97866369908454,High
824,0.695,0,128,1566.0,249.6,0.9,1152,0.5276827408324136,4.859812404361672,7.356918242356021,7.050122520269059,2,1.0,0.059293476203097197,0.02023715415019763,97.81645263090314,High
825,0.043,0,253,5430.0,54.0,0.9,2250,0.042101176018635396,5.537334267018537,8.599878558034845,7.719129840906732,1,1.0,0.20559615311801901,0.04,93.03211540645944,High
826,0.0,547,0,0.0,249.6,0.0,384,0.0,0.0,0.0,5.953243334287785,0,0.25476839237057225,0.0,0.0,62.73841961852862,Medium
827,0.0,547,0,0.0,249.6,0.0,384,0.0,0.0,0.0,5.953243334287785,0,0.25476839237057225,0.0,0.0,62.73841961852862,Medium
828,0.0,547,0,0.0,249.6,0.0,384,0.0,0.0,0.0,5.953243334287785,0,0.25476839237057225,0.0,0.0,62.73841961852862,Medium
829,0.0,547,0,0.0,211.2,0.0,384,0.0,0.0,0.0,5.953243334287785,0,0.25476839237057225,0.0,0.0,62.73841961852862,Medium
830,518.592,0,1,1.0,1.0,0.04,2,6.2530438882191035,0.6931471805599453,0.6931471805599453,1.0986122886681098,0,1.0,3.786301162394457e-05,0.00015810276679841898,99.99570205431532,High
831,0.0,0,1,1.0,45.0,1.0,10,0.0,0.6931471805599453,0.6931471805599453,2.3978952727983707,2,1.0,3.786301162394457e-05,0.00015810276679841898,99.99570205431532,High
832,0.0,0,1,3.0,12.5,0.35,25,0.0,0.6931471805599453,1.3862943611198906,3.258096538021482,2,1.0,0.0001135890348718337,0.00015810276679841898,99.99343027361788,High
833,0.0,0,0,0.0,40.0,0.25,20,0.0,0.0,0.0,3.044522437723423,2,1.0,0.0,0.0,100.0,High
834,0.0,0,0,0.0,0.8,0.3,4,0.0,0.0,0.0,1.6094379124341003,2,1.0,0.0,0.0,100.0,High
835,0.0,0,0,0.0,1.2,0.2,4,0.0,0.0,0.0,1.6094379124341003,2,1.0,0.0,0.0,100.0,High
836,0.0,0,0,0.0,144.0,1.44,8,0.0,0.0,0.0,2.1972245773362196,2,1.0,0.0,0.0,100.0,High
837,291.205,0,0,0.0,345.0,0.75,5,5.677455610737617,0.0,0.0,1.791759469228055,0,1.0,0.0,0.0,100.0,High
838,0.0,0,0,0.0,1.2,0.2,5,0.0,0.0,0.0,1.791759469228055,2,1.0,0.0,0.0,100.0,High
839,13.342,547,2,2.0,257.67,0.84,21,2.6631922954603833,1.0986122886681098,1.0986122886681098,3.091042453358316,0,0.25476839237057225,7.572602324788914e-05,0.00031620553359683795,62.72982372715924,Medium
840,0.0,547,0,0.0,221.0,1.18,72,0.0,0.0,0.0,4.290459441148391,0,0.25476839237057225,0.0,0.0,62.73841961852862,Medium
841,0.0,0,0,0.0,80.0,0.8,3200,0.0,0.0,0.0,8.071218539969863,2,1.0,0.0,0.0,100.0,High
842,0.0,0,0,0.0,80.0,0.8,3200,0.0,0.0,0.0,8.071218539969863,2,1.0,0.0,0.0,100.0,High
843,3.735,547,0,0.0,221.04,1.05,72,1.5549817266380415,0.0,0.0,4.290459441148391,0,0.25476839237057225,0.0,0.0,62.73841961852862,Medium
844,1.96,730,14,18.0,336.96,0.9,288,1.085189268335969,2.70805020110221,2.9444389791664403,5.666426688112432,0,0.00544959128065392,0.0006815342092310022,0.0022134387351778655,50.20776476305221,Medium
845,1.87,730,16,26.0,336.96,0.9,288,1.0543120297715298,2.833213344056216,3.295836866004329,5.666426688112432,0,0.00544959128065392,0.0009844383022225589,0.0025296442687747036,50.19235352959053,Medium
846,1.66,730,10,11.0,336.96,0.9,288,0.9783261227936076,2.3978952727983707,2.4849066497880004,5.666426688112432,0,0.00544959128065392,0.00041649312786339027,0.0015810276679841897,50.22836421683711,Medium
847,1.801,730,7,10.0,336.96,0.9,288,1.0299764962779716,2.0794415416798357,2.3978952727983707,5.666426688112432,0,0.00544959128065392,0.00037863011623944567,0.0011067193675889327,50.238986273193746,Medium
848,1.489,547,2,2.0,147.6,1.17,180,0.9118810233854551,1.0986122886681098,1.0986122886681098,5.198497031265826,0,0.25476839237057225,7.572602324788914e-05,0.00031620553359683795,62.72982372715924,Medium
849,3.508,547,0,0.0,221.04,1.05,72,1.50585359617753,0.0,0.0,4.290459441148391,0,0.25476839237057225,0.0,0.0,62.73841961852862,Medium
850,16.502,547,1,1.0,147.24,0.48,12,2.8623151601136394,0.6931471805599453,0.6931471805599453,2.5649493574615367,0,0.25476839237057225,3.786301162394457e-05,0.00015810276679841898,62.734121672843926,Medium
851,2.435,547,2,3.0,166.0,1.19,108,1.2340169256743128,1.0986122886681098,1.3862943611198906,4.6913478822291435,0,0.25476839237057225,0.0001135890348718337,0.00031620553359683795,62.72868783681053,Medium
852,2.892,734,0,0.0,175.5,1.02,108,1.3589231643237587,0.0,0.0,4.6913478822291435,0,0.0,0.0,0.0,50.0,Medium
853,2.82,547,0,0.0,175.5,1.02,108,1.3402504226184837,0.0,0.0,4.6913478822291435,0,0.25476839237057225,0.0,0.0,62.73841961852862,Medium
854,2.82,547,0,0.0,175.5,1.02,108,1.3402504226184837,0.0,0.0,4.6913478822291435,0,0.25476839237057225,0.0,0.0,62.73841961852862,Medium
855,3.768,547,0,0.0,230.4,1.02,108,1.5619269297630487,0.0,0.0,4.6913478822291435,0,0.25476839237057225,0.0,0.0,62.73841961852862,Medium
856,0.0,0,0,0.0,10.0,0.4,400,0.0,0.0,0.0,5.993961427306569,2,1.0,0.0,0.0,100.0,High
857,2.827,547,1,3.0,226.8,1.02,108,1.3420812064435652,0.6931471805599453,1.3862943611198906,4.6913478822291435,0,0.25476839237057225,0.0001135890348718337,0.00015810276679841898,62.7318498921465,Medium
858,11.743,547,2,2.0,325.12,0.8,32,2.544982101230142,1.0986122886681098,1.0986122886681098,3.4965075614664802,0,0.25476839237057225,7.572602324788914e-05,0.00031620553359683795,62.72982372715924,Medium
859,21.2,365,0,0.0,300.0,0.84,21,3.100092288878234,0.0,0.0,3.091042453358316,0,0.5027247956403269,0.0,0.0,75.13623978201633,High
860,19.26,365,0,0.0,300.0,0.84,21,3.0086484988205373,0.0,0.0,3.091042453358316,0,0.5027247956403269,0.0,0.0,75.13623978201633,High
861,17.76,365,0,0.0,300.0,0.84,441,2.9317269435780786,0.0,0.0,6.091309882077698,0,0.5027247956403269,0.0,0.0,75.13623978201633,High
862,21.084,365,0,0.0,300.0,0.84,21,3.094853364421798,0.0,0.0,3.091042453358316,0,0.5027247956403269,0.0,0.0,75.13623978201633,High
863,20.74,365,0,0.0,548.0,1.5,30,3.0791538816930633,0.0,0.0,3.4339872044851463,0,0.5027247956403269,0.0,0.0,75.13623978201633,High
864,0.0,365,0,0.0,177.0,1.02,72,0.0,0.0,0.0,4.290459441148391,0,0.5027247956403269,0.0,0.0,75.13623978201633,High
865,10.99,547,0,0.0,243.84,0.72,32,2.4840729690394228,0.0,0.0,3.4965075614664802,0,0.25476839237057225,0.0,0.0,62.73841961852862,Medium
866,11.81,547,0,0.0,293.12,0.8,32,2.550226115908643,0.0,0.0,3.4965075614664802,0,0.25476839237057225,0.0,0.0,62.73841961852862,Medium
867,0.12,547,0,0.0,105.6,0.6,1920,0.11332868530700317,0.0,0.0,7.560601162768557,0,0.25476839237057225,0.0,0.0,62.73841961852862,Medium
868,0.18,547,2,640.0,105.6,0.6,1920,0.16551443847757338,1.0986122886681098,6.46302945692067,7.560601162768557,1,0.25476839237057225,0.024232327439324523,0.00031620553359683795,62.00512568467694,Medium
869,0.015,547,1,80.0,105.6,1.56,1920,0.014888612493750654,0.6931471805599453,4.394449154672439,7.560601162768557,0,0.25476839237057225,0.0030290409299155653,0.00015810276679841898,62.644386335295174,Medium
870,0.006,547,8,1860.0,105.6,1.56,1920,0.005982071677547464,2.1972245773362196,7.528869256642251,7.560601162768557,1,0.25476839237057225,0.07042520162053689,0.0012648221343873518,60.600367127224764,Medium
871,0.192,547,9,1500.0,105.6,1.56,1920,0.17563256864315802,2.302585092994046,7.313886831633462,7.560601162768557,1,0.25476839237057225,0.056794517435916854,0.0014229249011857706,61.0061255974274,Medium
872,0.2,547,4,980.0,105.6,1.56,1920,0.18232155679395465,1.6094379124341003,6.8885724595653635,7.560601162768557,1,0.25476839237057225,0.03710575139146568,0.0006324110671936759,61.61259885544077,Medium
873,0.031,547,3,200.0,105.6,1.56,1920,0.03052920503482287,1.3862943611198906,5.303304908059076,7.560601162768557,1,0.25476839237057225,0.007572602324788914,0.0004743083003952569,62.50175538277705,Medium
874,0.207,547,8,2300.0,105.6,1.56,1920,0.18813794211539445,2.1972245773362196,7.741099090035366,7.560601162768557,1,0.25476839237057225,0.08708492673507251,0.0012648221343873518,60.100575373788686,Medium
875,0.204,547,3,979.0,105.6,1.56,1920,0.1856493468866293,1.3862943611198906,6.887552571664617,7.560601162768557,1,0.25476839237057225,0.037067888379841735,0.0004743083003952569,61.616896801125456,Medium
876,3.234,547,0,0.0,226.8,1.02,108,1.4431471727126735,0.0,0.0,4.6913478822291435,0,0.25476839237057225,0.0,0.0,62.73841961852862,Medium
877,11.174,547,0,0.0,293.12,0.8,32,2.499302530071733,0.0,0.0,3.4965075614664802,0,0.25476839237057225,0.0,0.0,62.73841961852862,Medium
878,13.289,547,1,1.0,325.12,0.8,32,2.659490010486833,0.6931471805599453,0.6931471805599453,3.4965075614664802,0,0.25476839237057225,3.786301162394457e-05,0.00015810276679841898,62.734121672843926,Medium
879,2.318,547,0,0.0,165.78,1.02,108,1.1993621917682529,0.0,0.0,4.6913478822291435,0,0.25476839237057225,0.0,0.0,62.73841961852862,Medium
880,9.298,547,1,1.0,261.12,0.72,32,2.3319497016239494,0.6931471805599453,0.6931471805599453,3.4965075614664802,0,0.25476839237057225,3.786301162394457e-05,0.00015810276679841898,62.734121672843926,Medium
881,5.477,547,4,6.0,293.76,1.05,72,1.86825744020078,1.6094379124341003,1.9459101490553132,4.290459441148391,0,0.25476839237057225,0.0002271780697436674,0.0006324110671936759,62.718956055092434,Medium
882,1.34,547,0,0.0,207.68,1.0,384,0.8501509293696101,0.0,0.0,5.953243334287785,0,0.25476839237057225,0.0,0.0,62.73841961852862,Medium
883,5.617,547,3,3.0,293.76,1.05,72,1.8896420950299224,1.3862943611198906,1.3862943611198906,4.290459441148391,0,0.25476839237057225,0.0001135890348718337,0.0004743083003952569,62.72552578147456,Medium
884,12.049,547,0,0.0,325.12,0.8,32,2.56871150248011,0.0,0.0,3.4965075614664802,0,0.25476839237057225,0.0,0.0,62.73841961852862,Medium
885,9.032,547,0,0.0,261.12,0.72,32,2.305779983890565,0.0,0.0,3.4965075614664802,0,0.25476839237057225,0.0,0.0,62.73841961852862,Medium
886,1.07,547,0,0.0,207.68,1.0,384,0.7275486072772778,0.0,0.0,5.953243334287785,0,0.25476839237057225,0.0,0.0,62.73841961852862,Medium
887,0.969,547,7,9.0,167.68,1.0,384,0.6775257996569886,2.0794415416798357,2.302585092994046,5.953243334287785,0,0.25476839237057225,0.0003407671046155011,0.0011067193675889327,62.70606221803837,Medium
888,23.604,365,0,0.0,578.1,1.2,30,3.2029090313461217,0.0,0.0,3.4339872044851463,0,0.5027247956403269,0.0,0.0,75.13623978201633,High
889,10.783,547,0,0.0,293.12,0.8,32,2.4666578147312035,0.0,0.0,3.4965075614664802,0,0.25476839237057225,0.0,0.0,62.73841961852862,Medium
890,0.0,365,54,182.0,183.0,0.9,72,0.0,4.007333185232471,5.209486152841421,4.290459441148391,1,0.5027247956403269,0.0068910681155579115,0.008537549407114625,74.75875675040731,High
891,0.0,365,35,161.0,147.0,0.9,72,0.0,3.58351893845611,5.087596335232384,4.290459441148391,1,0.5027247956403269,0.0060959448714550755,0.005533596837944664,74.8426894991138,High
892,0.0,365,24,65.0,147.0,0.9,72,0.0,3.2188758248682006,4.189654742026425,4.290459441148391,2,0.5027247956403269,0.002461095755556397,0.003794466403162055,74.9865175812864,High
893,0.0,365,37,172.0,147.0,0.9,72,0.0,3.6375861597263857,5.153291594497779,4.290459441148391,1,0.5027247956403269,0.006512437999318466,0.005849802371541502,74.82387059460595,High
894,21.78,365,0,0.0,578.0,1.2,30,3.125882958019036,0.0,0.0,3.4339872044851463,0,0.5027247956403269,0.0,0.0,75.13623978201633,High
895,0.0,365,0,0.0,578.0,1.2,30,0.0,0.0,0.0,3.4339872044851463,0,0.5027247956403269,0.0,0.0,75.13623978201633,High
896,0.2,547,9,1140.0,98.0,1.56,1920,0.18232155679395465,2.302585092994046,7.039660349862076,7.560601162768557,1,0.25476839237057225,0.04316383325129681,0.0014229249011857706,61.415046122966,Medium
897,0.16,0,1,420.0,105.6,1.56,1920,0.1484200051182733,0.6931471805599453,6.042632833682381,7.560601162768557,2,1.0,0.015902464882056717,0.00015810276679841898,99.51976399820234,High
898,0.057,547,2,720.0,105.6,1.56,1920,0.055434706888100586,1.0986122886681098,6.580639137284949,7.560601162768557,1,0.25476839237057225,0.02726136836924009,0.00031620553359683795,61.914254456779474,Medium
899,0.18,547,11,2280.0,105.6,1.56,1920,0.16551443847757338,2.4849066497880004,7.732369222284388,7.560601162768557,1,0.25476839237057225,0.08632766650259362,0.0017391304347826088,60.11380701475515,Medium
900,0.204,547,4,1640.0,105.6,1.56,1920,0.1856493468866293,1.6094379124341003,7.403061091090091,7.560601162768557,1,0.25476839237057225,0.06209533906326909,0.0006324110671936759,60.862911225286666,Medium
901,0.0,547,0,0.0,105.6,1.56,1920,0.0,0.0,0.0,7.560601162768557,0,0.25476839237057225,0.0,0.0,62.73841961852862,Medium
902,0.5,0,0,0.0,50.4,0.5,2400,0.4054651081081644,0.0,0.0,7.783640596221253,2,1.0,0.0,0.0,100.0,High
903,0.5,0,0,0.0,50.4,0.5,2400,0.4054651081081644,0.0,0.0,7.783640596221253,2,1.0,0.0,0.0,100.0,High
904,0.2,547,1,140.0,105.6,1.56,1920,0.18232155679395465,0.6931471805599453,4.948759890378168,7.560601162768557,0,0.25476839237057225,0.005300821627352239,0.00015810276679841898,62.57623291437208,Medium
905,0.013,547,1,20.0,105.6,1.56,1920,0.012916225266546327,0.6931471805599453,3.044522437723423,7.560601162768557,0,0.25476839237057225,0.0007572602324788913,0.00015810276679841898,62.71253975621828,Medium
906,15.18,365,3,3.0,258.0,0.84,21,2.7837759116303458,1.3862943611198906,1.3862943611198906,3.091042453358316,0,0.5027247956403269,0.0001135890348718337,0.0004743083003952569,75.1233459449623,High
907,16.52,547,0,0.0,293.12,0.8,32,2.8633430855082453,0.0,0.0,3.4965075614664802,0,0.25476839237057225,0.0,0.0,62.73841961852862,Medium
908,6.339,547,0,0.0,261.54,1.05,72,1.9932025935629258,0.0,0.0,4.290459441148391,0,0.25476839237057225,0.0,0.0,62.73841961852862,Medium
909,4.39,547,0,0.0,226.8,1.02,108,1.6845453849209058,0.0,0.0,4.6913478822291435,0,0.25476839237057225,0.0,0.0,62.73841961852862,Medium
910,15.94,547,0,0.0,325.12,0.8,32,2.8296776892239084,0.0,0.0,3.4965075614664802,0,0.25476839237057225,0.0,0.0,62.73841961852862,Medium
911,18.199,547,0,0.0,325.12,0.8,32,2.954858194344019,0.0,0.0,3.4965075614664802,0,0.25476839237057225,0.0,0.0,62.73841961852862,Medium
912,6.98,547,0,0.0,293.76,1.05,72,2.0769384114617173,0.0,0.0,4.290459441148391,0,0.25476839237057225,0.0,0.0,62.73841961852862,Medium
913,14.71,547,0,0.0,293.12,0.8,32,2.75429745226753,0.0,0.0,3.4965075614664802,0,0.25476839237057225,0.0,0.0,62.73841961852862,Medium
914,6.12,547,0,0.0,261.54,1.05,72,1.9629077254238845,0.0,0.0,4.290459441148391,0,0.25476839237057225,0.0,0.0,62.73841961852862,Medium
915,7.27,547,0,0.0,261.54,1.05,72,2.1126345090356,0.0,0.0,4.290459441148391,0,0.25476839237057225,0.0,0.0,62.73841961852862,Medium
916,3.68,547,0,0.0,226.8,1.02,108,1.5432981099295553,0.0,0.0,4.6913478822291435,0,0.25476839237057225,0.0,0.0,62.73841961852862,Medium
917,2.55,547,0,0.0,165.78,1.02,108,1.2669476034873244,0.0,0.0,4.6913478822291435,0,0.25476839237057225,0.0,0.0,62.73841961852862,Medium
918,4.84,547,0,0.0,226.8,1.02,108,1.7647307968401356,0.0,0.0,4.6913478822291435,0,0.25476839237057225,0.0,0.0,62.73841961852862,Medium
919,1.98,547,0,0.0,147.6,1.17,180,1.091923300517313,0.0,0.0,5.198497031265826,0,0.25476839237057225,0.0,0.0,62.73841961852862,Medium
920,0.0,0,1,23.0,33.6,1.2,56,0.0,0.6931471805599453,3.1780538303479458,4.04305126783455,2,1.0,0.000870849267350725,0.00015810276679841898,99.97071246664352,High
921,3.17,547,0,0.0,226.8,1.02,108,1.4279160358107101,0.0,0.0,4.6913478822291435,0,0.25476839237057225,0.0,0.0,62.73841961852862,Medium
922,0.0,0,0,0.0,400.0,0.0,200,0.0,0.0,0.0,5.303304908059076,2,1.0,0.0,0.0,100.0,High
923,1.344,0,0,0.0,190.6,1.2,576,0.8518588717147662,0.0,0.0,6.3578422665081,2,1.0,0.0,0.0,100.0,High
924,1.344,0,6,161.0,190.6,1.2,576,0.8518588717147662,1.9459101490553132,5.087596335232384,6.3578422665081,2,1.0,0.0060959448714550755,0.0009486166007905138,99.79814932184054,High
925,0.0,547,0,0.0,105.6,1.56,1920,0.0,0.0,0.0,7.560601162768557,0,0.25476839237057225,0.0,0.0,62.73841961852862,Medium
926,0.216,547,2,180.0,105.6,1.56,1920,0.19556678354397528,1.0986122886681098,5.198497031265826,7.560601162768557,1,0.25476839237057225,0.006815342092310023,0.00031620553359683795,62.527635245087374,Medium
927,0.194,547,0,0.0,105.6,1.56,1920,0.17730901497041035,0.0,0.0,7.560601162768557,0,0.25476839237057225,0.0,0.0,62.73841961852862,Medium
928,13.4904,547,0,0.0,325.12,1.19,32,2.6734863611965696,0.0,0.0,3.4965075614664802,0,0.25476839237057225,0.0,0.0,62.73841961852862,Medium
929,12.249,547,12,28.0,325.12,0.8,32,2.583922077885986,2.5649493574615367,3.367295829986474,3.4965075614664802,0,0.25476839237057225,0.0010601643254704478,0.0018972332015810276,62.66867002473289,Medium
930,0.0,547,6,1100.0,105.6,1.56,1920,0.0,1.9459101490553132,7.00397413672268,7.560601162768557,1,0.25476839237057225,0.04164931278633902,0.0009486166007905138,61.469967902922626,Medium
931,0.24,547,5,900.0,105.6,1.56,1920,0.2151113796169455,1.791759469228055,6.803505257608338,7.560601162768557,1,0.25476839237057225,0.034076710461550114,0.0007905138339920949,61.70030802800227,Medium
932,0.063,547,1,440.0,105.6,1.56,1920,0.06109509935981088,0.6931471805599453,6.089044875446846,7.560601162768557,1,0.25476839237057225,0.01665972511453561,0.00015810276679841898,62.235465809756576,Medium
933,0.216,547,10,1800.0,105.6,1.56,1920,0.19556678354397528,2.3978952727983707,7.496097345175956,7.560601162768557,1,0.25476839237057225,0.06815342092310023,0.0015810276679841897,60.66219643747593,Medium
934,0.216,547,11,2060.0,105.6,1.56,1920,0.19556678354397528,2.4849066497880004,7.630946580890459,7.560601162768557,1,0.25476839237057225,0.07799780394532581,0.0017391304347826088,60.36370289147318,Medium
935,0.192,547,9,1520.0,105.6,1.56,1920,0.17563256864315802,2.302585092994046,7.327123292259293,7.560601162768557,1,0.25476839237057225,0.05755177766839575,0.0014229249011857706,60.98340779045303,Medium
936,0.0,547,3,540.0,105.6,1.56,1920,0.0,1.3862943611198906,6.293419278846481,7.560601162768557,1,0.25476839237057225,0.020446026276930068,0.0004743083003952569,62.1155526642128,Medium
937,0.0,547,0,0.0,105.6,1.56,1920,0.0,0.0,0.0,7.560601162768557,0,0.25476839237057225,0.0,0.0,62.73841961852862,Medium
938,3.441,547,0,0.0,226.8,1.02,108,1.4908795763099651,0.0,0.0,4.6913478822291435,0,0.25476839237057225,0.0,0.0,62.73841961852862,Medium
939,0.0,0,3,8.0,210.24,1.2,144,0.0,1.3862943611198906,2.1972245773362196,4.976733742420574,2,1.0,0.00030290409299155657,0.0004743083003952569,99.98142671120235,High
940,0.0,0,4,134.0,180.0,1.0,900,0.0,1.6094379124341003,4.90527477843843,6.803505257608338,2,1.0,0.005073643557608572,0.0006324110671936759,99.83514247192787,High
941,0.0,0,58,936.0,128.0,0.8,12800,0.0,4.07753744390572,6.842683282238422,9.45727857185611,2,1.0,0.03543977888001212,0.0091699604743083,98.75340742411348,High
942,0.0,0,0,0.0,250.0,1.0,2500,0.0,0.0,0.0,7.824445930877619,2,1.0,0.0,0.0,100.0,High
943,0.0,0,0,0.0,250.0,1.0,2500,0.0,0.0,0.0,7.824445930877619,2,1.0,0.0,0.0,100.0,High
944,9.255,547,4,4.0,228.0,0.72,32,2.327765391524344,1.6094379124341003,1.6094379124341003,3.4965075614664802,0,0.25476839237057225,0.00015145204649577828,0.0006324110671936759,62.72122783578986,Medium
945,9.29,547,2,3.0,228.0,0.72,32,2.331172549845958,1.0986122886681098,1.3862943611198906,3.4965075614664802,0,0.25476839237057225,0.0001135890348718337,0.00031620553359683795,62.72868783681053,Medium
946,0.18,547,46,506.0,98.0,0.36,1920,0.16551443847757338,3.8501476017100584,6.2285110035911835,7.560601162768557,1,0.25476839237057225,0.019158683881715953,0.007272727272727273,62.01820455662259,Medium
947,0.01,547,2,1020.0,98.0,0.39,1920,0.009950330853168083,1.0986122886681098,6.928537818164665,7.560601162768557,1,0.25476839237057225,0.03862027185642346,0.00031620553359683795,61.573487352163966,Medium
948,0.107,547,0,0.0,98.0,1.56,1920,0.10165365372649983,0.0,0.0,7.560601162768557,0,0.25476839237057225,0.0,0.0,62.73841961852862,Medium
949,0.228,547,3,1440.0,98.0,1.56,1920,0.20538682972495073,1.3862943611198906,7.273092595999522,7.560601162768557,1,0.25476839237057225,0.05452273673848018,0.0004743083003952569,61.093251350366295,Medium
950,0.228,0,0,0.0,0.0,0.0,0,0.20538682972495073,0.0,0.0,0.0,2,1.0,0.0,0.0,100.0,High
951,9.304,547,1,1.0,228.0,1.19,32,2.332532169361998,0.6931471805599453,0.6931471805599453,3.4965075614664802,0,0.25476839237057225,3.786301162394457e-05,0.00015810276679841898,62.734121672843926,Medium
952,4.325,547,0,0.0,221.0,1.18,72,1.6724127115954888,0.0,0.0,4.290459441148391,0,0.25476839237057225,0.0,0.0,62.73841961852862,Medium
953,1.76,730,7,14.0,322.56,1.05,288,1.0152306797290584,2.0794415416798357,2.70805020110221,5.666426688112432,0,0.00544959128065392,0.0005300821627352239,0.0011067193675889327,50.23444271179886,Medium
954,0.204,547,0,0.0,0.0,0.0,0,0.1856493468866293,0.0,0.0,0.0,0,0.25476839237057225,0.0,0.0,62.73841961852862,Medium
955,0.156,547,0,0.0,98.0,1.19,1920,0.14496577025018573,0.0,0.0,7.560601162768557,0,0.25476839237057225,0.0,0.0,62.73841961852862,Medium
956,0.17,547,67,653.0,105.6,0.0,1920,0.15700374880966478,4.219507705176107,6.483107351457199,7.560601162768557,1,0.25476839237057225,0.024724546590435804,0.010592885375494071,61.78482551330566,Medium
957,0.22,547,171,1560.0,79.2,0.0,1440,0.1988508587451652,5.147494476813453,7.353081920515432,7.273092595999522,1,0.25476839237057225,0.059066298133353526,0.027035573122529643,60.42571921207741,Medium
958,0.19,547,131,1070.0,105.6,0.0,1920,0.17395330712343804,4.882801922586371,6.976348070447749,7.560601162768557,1,0.25476839237057225,0.04051342243762069,0.020711462450592886,61.108787696388134,Medium
959,0.21,547,181,1545.0,79.2,0.0,1440,0.19062035960864973,5.204006687076795,7.343426229147367,7.273092595999522,1,0.25476839237057225,0.05849835295899436,0.028616600790513834,60.411137013948505,Medium
960,0.15,547,0,0.0,105.6,1.56,1920,0.1397619423751587,0.0,0.0,7.560601162768557,0,0.25476839237057225,0.0,0.0,62.73841961852862,Medium
961,0.15,547,0,0.0,105.6,1.56,1920,0.1397619423751587,0.0,0.0,7.560601162768557,0,0.25476839237057225,0.0,0.0,62.73841961852862,Medium
962,0.14,547,89,650.0,105.6,0.0,1920,0.13102826240640408,4.499809670330265,6.478509642208569,7.560601162768557,1,0.25476839237057225,0.02461095755556397,0.014071146245059288,61.7186679669605,Medium
963,0.12,547,89,640.0,105.6,0.0,1920,0.11332868530700317,4.499809670330265,6.46302945692067,7.560601162768557,1,0.25476839237057225,0.024232327439324523,0.014071146245059288,61.73002687044769,Medium
964,0.0,0,0,0.0,207.0,1.2,180,0.0,0.0,0.0,5.198497031265826,2,1.0,0.0,0.0,100.0,High
965,0.0,0,0,0.0,800.0,1.2,2500,0.0,0.0,0.0,7.824445930877619,2,1.0,0.0,0.0,100.0,High
966,6.35,0,19,119.0,92.8,1.2,160,1.9947003132247452,2.995732273553991,4.787491742782046,5.081404364984463,2,1.0,0.004505698383249403,0.0030039525691699606,99.80474999711913,High
967,2.94,0,4,115.0,36.0,1.19,180,1.3711807233098425,1.6094379124341003,4.7535901911063645,5.198497031265826,2,1.0,0.004354246336753625,0.0006324110671936759,99.85672438855352,High
968,0.133,0,15,155.0,105.6,1.19,1920,0.12486898204586927,2.772588722239781,5.049856007249537,7.560601162768557,2,1.0,0.005868766801711408,0.0023715415019762848,99.77650616590913,High
969,0.0,0,0,0.0,105.6,1.19,1920,0.0,0.0,0.0,7.560601162768557,2,1.0,0.0,0.0,100.0,High
970,0.0,0,0,0.0,105.6,1.19,1920,0.0,0.0,0.0,7.560601162768557,2,1.0,0.0,0.0,100.0,High
971,0.043,0,69,665.0,105.6,1.19,1920,0.042101176018635396,4.248495242049359,6.501289670540389,7.560601162768557,2,1.0,0.02517890272992314,0.01090909090909091,99.0264510999205,High
972,0.14,0,0,0.0,105.6,1.19,1920,0.13102826240640408,0.0,0.0,7.560601162768557,2,1.0,0.0,0.0,100.0,High
973,1.95,547,0,0.0,314.88,1.2,384,1.0818051703517284,0.0,0.0,5.953243334287785,0,0.25476839237057225,0.0,0.0,62.73841961852862,Medium
974,1.62,547,0,0.0,262.4,1.13,384,0.9631743177730056,0.0,0.0,5.953243334287785,0,0.25476839237057225,0.0,0.0,62.73841961852862,Medium
975,0.0,547,3,660.0,105.6,1.2,1920,0.0,1.3862943611198906,6.493753839851686,7.560601162768557,1,0.25476839237057225,0.024989587671803416,0.0004743083003952569,61.9792458223666,Medium
976,0.063,547,0,0.0,105.6,1.56,1920,0.06109509935981088,0.0,0.0,7.560601162768557,0,0.25476839237057225,0.0,0.0,62.73841961852862,Medium
977,0.195,547,0,0.0,105.6,1.2,1920,0.178146185383474,0.0,0.0,7.560601162768557,0,0.25476839237057225,0.0,0.0,62.73841961852862,Medium
978,0.18,547,5,480.0,105.6,1.2,1920,0.16551443847757338,1.791759469228055,6.175867270105761,7.560601162768557,1,0.25476839237057225,0.018174245579493393,0.0007905138339920949,62.17738197446396,Medium
979,0.017,547,0,0.0,105.6,1.2,1920,0.016857117066422903,0.0,0.0,7.560601162768557,0,0.25476839237057225,0.0,0.0,62.73841961852862,Medium
980,0.0,547,0,0.0,105.6,1.2,1920,0.0,0.0,0.0,7.560601162768557,0,0.25476839237057225,0.0,0.0,62.73841961852862,Medium
981,1.59,547,0,0.0,226.08,1.191,180,0.9516578757114464,0.0,0.0,5.198497031265826,0,0.25476839237057225,0.0,0.0,62.73841961852862,Medium
982,1.82,547,0,0.0,226.08,1.02,180,1.0367368849500223,0.0,0.0,5.198497031265826,0,0.25476839237057225,0.0,0.0,62.73841961852862,Medium
983,1.5,547,0,0.0,226.08,1.02,180,0.9162907318741551,0.0,0.0,5.198497031265826,0,0.25476839237057225,0.0,0.0,62.73841961852862,Medium
984,2.38,547,1,1.0,226.08,1.19,180,1.2178757094949273,0.6931471805599453,0.6931471805599453,5.198497031265826,0,0.25476839237057225,3.786301162394457e-05,0.00015810276679841898,62.734121672843926,Medium
985,0.0,0,13,2430.0,12.6,1.19,4200,0.0,2.6390573296152584,7.796057974316123,8.343077871169383,2,1.0,0.09200711824618531,0.0020553359683794467,97.19867973324685,High
986,0.0,0,56,1320.0,96.0,0.0,384,0.0,4.04305126783455,7.186144304522325,5.953243334287785,2,1.0,0.04997917534360683,0.008853754940711462,98.32354964087756,High
987,1.78,0,2,59.0,420.0,1.19,2100,1.0224509277025458,1.0986122886681098,4.0943445622221,7.650168700845001,2,1.0,0.0022339176858127297,0.00031620553359683795,99.92665835875368,High
988,0.0,0,0,0.0,250.0,0.0,2500,0.0,0.0,0.0,7.824445930877619,2,1.0,0.0,0.0,100.0,High
989,13.354,547,1,2.0,259.2,0.0,32,2.66402864900788,0.6931471805599453,1.0986122886681098,3.4965075614664802,0,0.25476839237057225,7.572602324788914e-05,0.00015810276679841898,62.73298578249521,Medium
990,11.074,547,1,1.0,259.2,0.0,32,2.4910543803742344,0.6931471805599453,0.6931471805599453,3.4965075614664802,0,0.25476839237057225,3.786301162394457e-05,0.00015810276679841898,62.734121672843926,Medium
991,18.1,547,14,24.0,641.34,0.0,42,2.9496883350525844,2.70805020110221,3.2188758248682006,3.7612001156935624,0,0.25476839237057225,0.0009087122789746696,0.0022134387351778655,62.66688947545581,Medium
992,18.22,547,0,0.0,641.34,0.0,42,2.9559514035421466,0.0,0.0,3.7612001156935624,0,0.25476839237057225,0.0,0.0,62.73841961852862,Medium
993,3.829,456,52,131.0,502.74,0.0,630,1.574639406891405,3.970291913552122,4.882801922586371,6.447305862541213,1,0.37874659400544963,0.004960054522736739,0.008221343873517787,68.62410118712002,High
994,3.91,547,0,0.0,502.74,0.0,630,1.5912739418064292,0.0,0.0,6.447305862541213,0,0.25476839237057225,0.0,0.0,62.73841961852862,Medium
995,4.2,456,2,3.0,502.74,0.0,630,1.6486586255873816,1.0986122886681098,1.3862943611198906,6.447305862541213,0,0.37874659400544963,0.0001135890348718337,0.00031620553359683795,68.9275979185544,High
996,4.58,456,0,0.0,502.74,0.0,630,1.7191887763932197,0.0,0.0,6.447305862541213,0,0.37874659400544963,0.0,0.0,68.93732970027249,High
997,4.49,456,0,0.0,502.74,0.0,630,1.7029282555214393,0.0,0.0,6.447305862541213,0,0.37874659400544963,0.0,0.0,68.93732970027249,High
998,1.94,0,12,525.0,60.0,0.0,1200,1.0784095813505903,2.5649493574615367,6.26530121273771,7.0909098220799835,2,1.0,0.0198780811025709,0.0018972332015810276,99.36571290289125,High
999,0.0,0,31,476.0,324.0,0.0,648,0.0,3.4657359027997265,6.1675164908883415,6.47543271670409,2,1.0,0.018022793532997614,0.004901185770750988,99.36129247859506,High
1000,0.0,0,29,2979.0,192.0,0.0,1600,0.0,3.4011973816621555,7.9996785794994505,7.3783837129967145,2,1.0,0.11279391162773086,0.00458498023715415,96.52448304642499,High
1001,3.298,547,0,0.0,223.2,0.0,108,1.4581497982203186,0.0,0.0,4.6913478822291435,0,0.25476839237057225,0.0,0.0,62.73841961852862,Medium
1002,14.55,547,0,0.0,325.12,0.0,32,2.744060638625243,0.0,0.0,3.4965075614664802,0,0.25476839237057225,0.0,0.0,62.73841961852862,Medium
1003,18.45,365,4,16.0,657.72,0.0,36,2.9678470700644555,1.6094379124341003,2.833213344056216,3.6109179126442243,0,0.5027247956403269,0.0006058081859831131,0.0006324110671936759,75.10541731509298,High
1004,12.47,547,0,0.0,325.12,0.0,32,2.6004649904222727,0.0,0.0,3.4965075614664802,0,0.25476839237057225,0.0,0.0,62.73841961852862,Medium
1005,11.49,547,3,12.0,124.92,0.0,180,2.5249283241374862,1.3862943611198906,2.5649493574615367,5.198497031265826,0,0.25476839237057225,0.0004543561394873348,0.0004743083003952569,62.71530276833609,Medium
1006,1.04,0,172,1979.0,224.64,0.0,1728,0.712949807856125,5.153291594497779,7.590852123688581,7.455298485683291,1,1.0,0.0749309000037863,0.027193675889328063,97.20819948209984,High
1007,0.13,547,132,1100.0,105.6,0.0,1920,0.12221763272424921,4.890349128221754,7.00397413672268,7.560601162768557,1,0.25476839237057225,0.04164931278633902,0.020869565217391306,61.071548930590616,Medium
1008,0.17,547,131,1060.0,105.6,0.0,1920,0.15700374880966478,4.882801922586371,6.966967138613983,7.560601162768557,1,0.25476839237057225,0.040134792321381244,0.020711462450592886,61.12014659987531,Medium
1009,0.2,547,117,832.0,105.6,0.0,1920,0.18232155679395465,4.770684624465665,6.725033642166843,7.560601162768557,1,0.25476839237057225,0.03150202567112188,0.01849802371541502,61.42339837408666,Medium
1010,0.0,547,0,0.0,105.6,0.0,1920,0.0,0.0,0.0,7.560601162768557,0,0.25476839237057225,0.0,0.0,62.73841961852862,Medium
1011,0.17,547,0,0.0,105.6,0.0,1920,0.15700374880966478,0.0,0.0,7.560601162768557,0,0.25476839237057225,0.0,0.0,62.73841961852862,Medium
1012,0.0,547,0,0.0,105.6,0.0,1920,0.0,0.0,0.0,7.560601162768557,0,0.25476839237057225,0.0,0.0,62.73841961852862,Medium
1013,0.0,547,57,412.0,105.6,0.0,1920,0.0,4.060443010546419,6.023447592961033,7.560601162768557,1,0.25476839237057225,0.015599560789065162,0.009011857707509882,62.090195640706455,Medium
1014,1.86,0,2,62.0,64.0,0.0,3200,1.0508216248317612,1.0986122886681098,4.143134726391533,8.071218539969863,2,1.0,0.0023475067206845633,0.00031620553359683795,99.92325068770754,High
1015,0.62,0,34,401.0,1.6,0.0,8000,0.4824261492442927,3.5553480614894135,5.996452088619021,8.987321812850125,2,1.0,0.015183067661201772,0.005375494071146245,99.43699808874102,High
1016,4.35,0,0,0.0,0.0,0.0,360,1.6770965609079151,0.0,0.0,5.8888779583328805,2,1.0,0.0,0.0,100.0,High
1017,0.0,0,15,523.0,28.8,0.0,288,0.0,2.772588722239781,6.261491684321042,5.666426688112432,2,1.0,0.01980235507932301,0.0023715415019762848,99.35849851758078,High
1018,0.0,0,0,0.0,225.0,0.0,1500,0.0,0.0,0.0,7.313886831633462,2,1.0,0.0,0.0,100.0,High
1019,1.5,0,2,200.0,450.0,0.0,2500,0.9162907318741551,1.0986122886681098,5.303304908059076,7.824445930877619,2,1.0,0.007572602324788914,0.00031620553359683795,99.7664978195844,High
1020,0.0,547,8,63.0,176.0,0.0,32,0.0,2.1972245773362196,4.1588830833596715,3.4965075614664802,0,0.25476839237057225,0.0023853697323085077,0.0012648221343873518,62.641562083871605,Medium
1021,0.532,730,0,0.0,163.584,0.0,384,0.4265740713183996,0.0,0.0,5.953243334287785,0,0.00544959128065392,0.0,0.0,50.27247956403269,Medium
1022,0.0,0,13,468.0,160.0,0.0,40000,0.0,2.6390573296152584,6.150602768446279,10.596659732783579,2,1.0,0.01771988944000606,0.0020553359683794467,99.42729659743223,High
1023,0.0,0,29,516.0,240.0,0.0,60000,0.0,3.4011973816621555,6.248042874508429,11.002116507732017,2,1.0,0.019537313997955396,0.00458498023715415,99.32218097531825,High
1024,6.05,547,0,0.0,226.8,0.0,108,1.9530276168241774,0.0,0.0,4.6913478822291435,0,0.25476839237057225,0.0,0.0,62.73841961852862,Medium
1025,0.0,0,4,70.0,84.0,0.0,120,0.0,1.6094379124341003,4.2626798770413155,4.795790545596741,2,1.0,0.0026504108136761197,0.0006324110671936759,99.90783945424585,High
1026,0.0,0,0,0.0,19.2,0.0,48,0.0,0.0,0.0,3.8918202981106265,2,1.0,0.0,0.0,100.0,High
1027,3.27,547,0,0.0,262.98,1.19,108,1.451613827240533,0.0,0.0,4.6913478822291435,0,0.25476839237057225,0.0,0.0,62.73841961852862,Medium
1028,0.18,547,49,421.0,96.0,0.0,1920,0.16551443847757338,3.912023005428146,6.045005314036012,7.560601162768557,1,0.25476839237057225,0.015940327893680665,0.00774703557312253,62.105269070255744,Medium
1029,0.18,547,52,446.0,96.0,0.0,1920,0.16551443847757338,3.970291913552122,6.102558594613569,7.560601162768557,1,0.25476839237057225,0.016886903184279278,0.008221343873517787,62.06738564552988,Medium
1030,0.869,730,2,4.0,180.48,0.0,384,0.6254035284734257,1.0986122886681098,1.6094379124341003,5.953243334287785,0,0.00544959128065392,0.00015145204649577828,0.00031620553359683795,50.261611891965885,Medium
1031,0.0,0,126,132.0,92.4,0.0,132,0.0,4.844187086458591,4.890349128221754,4.890349128221754,2,1.0,0.0049979175343606835,0.019920948616600792,99.45164350163715,High
1032,0.0,0,0,0.0,20.16,0.0,144,0.0,0.0,0.0,4.976733742420574,2,1.0,0.0,0.0,100.0,High
1033,2.76,730,0,0.0,336.96,0.0,288,1.324418957401803,0.0,0.0,5.666426688112432,0,0.00544959128065392,0.0,0.0,50.27247956403269,Medium
1034,0.94,547,0,0.0,159.36,0.0,384,0.6626879730752367,0.0,0.0,5.953243334287785,0,0.25476839237057225,0.0,0.0,62.73841961852862,Medium
1035,0.0,547,82,690.0,105.6,0.0,1920,0.0,4.418840607796598,6.53813982376767,7.560601162768557,1,0.25476839237057225,0.02612547802052175,0.012964426877470356,61.69536674036355,Medium
1036,0.0,547,89,590.0,105.6,0.0,1920,0.0,4.499809670330265,6.3818160174060985,7.560601162768557,1,0.25476839237057225,0.022339176858127297,0.014071146245059288,61.786821387883606,Medium
1037,0.0,547,66,540.0,105.6,0.0,1920,0.0,4.204692619390966,6.293419278846481,7.560601162768557,1,0.25476839237057225,0.020446026276930068,0.010434782608695653,61.916343178046795,Medium
1038,0.0,0,1,3.0,3.0,0.0,1,0.0,0.6931471805599453,1.3862943611198906,0.6931471805599453,2,1.0,0.0001135890348718337,0.00015810276679841898,99.99343027361788,High
1039,0.0,0,1,2.0,5.0,0.0,1,0.0,0.6931471805599453,1.0986122886681098,0.6931471805599453,2,1.0,7.572602324788914e-05,0.00015810276679841898,99.9945661639666,High
1040,0.0,0,0,0.0,100.0,0.0,5,0.0,0.0,0.0,1.791759469228055,2,1.0,0.0,0.0,100.0,High
1041,0.0,0,1,2.0,90.0,0.0,18,0.0,0.6931471805599453,1.0986122886681098,2.9444389791664403,2,1.0,7.572602324788914e-05,0.00015810276679841898,99.9945661639666,High
1042,0.0,730,0,0.0,322.56,0.0,288,0.0,0.0,0.0,5.666426688112432,0,0.00544959128065392,0.0,0.0,50.27247956403269,Medium
1043,0.0,0,54,621.0,330.0,0.0,6000,0.0,4.007333185232471,6.432940092739179,8.699681400989514,2,1.0,0.023512930218469577,0.008537549407114625,99.12386110530362,High
1044,0.0,0,80,1603.0,25.0,0.0,2500,0.0,4.394449154672439,7.38025578842646,7.824445930877619,2,1.0,0.060694407633183144,0.012648221343873518,97.92620334412703,High
1045,0.0,730,0,0.0,322.56,0.0,288,0.0,0.0,0.0,5.666426688112432,0,0.00544959128065392,0.0,0.0,50.27247956403269,Medium
1046,0.0,0,0,0.0,250.0,0.0,2500,0.0,0.0,0.0,7.824445930877619,2,1.0,0.0,0.0,100.0,High
1047,0.0,0,0,0.0,84.0,0.0,120,0.0,0.0,0.0,4.795790545596741,2,1.0,0.0,0.0,100.0,High
1048,0.0,0,0,0.0,92.8,0.0,160,0.0,0.0,0.0,5.081404364984463,2,1.0,0.0,0.0,100.0,High
1049,0.0,0,0,0.0,3.37,0.0,1,0.0,0.0,0.0,0.6931471805599453,2,1.0,0.0,0.0,100.0,High
1050,0.0,0,0,0.0,8.28,0.0,2,0.0,0.0,0.0,1.0986122886681098,2,1.0,0.0,0.0,100.0,High
1051,0.0,0,0,0.0,2.7,0.0,10,0.0,0.0,0.0,2.3978952727983707,2,1.0,0.0,0.0,100.0,High
1052,0.0,0,0,0.0,2.7,0.0,10,0.0,0.0,0.0,2.3978952727983707,2,1.0,0.0,0.0,100.0,High
1053,0.0,0,0,0.0,8.67,0.0,1,0.0,0.0,0.0,0.6931471805599453,2,1.0,0.0,0.0,100.0,High
1054,0.0,0,0,0.0,6.55,0.0,1,0.0,0.0,0.0,0.6931471805599453,2,1.0,0.0,0.0,100.0,High
1055,0.0,0,0,0.0,4.37,0.0,1,0.0,0.0,0.0,0.6931471805599453,2,1.0,0.0,0.0,100.0,High
1056,0.0,0,0,0.0,5.47,0.0,1,0.0,0.0,0.0,0.6931471805599453,2,1.0,0.0,0.0,100.0,High
1057,0.0,0,0,0.0,20.0,0.0,1,0.0,0.0,0.0,0.6931471805599453,2,1.0,0.0,0.0,100.0,High
1058,0.0,0,0,0.0,14.06,0.0,1,0.0,0.0,0.0,0.6931471805599453,2,1.0,0.0,0.0,100.0,High
1059,0.0,0,0,0.0,50.0,0.0,100,0.0,0.0,0.0,4.61512051684126,2,1.0,0.0,0.0,100.0,High
1060,0.0,0,2,6.0,94.14,0.0,6,0.0,1.0986122886681098,1.9459101490553132,1.9459101490553132,2,1.0,0.0002271780697436674,0.00031620553359683795,99.98686054723575,High
1061,0.0,547,0,0.0,105.6,0.0,1920,0.0,0.0,0.0,7.560601162768557,0,0.25476839237057225,0.0,0.0,62.73841961852862,Medium
1062,0.0,0,8,115.0,96.0,0.0,240,0.0,2.1972245773362196,4.7535901911063645,5.484796933490655,2,1.0,0.004354246336753625,0.0012648221343873518,99.84407616720965,High
1063,0.0,0,0,0.0,518.4,0.0,1920,0.0,0.0,0.0,7.560601162768557,2,1.0,0.0,0.0,100.0,High
1064,0.0,0,0,0.0,173.6,0.0,248,0.0,0.0,0.0,5.517452896464707,2,1.0,0.0,0.0,100.0,High
1065,0.0,0,0,0.0,210.0,0.0,50,0.0,0.0,0.0,3.9318256327243257,2,1.0,0.0,0.0,100.0,High
1066,0.0,730,0,0.0,336.96,0.9,288,0.0,0.0,0.0,5.666426688112432,0,0.00544959128065392,0.0,0.0,50.27247956403269,Medium
1067,0.0,547,0,0.0,220.32,0.0,108,0.0,0.0,0.0,4.6913478822291435,0,0.25476839237057225,0.0,0.0,62.73841961852862,Medium
1068,0.0,547,0,0.0,105.6,0.0,1920,0.0,0.0,0.0,7.560601162768557,0,0.25476839237057225,0.0,0.0,62.73841961852862,Medium
1069,0.0,0,0,0.0,9.12,0.0,48,0.0,0.0,0.0,3.8918202981106265,2,1.0,0.0,0.0,100.0,High
1070,0.0,0,0,0.0,2.7,0.0,10,0.0,0.0,0.0,2.3978952727983707,2,1.0,0.0,0.0,100.0,High
1071,0.0,0,1,1.0,13.36,0.0,4,0.0,0.6931471805599453,0.6931471805599453,1.6094379124341003,2,1.0,3.786301162394457e-05,0.00015810276679841898,99.99570205431532,High
1072,0.0,0,6,150.0,77.76,0.0,288,0.0,1.9459101490553132,5.017279836814924,5.666426688112432,2,1.0,0.005679451743591685,0.0009486166007905138,99.81064411567644,High
1073,0.0576,547,0,0.0,105.6,1.56,1920,0.05600219011528479,0.0,0.0,7.560601162768557,0,0.25476839237057225,0.0,0.0,62.73841961852862,Medium
1074,0.086,547,7,840.0,105.6,1.56,1920,0.08250122151174369,2.0794415416798357,6.734591659972948,7.560601162768557,1,0.25476839237057225,0.031804929764113435,0.0011067193675889327,61.76213733825343,Medium
1075,0.0,547,0,0.0,0.0,0.0,0,0.0,0.0,0.0,0.0,0,0.25476839237057225,0.0,0.0,62.73841961852862,Medium
1076,0.0,547,0,0.0,0.0,0.0,0,0.0,0.0,0.0,0.0,0,0.25476839237057225,0.0,0.0,62.73841961852862,Medium
1077,0.19,547,0,0.0,0.0,0.0,0,0.17395330712343804,0.0,0.0,0.0,0,0.25476839237057225,0.0,0.0,62.73841961852862,Medium
1078,0.006,547,15,1800.0,105.6,1.56,1920,0.005982071677547464,2.772588722239781,7.496097345175956,7.560601162768557,1,0.25476839237057225,0.06815342092310023,0.0023715415019762848,60.64638616079607,Medium
1079,0.2,547,8,1800.0,105.6,1.56,1920,0.18232155679395465,2.1972245773362196,7.496097345175956,7.560601162768557,1,0.25476839237057225,0.06815342092310023,0.0012648221343873518,60.66852054814785,Medium
1080,0.0,547,0,0.0,0.0,0.0,0,0.0,0.0,0.0,0.0,0,0.25476839237057225,0.0,0.0,62.73841961852862,Medium
1081,0.0,547,0,0.0,0.0,0.0,0,0.0,0.0,0.0,0.0,0,0.25476839237057225,0.0,0.0,62.73841961852862,Medium
1082,0.058,547,22,2760.0,105.6,1.56,1920,0.05638033343610764,3.1354942159291497,7.923348211930154,7.560601162768557,1,0.25476839237057225,0.104501912082087,0.0034782608695652175,59.5337970386747,Medium
1083,0.0,547,0,0.0,0.0,0.0,0,0.0,0.0,0.0,0.0,0,0.25476839237057225,0.0,0.0,62.73841961852862,Medium
1084,0.0,547,0,0.0,0.0,0.0,0,0.0,0.0,0.0,0.0,0,0.25476839237057225,0.0,0.0,62.73841961852862,Medium
1085,0.0,547,0,0.0,0.0,0.0,0,0.0,0.0,0.0,0.0,0,0.25476839237057225,0.0,0.0,62.73841961852862,Medium
1086,0.106,547,9,1080.0,105.6,1.56,1920,0.10074990310014306,2.302585092994046,6.985641817639208,7.560601162768557,1,0.25476839237057225,0.040892052553860136,0.0014229249011857706,61.4831995438891,Medium
1087,0.096,547,17,2542.0,105.6,1.56,1920,0.0916671885258238,2.8903717578961645,7.841099765422119,7.560601162768557,1,0.25476839237057225,0.0962477755480671,0.0026877470355731225,59.79723141137514,Medium
1088,0.107,547,1,60.0,105.6,1.56,1920,0.10165365372649983,0.6931471805599453,4.110873864173311,7.560601162768557,0,0.25476839237057225,0.002271780697436674,0.00015810276679841898,62.66710414226955,Medium
1089,0.15,547,310,9142.0,105.6,1.56,1920,0.1397619423751587,5.739792912179234,9.120743838164426,7.560601162768557,1,0.25476839237057225,0.3461436522661012,0.04901185770750988,51.373872896395376,Medium
1090,0.0,547,0,0.0,0.0,0.0,0,0.0,0.0,0.0,0.0,0,0.25476839237057225,0.0,0.0,62.73841961852862,Medium
1091,0.195,547,15,2040.0,105.6,1.56,1920,0.178146185383474,2.772588722239781,7.621195162809845,7.560601162768557,1,0.25476839237057225,0.07724054371284692,0.0023715415019762848,60.373772477103685,Medium
1092,0.2375,547,0,0.0,0.0,0.0,0,0.2130932154607083,0.0,0.0,0.0,0,0.25476839237057225,0.0,0.0,62.73841961852862,Medium
1093,0.2,547,15,2280.0,105.6,1.56,1920,0.18232155679395465,2.772588722239781,7.732369222284388,7.560601162768557,1,0.25476839237057225,0.08632766650259362,0.0023715415019762848,60.10115879341128,Medium
1094,0.04,547,12,1800.0,105.6,1.56,1920,0.039220713153281295,2.5649493574615367,7.496097345175956,7.560601162768557,1,0.25476839237057225,0.06815342092310023,0.0018972332015810276,60.65587232680399,Medium
1095,0.25,547,0,0.0,0.0,0.0,0,0.22314355131420976,0.0,0.0,0.0,0,0.25476839237057225,0.0,0.0,62.73841961852862,Medium
1096,0.033,547,1,780.0,105.6,1.56,1920,0.032467190137501496,0.6931471805599453,6.660575149839686,7.560601162768557,1,0.25476839237057225,0.029533149066676763,0.00015810276679841898,61.84926309119234,Medium
1097,0.0,547,14,1360.0,105.6,1.56,1920,0.0,2.70805020110221,7.215975002651466,7.560601162768557,1,0.25476839237057225,0.05149369580856461,0.0022134387351778655,61.14933996956812,Medium
1098,0.264,547,6,659.0,105.6,1.56,1920,0.2342812957246657,1.9459101490553132,6.492239835020471,7.560601162768557,1,0.25476839237057225,0.02495172466017947,0.0009486166007905138,61.97089554670742,Medium
1099,0.17,547,0,0.0,0.0,0.0,0,0.15700374880966478,0.0,0.0,0.0,0,0.25476839237057225,0.0,0.0,62.73841961852862,Medium
1100,0.2,547,3,260.0,105.6,1.56,1920,0.18232155679395465,1.3862943611198906,5.564520407322694,7.560601162768557,1,0.25476839237057225,0.009844383022225588,0.0004743083003952569,62.433601961853945,Medium
1101,0.0,547,0,0.0,0.0,0.0,0,0.0,0.0,0.0,0.0,0,0.25476839237057225,0.0,0.0,62.73841961852862,Medium
1102,0.063,547,21,3300.0,105.6,1.56,1920,0.06109509935981088,3.091042453358316,8.101980731853192,7.560601162768557,1,0.25476839237057225,0.12494793835901707,0.0033201581027667982,58.92357830570276,Medium
1103,0.0,547,0,0.0,0.0,0.0,0,0.0,0.0,0.0,0.0,0,0.25476839237057225,0.0,0.0,62.73841961852862,Medium
1104,0.17,547,0,0.0,0.0,0.0,0,0.15700374880966478,0.0,0.0,0.0,0,0.25476839237057225,0.0,0.0,62.73841961852862,Medium
1105,0.0,547,0,0.0,0.0,0.0,0,0.0,0.0,0.0,0.0,0,0.25476839237057225,0.0,0.0,62.73841961852862,Medium
1106,0.3,547,0,0.0,0.0,0.0,0,0.262364264467491,0.0,0.0,0.0,0,0.25476839237057225,0.0,0.0,62.73841961852862,Medium
1107,0.16,547,0,0.0,0.0,0.0,0,0.1484200051182733,0.0,0.0,0.0,0,0.25476839237057225,0.0,0.0,62.73841961852862,Medium
1108,0.0036,547,29,2658.0,105.6,1.56,1920,0.0035935355101301704,3.4011973816621555,7.88570539124302,7.560601162768557,1,0.25476839237057225,0.10063988489644467,0.00458498023715415,59.627523466892185,Medium
1109,0.0,547,0,0.0,0.0,0.0,0,0.0,0.0,0.0,0.0,0,0.25476839237057225,0.0,0.0,62.73841961852862,Medium
1110,0.194,547,12,1620.0,105.6,1.56,1920,0.17730901497041035,2.5649493574615367,7.390798521735676,7.560601162768557,1,0.25476839237057225,0.0613380788307902,0.0018972332015810276,60.86033258957328,Medium
1111,0.135,547,0,0.0,105.6,1.56,1920,0.126632650933366,0.0,0.0,7.560601162768557,0,0.25476839237057225,0.0,0.0,62.73841961852862,Medium
1112,0.016,547,13,1140.0,105.6,1.56,1920,0.01587334915629015,2.6390573296152584,7.039660349862076,7.560601162768557,1,0.25476839237057225,0.04316383325129681,0.0020553359683794467,61.402397901622116,Medium
1113,0.015,547,15,1620.0,105.6,1.56,1920,0.014888612493750654,2.772588722239781,7.390798521735676,7.560601162768557,1,0.25476839237057225,0.0613380788307902,0.0023715415019762848,60.85084642356537,Medium
1114,0.015,547,9,660.0,105.6,1.56,1920,0.014888612493750654,2.302585092994046,6.493753839851686,7.560601162768557,1,0.25476839237057225,0.024989587671803416,0.0014229249011857706,61.9602734903508,Medium
1115,0.0,547,0,0.0,0.0,0.0,0,0.0,0.0,0.0,0.0,0,0.25476839237057225,0.0,0.0,62.73841961852862,Medium
1116,0.0,547,0,0.0,0.0,0.0,0,0.0,0.0,0.0,0.0,0,0.25476839237057225,0.0,0.0,62.73841961852862,Medium
1117,0.16,547,0,0.0,105.6,1.56,1920,0.1484200051182733,0.0,0.0,7.560601162768557,0,0.25476839237057225,0.0,0.0,62.73841961852862,Medium
1118,0.057,547,0,0.0,0.0,0.0,0,0.055434706888100586,0.0,0.0,0.0,0,0.25476839237057225,0.0,0.0,62.73841961852862,Medium
1119,0.18,547,0,0.0,0.0,0.0,0,0.16551443847757338,0.0,0.0,0.0,0,0.25476839237057225,0.0,0.0,62.73841961852862,Medium
1120,0.0,547,0,0.0,0.0,0.0,0,0.0,0.0,0.0,0.0,0,0.25476839237057225,0.0,0.0,62.73841961852862,Medium
1121,0.14,547,11,1920.0,105.6,0.0,1920,0.13102826240640408,2.4849066497880004,7.560601162768557,7.560601162768557,1,0.25476839237057225,0.07269698231797357,0.0017391304347826088,60.52272754029375,Medium
1122,0.12,547,11,1920.0,105.6,0.0,1920,0.11332868530700317,2.4849066497880004,7.560601162768557,7.560601162768557,1,0.25476839237057225,0.07269698231797357,0.0017391304347826088,60.52272754029375,Medium
1123,0.144,547,0,0.0,105.6,1.56,1920,0.13453089295760615,0.0,0.0,7.560601162768557,0,0.25476839237057225,0.0,0.0,62.73841961852862,Medium
1124,0.0,547,0,0.0,0.0,0.0,0,0.0,0.0,0.0,0.0,0,0.25476839237057225,0.0,0.0,62.73841961852862,Medium
1125,0.0,547,0,0.0,0.0,0.0,0,0.0,0.0,0.0,0.0,0,0.25476839237057225,0.0,0.0,62.73841961852862,Medium
1126,0.0,547,0,0.0,0.0,0.0,0,0.0,0.0,0.0,0.0,0,0.25476839237057225,0.0,0.0,62.73841961852862,Medium
1127,0.0,547,0,0.0,0.0,0.0,0,0.0,0.0,0.0,0.0,0,0.25476839237057225,0.0,0.0,62.73841961852862,Medium
1128,0.048,547,0,0.0,105.6,1.56,1920,0.046883585898850416,0.0,0.0,7.560601162768557,0,0.25476839237057225,0.0,0.0,62.73841961852862,Medium
1129,0.15,547,0,0.0,105.6,1.56,1920,0.1397619423751587,0.0,0.0,7.560601162768557,0,0.25476839237057225,0.0,0.0,62.73841961852862,Medium
1130,0.25,547,0,0.0,0.0,0.0,0,0.22314355131420976,0.0,0.0,0.0,0,0.25476839237057225,0.0,0.0,62.73841961852862,Medium
1131,0.24,547,1,1.0,0.0,0.0,0,0.2151113796169455,0.6931471805599453,0.6931471805599453,0.0,0,0.25476839237057225,3.786301162394457e-05,0.00015810276679841898,62.734121672843926,Medium
1132,0.2375,547,109,1950.0,105.6,0.0,1920,0.2130932154607083,4.700480365792417,7.576097340623111,7.560601162768557,1,0.25476839237057225,0.0738328726666919,0.017233201581027667,60.17876940690731,Medium
1133,0.13,547,85,3945.0,105.6,0.0,1920,0.12221763272424921,4.454347296253507,8.28045768658256,7.560601162768557,1,0.25476839237057225,0.14936958085646132,0.013438735177865613,57.98855748927746,Medium
1134,0.0,547,0,0.0,0.0,0.0,0,0.0,0.0,0.0,0.0,0,0.25476839237057225,0.0,0.0,62.73841961852862,Medium
1135,0.22,547,17,3000.0,79.2,0.0,1440,0.1988508587451652,2.8903717578961645,8.006700845440367,7.273092595999522,1,0.25476839237057225,0.11358903487183371,0.0026877470355731225,59.276993631662144,Medium
1136,0.0,547,0,0.0,0.0,0.0,0,0.0,0.0,0.0,0.0,0,0.25476839237057225,0.0,0.0,62.73841961852862,Medium
1137,0.0,547,83,3365.0,105.6,0.0,1920,0.0,4.430816798843313,8.121480374750751,7.560601162768557,1,0.25476839237057225,0.12740903411457347,0.013122529644268775,58.653698002206035,Medium
1138,0.26,547,73,960.0,0.0,0.0,0,0.23111172096338664,4.30406509320417,6.8679744089702925,0.0,1,0.25476839237057225,0.036348491158986786,0.011541501976284585,61.417134844233324,Medium
1139,0.0,547,0,0.0,0.0,0.0,0,0.0,0.0,0.0,0.0,0,0.25476839237057225,0.0,0.0,62.73841961852862,Medium
1140,0.18,547,4,660.0,96.0,0.0,1920,0.16551443847757338,1.6094379124341003,6.493753839851686,7.560601162768557,1,0.25476839237057225,0.024989587671803416,0.0006324110671936759,61.97608376703063,Medium
1141,0.133,547,70,1535.0,105.6,1.56,1920,0.12486898204586927,4.2626798770413155,7.336936913707618,7.560601162768557,1,0.25476839237057225,0.05811972284275491,0.011067193675889328,60.773484059728176,Medium
1142,0.0,547,0,0.0,0.0,0.0,0,0.0,0.0,0.0,0.0,0,0.25476839237057225,0.0,0.0,62.73841961852862,Medium
1143,0.17,547,88,4490.0,105.6,0.0,1920,0.15700374880966478,4.48863636973214,8.409830673087738,7.560601162768557,1,0.25476839237057225,0.17000492219151112,0.01391304347826087,57.36001108321807,Medium
1144,0.0,547,0,0.0,0.0,0.0,0,0.0,0.0,0.0,0.0,0,0.25476839237057225,0.0,0.0,62.73841961852862,Medium
1145,0.2,547,90,3468.0,105.6,0.0,1920,0.18232155679395465,4.51085950651685,8.15162164696975,7.560601162768557,1,0.25476839237057225,0.13130892431183977,0.014229249011857707,58.514566908936274,Medium
1146,0.21,547,84,3860.0,79.2,0.0,1440,0.19062035960864973,4.442651256490317,8.258681496264236,7.273092595999522,1,0.25476839237057225,0.14615122486842602,0.013280632411067193,58.08827022425449,Medium
1147,0.0,547,0,0.0,0.0,0.0,0,0.0,0.0,0.0,0.0,0,0.25476839237057225,0.0,0.0,62.73841961852862,Medium
1148,0.19,547,12,1920.0,105.6,0.0,1920,0.17395330712343804,2.5649493574615367,7.560601162768557,7.560601162768557,1,0.25476839237057225,0.07269698231797357,0.0018972332015810276,60.51956548495778,Medium
1149,0.0,547,0,0.0,0.0,0.0,0,0.0,0.0,0.0,0.0,0,0.25476839237057225,0.0,0.0,62.73841961852862,Medium
1150,0.0,547,0,0.0,0.0,0.0,0,0.0,0.0,0.0,0.0,0,0.25476839237057225,0.0,0.0,62.73841961852862,Medium
1151,0.15,547,1,120.0,105.6,1.56,1920,0.1397619423751587,0.6931471805599453,4.795790545596741,7.560601162768557,0,0.25476839237057225,0.004543561394873348,0.00015810276679841898,62.59895072134645,Medium
1152,0.0,547,5,900.0,105.6,0.0,1920,0.0,1.791759469228055,6.803505257608338,7.560601162768557,1,0.25476839237057225,0.034076710461550114,0.0007905138339920949,61.70030802800227,Medium
1153,0.2,547,53,2315.0,105.6,0.0,1920,0.18232155679395465,3.9889840465642745,7.7475968386928855,7.560601162768557,1,0.25476839237057225,0.08765287190943168,0.008379446640316205,59.94124452843934,Medium
1154,0.175,547,0,0.0,0.0,0.0,0,0.16126814759612226,0.0,0.0,0.0,0,0.25476839237057225,0.0,0.0,62.73841961852862,Medium
1155,0.14,547,10,1920.0,105.6,0.0,1920,0.13102826240640408,2.3978952727983707,7.560601162768557,7.560601162768557,1,0.25476839237057225,0.07269698231797357,0.0015810276679841897,60.52588959562972,Medium
1156,0.0,547,0,0.0,0.0,0.0,0,0.0,0.0,0.0,0.0,0,0.25476839237057225,0.0,0.0,62.73841961852862,Medium
1157,0.0,547,0,0.0,0.0,0.0,0,0.0,0.0,0.0,0.0,0,0.25476839237057225,0.0,0.0,62.73841961852862,Medium
1158,0.0,547,0,0.0,0.0,0.0,0,0.0,0.0,0.0,0.0,0,0.25476839237057225,0.0,0.0,62.73841961852862,Medium
1159,0.15,547,0,0.0,105.6,1.56,1920,0.1397619423751587,0.0,0.0,7.560601162768557,0,0.25476839237057225,0.0,0.0,62.73841961852862,Medium
1160,0.18,547,9,1180.0,98.0,0.36,1920,0.16551443847757338,2.302585092994046,7.074116816197362,7.560601162768557,1,0.25476839237057225,0.044678353716254594,0.0014229249011857706,61.36961050901726,Medium
1161,1.881,730,5071,13432.0,336.96,0.9,288,1.0581374561023915,8.531490496117062,9.505469645063013,5.666426688112432,1,0.00544959128065392,0.5085759721328235,0.8017391304347826,18.98041779135234,Low
1162,0.375,730,806,6840.0,352.8,0.6,1440,0.3184537311185346,6.693323668269949,8.830689198760998,7.273092595999522,1,0.00544959128065392,0.25898299950778086,0.12743083003952568,39.954372978008756,Medium
1163,0.0,730,0,0.0,362.88,0.0,3456,0.0,0.0,0.0,8.148156439921625,0,0.00544959128065392,0.0,0.0,50.27247956403269,Medium
1164,0.225,730,0,0.0,362.88,0.0,3456,0.20294084399669032,0.0,0.0,8.148156439921625,0,0.00544959128065392,0.0,0.0,50.27247956403269,Medium
1165,0.0,547,0,0.0,0.0,0.0,0,0.0,0.0,0.0,0.0,0,0.25476839237057225,0.0,0.0,62.73841961852862,Medium
1166,0.39,730,2333,16707.0,352.8,0.06,1440,0.3293037471426004,7.755338812846501,9.723642925617066,7.273092595999522,1,0.00544959128065392,0.6325773352012419,0.3688537549407115,23.918084409181205,Low
1167,0.49,0,0,0.0,0.0,0.0,0,0.3987761199573678,0.0,0.0,0.0,2,1.0,0.0,0.0,100.0,High
1168,0.37,730,989,7509.0,352.8,0.6,1440,0.31481073984003355,6.897704943128636,8.92399074475818,7.273092595999522,1,0.00544959128065392,0.2843133542841998,0.15636363636363637,38.61580620823397,Medium
1169,0.34,730,170,1312.0,352.8,0.6,1440,0.29266961396282,5.14166355650266,7.180069874302796,7.273092595999522,1,0.00544959128065392,0.04967627125061527,0.026877470355731226,48.24464201939961,Medium
1170,0.35,730,1158,8547.0,352.8,0.6,1440,0.3001045924503381,7.055312843339752,9.053452616439039,7.273092595999522,1,0.00544959128065392,0.3236151603498542,0.18308300395256916,36.90236467448569,Medium
1171,0.353,730,81,388.0,352.8,0.6,1440,0.302324349188651,4.406719247264253,5.963579343618446,7.273092595999522,1,0.00544959128065392,0.014690848510090492,0.012806324110671936,49.575627626516535,Medium
1172,0.35,730,200,1390.0,352.8,0.6,1440,0.3001045924503381,5.303304908059076,7.237778191923443,7.273092595999522,1,0.00544959128065392,0.05262958615728295,0.03162055335968379,48.06118091212053,Medium
1173,0.41,730,357,2676.0,352.8,0.6,1440,0.3435897043900769,5.8805329864007,7.892452043520352,7.273092595999522,1,0.00544959128065392,0.10132141910567566,0.05644268774703557,46.10398323592172,Medium
1174,0.598,730,572,8001.0,352.8,0.6,1440,0.4687528473440829,6.35088571671474,8.98744678941718,7.273092595999522,1,0.00544959128065392,0.30294195600318047,0.09043478260869565,39.37552523176336,Medium
1175,0.37,730,278,2290.0,352.8,0.6,1440,0.31481073984003355,5.631211781821365,7.736743682453495,7.273092595999522,1,0.00544959128065392,0.08670629661883306,0.04395256916996047,46.7922392820685,Medium
1176,0.38,730,5,50.0,352.8,0.6,1440,0.3220834991691133,1.791759469228055,3.9318256327243257,7.273092595999522,0,0.00544959128065392,0.0018931505811972285,0.0007905138339920949,50.19987476991694,Medium
1177,0.0,730,0,0.0,0.0,0.0,0,0.0,0.0,0.0,0.0,0,0.00544959128065392,0.0,0.0,50.27247956403269,Medium
1178,5.27,365,273,414.0,66.96,0.94,216,1.8357763546448294,5.6131281063880705,6.028278520230698,5.37989735354046,1,0.5027247956403269,0.01567528681231305,0.04316205533596838,73.8027400709276,High
1179,5.611,365,121,181.0,167.68,1.0,384,1.888734928351441,4.804021044733257,5.204006687076795,5.953243334287785,1,0.5027247956403269,0.006853205103933967,0.019130434782608695,74.54803493324616,High
1180,0.0,730,0,0.0,0.0,0.0,0,0.0,0.0,0.0,0.0,0,0.00544959128065392,0.0,0.0,50.27247956403269,Medium
1181,0.87,547,5333,19843.0,167.68,1.0,384,0.6259384308664953,8.58185670474196,9.89565697342094,5.953243334287785,1,0.25476839237057225,0.7513157396539321,0.8431620553359683,23.335706322191285,Low
1182,0.858,547,2902,7784.0,167.68,1.0,384,0.6195006403916468,7.97349996402463,8.959954084268098,5.953243334287785,1,0.25476839237057225,0.2947256824807845,0.4588142292490119,44.72036455912484,Medium
1183,0.896,547,1386,4041.0,167.68,1.0,384,0.6397464038328301,7.234898420314831,8.304494897963567,5.953243334287785,1,0.25476839237057225,0.15300442997236,0.21913043478260869,53.76567802370565,Medium
1184,0.84,547,1200,2570.0,167.68,1.0,384,0.6097655716208943,7.0909098220799835,7.852050207265889,5.953243334287785,1,0.25476839237057225,0.09730793987353754,0.18972332015810275,56.02471501916043,Medium
1185,0.969,547,2195,5687.0,167.68,1.0,384,0.6775257996569886,7.694392802629421,8.646113971483077,5.953243334287785,1,0.25476839237057225,0.21532694710537276,0.34703557312252964,49.33789974291683,Medium
1186,0.899,547,4277,14018.0,167.68,1.0,384,0.6413274318301488,8.361240889642351,9.548168831368535,5.953243334287785,1,0.25476839237057225,0.5307636969444549,0.676205533596838,33.29139803825821,Low
1187,1.0,547,2384,5789.0,167.68,1.0,384,0.6931471805599453,7.776954403322442,8.663887570567042,5.953243334287785,1,0.25476839237057225,0.2191889742910151,0.37691699604743084,48.62441046884955,Medium
1188,1.24,547,2313,5201.0,167.68,1.0,384,0.8064758658669484,7.746732907753622,8.556798446008598,5.953243334287785,1,0.25476839237057225,0.1969255234561357,0.36569169960474307,49.516819922749676,Medium
1189,0.94,547,1051,2524.0,167.68,1.0,384,0.6626879730752367,6.9584483932976555,7.83399634170946,5.953243334287785,1,0.25476839237057225,0.0955662413388361,0.16616600790513833,56.54811222026077,Medium
1190,0.877,547,5099,18645.0,167.68,1.0,384,0.6296747576043717,8.536995818712418,9.833386924856638,5.953243334287785,1,0.25476839237057225,0.7059558517284464,0.8061660079051384,25.436423908572454,Low
1191,0.83,547,4725,14656.0,167.68,1.0,384,0.6043159668533294,8.460834457746854,9.5926733160273,5.953243334287785,1,0.25476839237057225,0.5549202983605316,0.7470355731225297,31.150099205262066,Low
1192,0.88,547,2397,5188.0,167.68,1.0,384,0.6312717768418579,7.7823903355874595,8.55429627936774,5.953243334287785,1,0.25476839237057225,0.19643330430502443,0.37897233201581026,49.26597384906167,Medium
1193,0.82,547,3564,10013.0,167.68,1.0,384,0.598836501088704,8.178919332848396,9.211739392889891,5.953243334287785,1,0.25476839237057225,0.37912233539055695,0.5634782608695652,40.0951843394206,Medium
1194,0.794,547,3551,10209.0,167.68,1.0,384,0.5844477636366044,8.17526610411206,9.231122911158712,5.953243334287785,1,0.25476839237057225,0.3865434856688501,0.5614229249011857,39.9136565504394,Medium
1195,0.939,547,4256,13653.0,167.68,1.0,384,0.6621723762605146,8.356319965828153,9.521787797978225,5.953243334287785,1,0.25476839237057225,0.5169436977017152,0.6728853754940711,33.77240117759573,Medium
1196,0.99,547,4720,14854.0,167.68,1.0,384,0.688134638736401,8.459775920546287,9.606091787896707,5.953243334287785,1,0.25476839237057225,0.5624171746620726,0.7462450592885376,30.941003192895682,Low
1197,0.79,547,4181,11732.0,167.68,1.0,384,0.5822156198526637,8.338544879988579,9.370160663423624,5.953243334287785,1,0.25476839237057225,0.44420885237211766,0.6610276679841898,36.19160068768129,Medium
1198,0.87,547,1068,2819.0,167.68,1.0,384,0.6259384308664953,6.974478911025045,7.944492163932159,5.953243334287785,1,0.25476839237057225,0.10673582976789973,0.16885375494071148,56.159269626677386,Medium
1199,0.821,547,724,2296.0,167.68,1.0,384,0.5993858007454709,6.586171654854675,7.739359202689098,5.953243334287785,1,0.25476839237057225,0.08693347468857673,0.11446640316205534,57.8410873146302,Medium
1200,0.747,547,1432,4093.0,167.68,1.0,384,0.5579000311519196,7.267525427828172,8.317277766221235,5.953243334287785,1,0.25476839237057225,0.1549733065768051,0.22640316205533598,53.56115718011773,Medium
1201,0.9,547,991,2820.0,167.68,1.0,384,0.6418538861723948,6.899723107284872,7.944846711001996,5.953243334287785,1,0.25476839237057225,0.10677369277952369,0.1566798418972332,56.401611997198245,Medium
1202,0.84,547,1613,4569.0,167.68,1.0,384,0.6097655716208943,7.3864708488298945,8.42726848388825,5.953243334287785,1,0.25476839237057225,0.17299610010980274,0.2550197628458498,52.448141358317535,Medium
1203,0.837,547,3921,11679.0,167.68,1.0,384,0.6081338062329886,8.274357006756292,9.365633256382218,5.953243334287785,1,0.25476839237057225,0.4422021127560486,0.6199209486166007,37.07393726351514,Medium
1204,0.86,547,3283,10523.0,167.68,1.0,384,0.6205764877251099,8.096817470572319,9.261413642160184,5.953243334287785,1,0.25476839237057225,0.3984324713187687,0.5190513833992095,40.404417810981364,Medium
1205,0.8,547,5497,19560.0,167.68,1.0,384,0.5877866649021191,8.612139668725192,9.881293067026359,5.953243334287785,1,0.25476839237057225,0.7406005073643558,0.8690909090909091,23.138586215779753,Low
1206,0.86,547,2506,6900.0,167.68,1.0,384,0.6205764877251099,7.826842098158293,8.839421607620602,5.953243334287785,1,0.25476839237057225,0.26125478020521753,0.39620553359683797,46.97666554043533,Medium
1207,1.03,547,468,1926.0,167.68,1.0,384,0.708035793053696,6.150602768446279,7.563719668414366,5.953243334287785,1,0.25476839237057225,0.07292416038771724,0.07399209486166008,59.0708529096639,Medium
1208,0.924,547,1433,3550.0,167.68,1.0,384,0.6544063522435148,7.2682230211595655,8.174984532943087,5.953243334287785,1,0.25476839237057225,0.13441369126500322,0.2265612648221344,54.174783584135824,Medium
1209,0.76,547,4469,15154.0,167.68,1.0,384,0.5653138090500605,8.405143687607614,9.626085789491903,5.953243334287785,1,0.25476839237057225,0.573776078149256,0.7065612648221344,31.393911977608248,Low
1210,0.94,547,766,1923.0,167.68,1.0,384,0.6626879730752367,6.642486801367256,7.562161631225652,5.953243334287785,1,0.25476839237057225,0.07281057135284541,0.12110671936758893,58.13196809059147,Medium
1211,0.9,547,1622,4534.0,167.68,1.0,384,0.6418538861723948,7.392031567514591,8.419580362549237,5.953243334287785,1,0.25476839237057225,0.17167089470296468,0.25644268774703555,52.459439022498955,Medium
1212,0.826,547,5655,26125.0,167.68,1.0,384,0.6021277821727766,8.640472207576408,10.17068626604651,5.953243334287785,1,0.25476839237057225,0.9891711786755518,0.8940711462450592,15.181861333360875,Low
1213,0.978,547,1728,4567.0,167.68,1.0,384,0.6820862332005203,7.455298485683291,8.426830751335846,5.953243334287785,1,0.25476839237057225,0.17292037408655483,0.273201581027668,52.08677677537861,Medium
1214,0.91,547,2656,7782.0,167.68,1.0,384,0.6471032420585384,7.884952945759814,8.959697146959389,5.953243334287785,1,0.25476839237057225,0.2946499564575366,0.4199209486166008,45.50050195247049,Medium
1215,0.581,730,1596,16782.0,167.68,1.0,384,0.45805755822733496,7.3758821482150125,9.72812174830818,5.953243334287785,1,0.00544959128065392,0.6354170610730377,0.2523320158102767,26.16332741563603,Low
1216,0.66,730,443,3717.0,167.68,1.0,384,0.5068176023684519,6.095824562432225,8.220941168281389,5.953243334287785,1,0.00544959128065392,0.14073681420620196,0.0700395256916996,44.64958462401265,Medium
1217,0.0,730,0,0.0,476.928,0.0,1152,0.0,0.0,0.0,7.050122520269059,0,0.00544959128065392,0.0,0.0,50.27247956403269,Medium
1218,0.9,547,1185,4051.0,167.68,1.0,384,0.6418538861723948,7.078341579557671,8.306965865368573,5.953243334287785,1,0.25476839237057225,0.15338306008859945,0.18735177865612648,54.3898922427481,Medium
1219,0.92,547,1282,4668.0,167.68,1.0,384,0.6523251860396903,7.1569563646156364,8.448700194970938,5.953243334287785,1,0.25476839237057225,0.17674453826057324,0.20268774703557313,53.38232852999995,Medium
1220,0.0,547,0,0.0,159.36,0.0,384,0.0,0.0,0.0,5.953243334287785,0,0.25476839237057225,0.0,0.0,62.73841961852862,Medium
1221,0.91,547,815,1918.0,167.68,1.0,384,0.6471032420585384,6.704414354964107,7.5595594960077,5.953243334287785,1,0.25476839237057225,0.07262125629472568,0.12885375494071147,57.98270683087261,Medium
1222,0.981,547,692,2299.0,167.68,1.0,384,0.6836017677164139,6.541029999189903,7.7406644019172415,5.953243334287785,1,0.25476839237057225,0.08704706372344856,0.10940711462450593,57.93886541433504,Medium
1223,1.04,547,98,301.0,167.68,1.0,384,0.712949807856125,4.59511985013459,5.71042701737487,5.953243334287785,1,0.25476839237057225,0.011396766498807316,0.01549407114624506,62.08663520063949,Medium
1224,1.05,547,140,286.0,167.68,1.0,384,0.7178397931503169,4.948759890378168,5.659482215759621,5.953243334287785,1,0.25476839237057225,0.010828821324448146,0.022134387351778657,61.9708672317596,Medium
1225,0.81,547,548,1647.0,167.68,1.0,384,0.5933268452777344,6.3080984415095305,7.4073177104694174,5.953243334287785,1,0.25476839237057225,0.062360380144636705,0.0866403162055336,59.13480189007883,Medium
1226,0.82,547,597,1626.0,167.68,1.0,384,0.598836501088704,6.393590753950631,7.394493107219038,5.953243334287785,1,0.25476839237057225,0.06156525690053387,0.09438735177865612,59.00371487593947,Medium
1227,1.069,547,878,2628.0,167.68,1.0,384,0.7270653987634059,6.778784897685177,7.874358824729881,5.953243334287785,1,0.25476839237057225,0.09950399454772632,0.13881422924901185,56.977015197116586,Medium
1228,0.81,547,552,1386.0,167.68,1.0,384,0.5933268452777344,6.315358001522335,7.234898420314831,5.953243334287785,1,0.25476839237057225,0.052478134110787174,0.08727272727272728,59.418621049750456,Medium
1229,0.894,547,457,1119.0,167.68,1.0,384,0.6386909947638865,6.126869184114185,7.02108396428914,5.953243334287785,1,0.25476839237057225,0.04236871000719397,0.07225296442687747,60.02229902977525,Medium
1230,0.98,547,2090,8536.0,167.68,1.0,384,0.6830968447064438,7.645397699428633,9.052164937010307,5.953243334287785,1,0.25476839237057225,0.3231986672219908,0.33043478260869563,46.43376394969498,Medium
1231,0.916,547,2430,8422.0,167.68,1.0,384,0.6502396795486689,7.796057974316123,9.038721338315364,5.953243334287785,1,0.25476839237057225,0.31888228389686113,0.3841897233201581,45.48815663521961,Medium
1232,1.034,547,457,1271.0,167.68,1.0,384,0.7100042976263682,6.126869184114185,7.148345743900068,5.953243334287785,1,0.25476839237057225,0.04812388777403355,0.07225296442687747,59.84964369677006,Medium
1233,0.727,547,608,1734.0,167.68,1.0,384,0.5463857991645416,6.411818267709897,7.45876269238096,5.953243334287785,1,0.25476839237057225,0.06565446215591988,0.09612648221343874,58.84625610958224,Medium
1234,0.94,0,0,0.0,0.0,0.0,0,0.6626879730752367,0.0,0.0,0.0,2,1.0,0.0,0.0,100.0,High
1235,0.936,547,535,1412.0,167.68,1.0,384,0.6606239888543853,6.284134161070802,7.253470382684528,5.953243334287785,1,0.25476839237057225,0.05346257241300973,0.08458498023715415,59.44284284139524,Medium
1236,0.928,547,918,3004.0,167.68,1.0,384,0.6564831961883539,6.823286122355687,8.008032846969307,5.953243334287785,1,0.25476839237057225,0.11374048691832948,0.14513833992094863,56.42343821255975,Medium
1237,0.942,547,550,1431.0,167.68,1.0,384,0.6637183698691331,6.311734809152915,7.266827347520591,5.953243334287785,1,0.25476839237057225,0.05418196963386468,0.08695652173913043,59.37383009473006,Medium
1238,1.08,547,872,2598.0,167.68,1.0,384,0.7323678937132266,6.771935555839602,7.8628820346414905,5.953243334287785,1,0.25476839237057225,0.09836810419900799,0.13786561264822134,57.03006423959395,Medium
1239,1.089,547,233,594.0,167.68,1.0,384,0.7366854825744287,5.455321115357702,6.38856140554563,5.953243334287785,1,0.25476839237057225,0.022490628904623073,0.03683794466403162,61.326941858109286,Medium
1240,0.936,547,2449,8765.0,167.68,1.0,384,0.6606239888543853,7.803843303538772,9.078635880978755,5.953243334287785,1,0.25476839237057225,0.3318692968838741,0.38719367588932807,45.03846719422583,Medium
1241,0.6,730,43,180.0,187.392,1.0,384,0.4700036292457356,3.784189633918261,5.198497031265826,5.953243334287785,1,0.00544959128065392,0.006815342092310023,0.006798418972332016,49.93205092181675,Medium
1242,0.568,730,17,59.0,187.392,1.0,384,0.4498009219282161,2.8903717578961645,4.0943445622221,5.953243334287785,1,0.00544959128065392,0.0022339176858127297,0.0026877470355731225,50.151707092746854,Medium
1243,0.54,730,240,2039.0,187.392,1.0,384,0.43178241642553783,5.484796933490655,7.620705086838262,5.953243334287785,1,0.00544959128065392,0.07720268070122298,0.037944664031620556,47.1975058623636,Medium
1244,0.51,730,860,7920.0,187.392,1.0,384,0.412109650826833,6.7580945044277305,8.97727273946428,5.953243334287785,1,0.00544959128065392,0.299875052061641,0.1359683794466403,38.55686041325066,Medium
1245,0.57,730,1,6.0,0.0,0.0,0,0.4510756193602166,0.6931471805599453,1.9459101490553132,0.0,0,0.00544959128065392,0.0002271780697436674,0.00015810276679841898,50.26250216660442,Medium
1246,0.56,730,480,3401.0,187.392,1.0,384,0.44468582126144574,6.175867270105761,8.132118772955806,5.953243334287785,1,0.00544959128065392,0.12877210253303548,0.07588932806324111,44.891529926776805,Medium
1247,0.64,730,0,0.0,0.0,0.0,0,0.49469624183610705,0.0,0.0,0.0,0,0.00544959128065392,0.0,0.0,50.27247956403269,Medium
1248,0.52,730,461,3316.0,187.392,1.0,384,0.41871033485818504,6.135564891081739,8.106816038947052,5.953243334287785,1,0.00544959128065392,0.12555374654500018,0.07288537549407115,45.048159657801264,Medium
1249,0.56,730,843,7260.0,180.48,1.0,384,0.44468582126144574,6.738152494595957,8.890272839380247,5.953243334287785,1,0.00544959128065392,0.2748854643898376,0.1332806324110672,39.360302984116224,Medium
1250,0.0,730,0,0.0,0.0,0.0,0,0.0,0.0,0.0,0.0,0,0.00544959128065392,0.0,0.0,50.27247956403269,Medium
1251,0.0,730,0,0.0,0.0,0.0,0,0.0,0.0,0.0,0.0,0,0.00544959128065392,0.0,0.0,50.27247956403269,Medium
1252,0.0,730,0,0.0,0.0,0.0,0,0.0,0.0,0.0,0.0,0,0.00544959128065392,0.0,0.0,50.27247956403269,Medium
1253,0.19,547,33,990.0,907.2,0.495,2025,0.17395330712343804,3.5263605246161616,6.898714534329988,7.613818684808629,1,0.25476839237057225,0.037484381507705125,0.0052173913043478265,61.5095403472105,Medium
1254,0.0,547,0,0.0,197.76,0.0,384,0.0,0.0,0.0,5.953243334287785,0,0.25476839237057225,0.0,0.0,62.73841961852862,Medium
1255,0.0,547,0,0.0,197.76,0.0,384,0.0,0.0,0.0,5.953243334287785,0,0.25476839237057225,0.0,0.0,62.73841961852862,Medium
1256,1.042,547,3085,7886.0,207.68,1.0,384,0.7139297197424739,8.034631032923107,8.97297111339799,5.953243334287785,1,0.25476839237057225,0.2985877096664269,0.48774703557312254,44.02584761707335,Medium
1257,0.976,547,158,450.0,207.68,1.0,384,0.681074599325676,5.0689042022202315,6.111467339502679,5.953243334287785,1,0.25476839237057225,0.017038355230775057,0.0249802371541502,61.727664218522364,Medium
1258,1.137,547,1061,2207.0,207.68,1.0,384,0.7594029763370106,6.967909201801884,7.699842407396986,5.953243334287785,1,0.25476839237057225,0.08356366665404566,0.16774703557312254,56.87656890744479,Medium
1259,1.11,547,456,862.0,207.68,1.0,384,0.7466879474879752,6.124683390894205,6.760414691083428,5.953243334287785,1,0.25476839237057225,0.032637916019840216,0.07209486166007906,60.31738490473183,Medium
1260,0.954,547,411,765.0,207.68,1.0,384,0.669878553620591,6.021023349349527,6.641182169740591,5.953243334287785,1,0.25476839237057225,0.028965203892317593,0.0649802371541502,60.56985875867609,Medium
1261,0.934,547,46,142.0,207.68,1.0,384,0.6595903970311026,3.8501476017100584,4.962844630259907,5.953243334287785,1,0.25476839237057225,0.005376547650600129,0.007272727272727273,62.43166864355606,Medium
1262,1.29,547,841,1506.0,207.68,1.0,384,0.8285518175661483,6.7357800142423265,7.317876198626496,5.953243334287785,1,0.25476839237057225,0.05702169550566052,0.13296442687747034,58.36848021580939,Medium
1263,0.0,547,0,0.0,197.76,0.0,384,0.0,0.0,0.0,5.953243334287785,0,0.25476839237057225,0.0,0.0,62.73841961852862,Medium
1264,1.143,547,552,1010.0,207.68,1.0,384,0.76220671649144,6.315358001522335,6.918695219020472,5.953243334287785,1,0.25476839237057225,0.03824164174018401,0.08727272727272728,59.84571582086855,Medium
1265,0.0,547,0,0.0,197.76,0.0,384,0.0,0.0,0.0,5.953243334287785,0,0.25476839237057225,0.0,0.0,62.73841961852862,Medium
1266,0.0,547,0,0.0,197.76,0.0,384,0.0,0.0,0.0,5.953243334287785,0,0.25476839237057225,0.0,0.0,62.73841961852862,Medium
1267,0.0,547,0,0.0,197.76,0.0,384,0.0,0.0,0.0,5.953243334287785,0,0.25476839237057225,0.0,0.0,62.73841961852862,Medium
1268,1.07,547,362,899.0,207.68,1.0,384,0.7275486072772778,5.8944028342648505,6.802394763324311,5.953243334287785,1,0.25476839237057225,0.03403884744992617,0.05723320158102767,60.572590163410275,Medium
1269,0.0,547,0,0.0,197.76,0.0,384,0.0,0.0,0.0,5.953243334287785,0,0.25476839237057225,0.0,0.0,62.73841961852862,Medium
1270,0.962,547,343,1370.0,207.68,1.0,384,0.6739643611431714,5.840641657373398,7.223295679562314,5.953243334287785,1,0.25476839237057225,0.05187232592480406,0.05422924901185771,60.09766486054734,Medium
1271,0.992,547,4218,11574.0,207.68,1.0,384,0.6891391591624065,8.347353412124338,9.356602878954435,5.953243334287785,1,0.25476839237057225,0.4382264965355344,0.6668774703557312,36.254075315347954,Medium
1272,0.998,547,2052,4072.0,207.68,1.0,384,0.6921466802263617,7.627057417018934,8.312135107648412,5.953243334287785,1,0.25476839237057225,0.15417818333270228,0.32442687747035576,51.624536569140425,Medium
1273,0.59,547,98,500.0,777.6,0.4,1440,0.4637340162321401,4.59511985013459,6.2166061010848646,7.273092595999522,1,0.25476839237057225,0.018931505811972286,0.01549407114624506,61.86059302124454,Medium
1274,0.0,547,0,0.0,197.76,0.0,384,0.0,0.0,0.0,5.953243334287785,0,0.25476839237057225,0.0,0.0,62.73841961852862,Medium
1275,1.05,547,903,1863.0,207.68,1.0,384,0.7178397931503169,6.806829360392176,7.530479995245536,5.953243334287785,1,0.25476839237057225,0.07053879065540873,0.14276679841897233,57.76691993048691,Medium
1276,0.975,547,0,0.0,207.68,1.0,384,0.6805683983530851,0.0,0.0,5.953243334287785,0,0.25476839237057225,0.0,0.0,62.73841961852862,Medium
1277,0.0,547,0,0.0,197.76,0.0,384,0.0,0.0,0.0,5.953243334287785,0,0.25476839237057225,0.0,0.0,62.73841961852862,Medium
1278,0.0,547,0,0.0,0.0,0.0,0,0.0,0.0,0.0,0.0,0,0.25476839237057225,0.0,0.0,62.73841961852862,Medium
1279,0.0,547,0,0.0,0.0,0.0,0,0.0,0.0,0.0,0.0,0,0.25476839237057225,0.0,0.0,62.73841961852862,Medium
1280,1.13,547,1803,3849.0,207.68,1.0,384,0.7561219797213337,7.4977617006225685,8.25582842728183,5.953243334287785,1,0.25476839237057225,0.14573473174056265,0.2850592885375494,52.665191895560746,Medium
1281,0.965,547,3788,8291.0,207.68,1.0,384,0.6754922453212246,8.239857411018601,9.02304647355567,5.953243334287785,1,0.25476839237057225,0.3139222293741244,0.5988932806324111,41.342887124656656,Medium
1282,0.98,547,2731,5544.0,207.68,1.0,384,0.6830968447064438,7.912789220690681,8.620651899784468,5.953243334287785,1,0.25476839237057225,0.2099125364431487,0.4317786561264822,47.80547040270451,Medium
1283,0.0,547,0,0.0,197.76,0.0,384,0.0,0.0,0.0,5.953243334287785,0,0.25476839237057225,0.0,0.0,62.73841961852862,Medium
1284,1.13,547,159,629.0,207.68,1.0,384,0.7561219797213337,5.075173815233827,6.4457198193855785,5.953243334287785,1,0.25476839237057225,0.023815834311461132,0.025138339920948615,61.521177790765805,Medium
1285,1.08,547,2,5.0,207.68,1.0,384,0.7323678937132266,1.0986122886681098,1.791759469228055,5.953243334287785,0,0.25476839237057225,0.00018931505811972283,0.00031620553359683795,62.72641605611309,Medium
1286,1.575,547,0,0.0,207.68,1.0,384,0.9458495341156994,0.0,0.0,5.953243334287785,0,0.25476839237057225,0.0,0.0,62.73841961852862,Medium
1287,1.34,547,202,411.0,207.68,1.0,384,0.8501509293696101,5.313205979041787,6.021023349349527,5.953243334287785,1,0.25476839237057225,0.015561697777441218,0.03193675889328063,61.63283350733977,Medium
1288,1.129,547,246,592.0,207.68,1.0,384,0.7556523859113424,5.5093883366279774,6.385194398997726,5.953243334287785,1,0.25476839237057225,0.022414902881375185,0.03889328063241107,61.28810691943913,Medium
1289,1.367,547,1299,3611.0,207.68,1.0,384,0.8616233305318469,7.170119543449628,8.192016914536875,5.953243334287785,1,0.25476839237057225,0.13672333497406383,0.20537549407114625,54.52920968788377,Medium
1290,1.06,547,1257,4333.0,207.68,1.0,384,0.7227059828014898,7.1372784372603855,8.374246182096304,5.953243334287785,1,0.25476839237057225,0.16406042936655182,0.19873517786561265,53.841903180219795,Medium
1291,0.99,547,629,1482.0,207.68,1.0,384,0.688134638736401,6.4457198193855785,7.301822342137932,5.953243334287785,1,0.25476839237057225,0.05611298322668585,0.09944664031620554,59.06609731540393,Medium
1292,1.74,0,0,0.0,0.0,0.0,0,1.007957920399979,0.0,0.0,0.0,2,1.0,0.0,0.0,100.0,High
1293,1.83,0,0,0.0,0.0,0.0,0,1.0402767116551463,0.0,0.0,0.0,2,1.0,0.0,0.0,100.0,High
1294,1.62,0,0,0.0,0.0,0.0,0,0.9631743177730056,0.0,0.0,0.0,2,1.0,0.0,0.0,100.0,High
1295,1.95,0,0,0.0,0.0,0.0,0,1.0818051703517284,0.0,0.0,0.0,2,1.0,0.0,0.0,100.0,High
1296,1.78,0,2,41.0,147.6,0.0,180,1.0224509277025458,1.0986122886681098,3.7376696182833684,5.198497031265826,2,1.0,0.0015523834765817273,0.00031620553359683795,99.94710438503061,High
1297,2.04,0,0,0.0,147.6,1.17,180,1.1118575154181303,0.0,0.0,5.198497031265826,2,1.0,0.0,0.0,100.0,High
1298,1.98,0,0,0.0,147.6,1.17,180,1.091923300517313,0.0,0.0,5.198497031265826,2,1.0,0.0,0.0,100.0,High
1299,1.6,0,68,925.0,147.6,0.0,180,0.9555114450274363,4.23410650459726,6.8308742346461795,5.198497031265826,2,1.0,0.035023285752148726,0.01075098814229249,98.73428166458969,High
1300,0.0,0,0,0.0,0.0,0.0,0,0.0,0.0,0.0,0.0,2,1.0,0.0,0.0,100.0,High
1301,0.0,0,0,0.0,0.0,0.0,0,0.0,0.0,0.0,0.0,2,1.0,0.0,0.0,100.0,High
1302,1.5,365,1143,26411.0,147.6,1.17,180,0.9162907318741551,7.042286171939743,10.181573731314462,5.198497031265826,1,0.5027247956403269,1.0,0.18071146245059289,41.52201053300449,Medium
1303,1.23,0,140,2535.0,147.6,0.0,180,0.8020015854720274,4.948759890378168,7.8383433155571165,5.198497031265826,1,1.0,0.09598273446669948,0.022134387351778657,96.67783021896345,High
1304,0.0,0,0,0.0,0.0,0.0,0,0.0,0.0,0.0,0.0,2,1.0,0.0,0.0,100.0,High
1305,1.3,547,165,3710.0,147.6,1.17,180,0.832909122935104,5.111987788356544,8.219056661060598,5.198497031265826,1,0.25476839237057225,0.14047177312483436,0.02608695652173913,58.0025272943488,Medium
1306,1.42,0,100,2324.0,147.6,1.17,180,0.883767540168595,4.61512051684126,7.751475318021456,5.198497031265826,2,1.0,0.08799363901404718,0.015810276679841896,97.04398529598176,High
1307,1.9875,0,0,0.0,0.0,0.0,0,1.094436917257629,0.0,0.0,0.0,2,1.0,0.0,0.0,100.0,High
1308,1.98,0,34,1071.0,147.6,0.0,180,1.091923300517313,3.5553480614894135,6.977281341630747,5.198497031265826,2,1.0,0.040551285449244634,0.005375494071146245,98.67595155509974,High
1309,1.35,365,728,17953.0,147.6,1.17,180,0.8544153281560676,6.591673732008658,9.795568210316635,5.198497031265826,1,0.5027247956403269,0.6797546476846769,0.11509881422924902,52.44162406689106,Medium
1310,1.6,0,0,0.0,147.6,0.0,180,0.9555114450274363,0.0,0.0,5.198497031265826,2,1.0,0.0,0.0,100.0,High
1311,1.34,0,354,10785.0,147.6,1.17,180,0.8501509293696101,5.872117789475416,9.286004275897172,5.198497031265826,1,1.0,0.40835258036424216,0.055968379446640314,86.63005500013993,High
1312,1.65,547,860,2027.0,147.6,1.17,180,0.9745596399981308,6.7580945044277305,7.614805364711073,5.198497031265826,1,0.25476839237057225,0.07674832456173564,0.1359683794466403,57.71660229274374,Medium
1313,1.7244,0,0,0.0,147.6,1.17,180,1.0022482203850263,0.0,0.0,5.198497031265826,2,1.0,0.0,0.0,100.0,High
1314,1.79,0,0,0.0,148.0,1.17,180,1.0260415958332743,0.0,0.0,5.198497031265826,2,1.0,0.0,0.0,100.0,High
1315,1.58,365,195,4354.0,147.6,1.17,180,0.9477893989335261,5.278114659230517,8.379079889286603,5.198497031265826,1,0.5027247956403269,0.16485555261065465,0.0308300395256917,69.57397241318287,High
1316,1.36,547,4718,14211.0,147.6,1.17,180,0.8586616190375187,8.459352191726387,9.561841957140917,5.198497031265826,1,0.25476839237057225,0.5380712581878763,0.7459288537549407,31.67770479779351,Low
1317,1.63,547,1212,2419.0,147.6,1.17,180,0.9669838461896731,7.10085190894405,7.791522819150732,5.198497031265826,1,0.25476839237057225,0.09159062511832192,0.19162055335968378,56.15828979778528,Medium
1318,1.58,547,1029,1678.0,147.6,1.17,180,0.9477893989335261,6.937314081223682,7.425953657077541,5.198497031265826,1,0.25476839237057225,0.06353413350497898,0.16268774703557312,57.57864067266778,Medium
1319,1.61,547,1923,3913.0,147.6,1.17,180,0.959350221334602,7.562161631225652,8.272315147956022,5.198497031265826,1,0.25476839237057225,0.14815796448449509,0.3040316205533597,52.213048272926564,Medium
1320,0.0,547,0,0.0,147.6,0.0,180,0.0,0.0,0.0,5.198497031265826,0,0.25476839237057225,0.0,0.0,62.73841961852862,Medium
1321,1.53,547,3231,8747.0,147.6,1.17,180,0.9282193027394289,8.080856419640986,9.076580381796658,5.198497031265826,1,0.25476839237057225,0.3311877626746431,0.5108300395256917,42.58618594777548,Medium
1322,1.35,547,2238,3762.0,147.6,1.17,180,0.8544153281560676,7.713784616598755,8.232971790593437,5.198497031265826,1,0.25476839237057225,0.14244064972927947,0.35383399209486166,51.38852028475299,Medium
1323,0.0,547,0,0.0,147.6,0.0,180,0.0,0.0,0.0,5.198497031265826,0,0.25476839237057225,0.0,0.0,62.73841961852862,Medium
1324,1.8375,547,3,5.0,147.6,0.0,180,1.042923382807521,1.3862943611198906,1.791759469228055,5.198497031265826,0,0.25476839237057225,0.00018931505811972283,0.0004743083003952569,62.72325400077712,Medium
1325,1.331,547,341,1015.0,147.6,1.17,180,0.8462973600536201,5.834810737062605,6.923628628138427,5.198497031265826,1,0.25476839237057225,0.03843095679830374,0.05391304347826087,60.50723004501428,Medium
1326,1.51,547,5,167.0,147.6,1.17,180,0.9202827531436926,1.791759469228055,5.123963979403259,5.198497031265826,1,0.25476839237057225,0.006323122941198743,0.0007905138339920949,62.53291565361281,Medium
1327,1.391,547,109,216.0,147.6,1.17,180,0.8717116884761876,4.700480365792417,5.37989735354046,5.198497031265826,1,0.25476839237057225,0.008178410510772028,0.017233201581027667,62.1484032715849,Medium
1328,2.41,547,0,0.0,198.0,1.02,180,1.2267122912954254,0.0,0.0,5.198497031265826,0,0.25476839237057225,0.0,0.0,62.73841961852862,Medium
1329,0.0,547,0,0.0,0.0,0.0,0,0.0,0.0,0.0,0.0,0,0.25476839237057225,0.0,0.0,62.73841961852862,Medium
1330,1.86,0,0,0.0,198.0,1.02,180,1.0508216248317612,0.0,0.0,5.198497031265826,2,1.0,0.0,0.0,100.0,High
1331,0.0,547,0,0.0,0.0,0.0,0,0.0,0.0,0.0,0.0,0,0.25476839237057225,0.0,0.0,62.73841961852862,Medium
1332,1.75,547,693,1352.0,198.0,1.02,180,1.0116009116784799,6.542471960506805,7.210079628170788,5.198497031265826,1,0.25476839237057225,0.05119079171557306,0.10956521739130434,59.01139151923533,Medium
1333,0.0,547,0,0.0,0.0,0.0,0,0.0,0.0,0.0,0.0,0,0.25476839237057225,0.0,0.0,62.73841961852862,Medium
1334,0.0,547,0,0.0,0.0,0.0,0,0.0,0.0,0.0,0.0,0,0.25476839237057225,0.0,0.0,62.73841961852862,Medium
1335,0.0,547,0,0.0,0.0,0.0,0,0.0,0.0,0.0,0.0,0,0.25476839237057225,0.0,0.0,62.73841961852862,Medium
1336,1.8,0,0,0.0,0.0,1.1,180,1.0296194171811581,0.0,0.0,5.198497031265826,2,1.0,0.0,0.0,100.0,High
1337,1.97,365,0,0.0,198.0,1.02,180,1.0885619528146082,0.0,0.0,5.198497031265826,0,0.5027247956403269,0.0,0.0,75.13623978201633,High
1338,1.67,0,0,0.0,0.0,0.0,0,0.9820784724121582,0.0,0.0,0.0,2,1.0,0.0,0.0,100.0,High
1339,1.698,547,973,2809.0,198.0,1.02,180,0.9925107577855641,6.881411303642535,7.940939762327791,5.198497031265826,1,0.25476839237057225,0.1063571996516603,0.15383399209486165,56.47102378708158,Medium
1340,1.578,547,1153,3186.0,198.0,1.02,180,0.9470139045169956,7.050989447068045,8.066835314417336,5.198497031265826,1,0.25476839237057225,0.1206315550338874,0.18229249011857707,55.47362316514044,Medium
1341,0.0,547,0,0.0,0.0,0.0,0,0.0,0.0,0.0,0.0,0,0.25476839237057225,0.0,0.0,62.73841961852862,Medium
1342,1.932,547,91,564.0,198.0,1.02,180,1.075684784024405,4.5217885770490405,6.336825731146441,5.198497031265826,1,0.25476839237057225,0.021354738555904737,0.014387351778656127,61.81003042627835,Medium
1343,1.59,547,923,2737.0,198.0,1.02,180,0.9516578757114464,6.828712071641684,7.914983005848394,5.198497031265826,1,0.25476839237057225,0.10363106281473629,0.14592885375494072,56.710910658987714,Medium
1344,0.0,547,0,0.0,0.0,0.0,0,0.0,0.0,0.0,0.0,0,0.25476839237057225,0.0,0.0,62.73841961852862,Medium
1345,1.682,547,1344,2489.0,198.0,1.02,180,0.9865627848594868,7.20414929203594,7.820037989458753,5.198497031265826,1,0.25476839237057225,0.09424103593199804,0.2124901185770751,55.661386169027175,Medium
1346,1.5,547,3,75.0,183.6,0.0,180,0.9162907318741551,1.3862943611198906,4.330733340286331,5.198497031265826,0,0.25476839237057225,0.0028397258717958425,0.0004743083003952569,62.64374167636684,Medium
1347,0.0,547,0,0.0,0.0,0.0,0,0.0,0.0,0.0,0.0,0,0.25476839237057225,0.0,0.0,62.73841961852862,Medium
1348,1.72,547,5,156.0,198.0,1.02,180,1.000631880307906,1.791759469228055,5.056245805348308,5.198497031265826,0,0.25476839237057225,0.005906629813335353,0.0007905138339920949,62.54541044744871,Medium
1349,0.0,547,0,0.0,0.0,0.0,0,0.0,0.0,0.0,0.0,0,0.25476839237057225,0.0,0.0,62.73841961852862,Medium
1350,1.88,730,1739,2933.0,336.96,0.9,288,1.0577902941478545,7.461640392208575,7.984121958702927,5.666426688112432,1,0.00544959128065392,0.11105221309302941,0.2749407114624506,41.442098941992796,Medium
1351,1.72,730,890,1472.0,336.96,0.9,288,1.000631880307906,6.792344427470809,7.29505641646263,5.666426688112432,1,0.00544959128065392,0.0557343531104464,0.14071146245059288,45.78621972170745,Medium
1352,1.95,730,4702,9221.0,336.96,0.9,288,1.0818051703517284,8.455955881945048,9.129347212766652,5.666426688112432,1,0.00544959128065392,0.34913483018439284,0.743399209486166,24.93045046877759,Low
1353,1.65,730,2766,4763.0,336.96,0.9,288,0.9745596399981308,7.925518979786926,8.46884293047519,5.666426688112432,1,0.00544959128065392,0.180341524364848,0.4373122529644269,36.11598877379872,Medium
1354,1.789,730,5559,13924.0,336.96,0.9,288,1.0256831086453517,8.623353387244627,9.541441064795485,5.666426688112432,1,0.00544959128065392,0.5272045738518042,0.8788932806324111,16.87847673583035,Low
1355,1.57,730,2476,3907.0,336.96,0.9,288,0.9439058989071284,7.814803429489359,8.270781013162674,5.666426688112432,1,0.00544959128065392,0.14793078641475144,0.39146245059288537,38.005306959732444,Medium
1356,2.04,730,2760,4809.7,336.96,0.9,288,1.1118575154181303,7.923348211930154,8.478597882656853,5.666426688112432,1,0.00544959128065392,0.18210972700768618,0.43636363636363634,36.08191502652939,Medium
1357,1.8,730,778,1198.0,336.96,0.9,288,1.0296194171811581,6.658011045870748,7.089243155027514,5.666426688112432,1,0.00544959128065392,0.04535988792548559,0.12300395256916996,46.451603874884725,Medium
1358,1.829,730,1461,2335.0,336.96,0.9,288,1.0399232923194301,7.2875606403097235,7.756195343948118,5.666426688112432,1,0.00544959128065392,0.08841013214191057,0.23098814229249012,43.00041275392557,Medium
1359,1.85,730,3130,6591.0,336.96,0.9,288,1.0473189942805592,8.049107721326406,8.793612071589308,5.666426688112432,1,0.00544959128065392,0.24955510961341865,0.49486166007905136,32.88859307404911,Low
1360,1.85,730,2278,4413.0,336.96,0.9,288,1.0473189942805592,7.731492029245684,8.392536586816682,5.666426688112432,1,0.00544959128065392,0.16708947029646737,0.36015810276679844,38.056633399802706,Medium
1361,1.818,730,3154,6142.0,336.96,0.9,288,1.0360274134764884,8.056743774975313,8.723068501163928,5.666426688112432,1,0.00544959128065392,0.23255461739426753,0.4986561264822134,33.3227185125604,Low
1362,0.0,730,0,0.0,0.0,0.0,0,0.0,0.0,0.0,0.0,0,0.00544959128065392,0.0,0.0,50.27247956403269,Medium
1363,1.74,730,1696,2909.0,336.96,0.9,288,1.007957920399979,7.436617265234227,7.975908360165538,5.666426688112432,1,0.00544959128065392,0.11014350081405475,0.26814229249011856,41.60532868980868,Medium
1364,1.76,730,2346,5210.0,336.96,0.9,288,1.0152306797290584,7.760893195851024,8.558527054909215,5.666426688112432,1,0.00544959128065392,0.1972662905607512,0.3709090909090909,36.936309029028344,Medium
1365,1.96,730,1447,2573.0,336.96,0.9,288,1.085189268335969,7.277938572945661,7.853216388156072,5.666426688112432,1,0.00544959128065392,0.09742152890840937,0.22877470355731225,42.77433962563417,Medium
1366,1.82,730,4314,9808.0,336.96,0.9,288,1.0367368849500223,8.36985260351753,9.191055610564316,5.666426688112432,1,0.00544959128065392,0.37136041800764835,0.6820553359683794,25.490560304435654,Low
1367,1.76,730,2409,4410.0,336.96,0.9,288,1.0152306797290584,7.787382026484701,8.39185670010494,5.666426688112432,1,0.00544959128065392,0.16697588126159554,0.3808695652173913,37.64581182183701,Medium
1368,1.857,730,1055,1696.0,336.96,0.9,288,1.0497721232486361,6.962243464266207,7.436617265234227,5.666426688112432,1,0.00544959128065392,0.06421566771420999,0.16679841897233202,45.010041153159754,Medium
1369,1.742,730,2774,4351.0,336.96,0.9,288,1.0086875811401226,7.928406026180535,8.378390788535778,5.666426688112432,1,0.00544959128065392,0.16474196357578283,0.4385770750988142,36.55867915478292,Medium
1370,2.21,730,0,0.0,349.2,0.9,288,1.1662709371419244,0.0,0.0,5.666426688112432,0,0.00544959128065392,0.0,0.0,50.27247956403269,Medium
1371,0.1963,730,0,0.0,362.88,0.0,3456,0.17923346019472147,0.0,0.0,8.148156439921625,0,0.00544959128065392,0.0,0.0,50.27247956403269,Medium
1372,1.93,730,498,1004.0,348.48,0.9,288,1.0750024230289759,6.212606095751519,6.912742820493176,5.666426688112432,1,0.00544959128065392,0.03801446367044035,0.07873517786561265,47.557342096607236,Medium
1373,1.91,730,579,1062.0,348.48,0.9,288,1.0681530811834012,6.363028103540465,6.968850378341948,5.666426688112432,1,0.00544959128065392,0.04021051834462913,0.09154150197628458,47.23533397416813,Medium
1374,0.2125,730,0,0.0,362.88,0.0,3456,0.1926843438295012,0.0,0.0,8.148156439921625,0,0.00544959128065392,0.0,0.0,50.27247956403269,Medium
1375,2.07,730,360,646.0,349.2,0.9,288,1.1216775615991057,5.8888779583328805,6.472346294500901,5.666426688112432,1,0.00544959128065392,0.02445950550906819,0.05691699604743083,48.40035447781204,Medium
1376,0.0,730,0,0.0,0.0,0.0,0,0.0,0.0,0.0,0.0,0,0.00544959128065392,0.0,0.0,50.27247956403269,Medium
1377,0.0,730,0,0.0,0.0,0.0,0,0.0,0.0,0.0,0.0,0,0.00544959128065392,0.0,0.0,50.27247956403269,Medium
1378,0.25,730,0,0.0,380.16,0.0,3456,0.22314355131420976,0.0,0.0,8.148156439921625,0,0.00544959128065392,0.0,0.0,50.27247956403269,Medium
1379,0.0,730,0,0.0,362.88,0.0,3456,0.0,0.0,0.0,8.148156439921625,0,0.00544959128065392,0.0,0.0,50.27247956403269,Medium
1380,1.81,730,311,527.0,348.48,0.9,288,1.0331844833456545,5.7430031878094825,6.269096283706261,5.666426688112432,1,0.00544959128065392,0.019953807125818786,0.0491699604743083,48.690466140771974,Medium
1381,0.0,730,0,0.0,362.88,0.0,3456,0.0,0.0,0.0,8.148156439921625,0,0.00544959128065392,0.0,0.0,50.27247956403269,Medium
1382,1.9,730,444,815.0,348.48,0.9,288,1.0647107369924282,6.09807428216624,6.704414354964107,5.666426688112432,1,0.00544959128065392,0.030858354473514822,0.07019762845849803,47.94277636065729,Medium
1383,1.95,730,1552,2635.0,349.2,0.9,288,1.0818051703517284,7.347943823148687,7.877017895622398,5.666426688112432,1,0.00544959128065392,0.09976903562909394,0.24537549407114626,42.37189861373696,Medium
1384,0.22,730,0,0.0,362.88,0.0,3456,0.1988508587451652,0.0,0.0,8.148156439921625,0,0.00544959128065392,0.0,0.0,50.27247956403269,Medium
1385,0.0,730,0,0.0,0.0,0.0,0,0.0,0.0,0.0,0.0,0,0.00544959128065392,0.0,0.0,50.27247956403269,Medium
1386,0.0,730,0,0.0,0.0,0.0,0,0.0,0.0,0.0,0.0,0,0.00544959128065392,0.0,0.0,50.27247956403269,Medium
1387,0.0,730,0,0.0,0.0,0.0,0,0.0,0.0,0.0,0.0,0,0.00544959128065392,0.0,0.0,50.27247956403269,Medium
1388,2.69,547,0,0.0,165.78,1.02,108,1.3056264580524357,0.0,0.0,4.6913478822291435,0,0.25476839237057225,0.0,0.0,62.73841961852862,Medium
1389,2.5,547,92,236.0,165.78,1.02,108,1.252762968495368,4.532599493153256,5.4680601411351315,4.6913478822291435,1,0.25476839237057225,0.008935670743250919,0.014545454545454545,62.179440405322,Medium
1390,2.592,547,1814,3783.0,165.78,1.02,108,1.2787091504399533,7.503840746698951,8.238536930171769,4.6913478822291435,1,0.25476839237057225,0.1432357729733823,0.286798418972332,52.7053780498805,Medium
1391,0.0,547,0,0.0,165.78,0.0,108,0.0,0.0,0.0,4.6913478822291435,0,0.25476839237057225,0.0,0.0,62.73841961852862,Medium
1392,2.4,547,3263,7361.0,165.78,1.02,108,1.2237754316221157,8.090708716083997,8.904086913938967,4.6913478822291435,1,0.25476839237057225,0.27870962856385595,0.5158893280632411,44.059344200348114,Medium
1393,2.39,547,543,908.0,165.78,1.02,108,1.220829921392359,6.298949246855942,6.812345094177479,4.6913478822291435,1,0.25476839237057225,0.034379614554541665,0.08584980237154151,59.99003513446153,Medium
1394,2.502,547,836,1262.0,165.78,1.02,108,1.25333423386366,6.729824070489475,7.141245122350491,4.6913478822291435,1,0.25476839237057225,0.04778312066941805,0.13217391304347825,58.66144773757651,Medium
1395,2.515,547,494,895.0,165.78,1.02,108,1.2570395252626283,6.20455776256869,6.79794041297493,4.6913478822291435,1,0.25476839237057225,0.03388739540343039,0.07810276679841897,60.15974242045732,Medium
1396,2.385,547,1180,2392.0,165.78,1.02,108,1.2193539063642382,7.074116816197362,7.780303087908373,4.6913478822291435,1,0.25476839237057225,0.09056832380447541,0.1865612648221344,56.29014460795167,Medium
1397,2.201,547,253,772.0,165.78,0.0,108,1.163463260987726,5.537334267018537,6.650279048587422,4.6913478822291435,1,0.25476839237057225,0.029230244973685208,0.04,61.061512269318065,Medium
1398,2.28,547,890,1767.0,165.78,1.02,108,1.1878434223960523,6.792344427470809,7.477604243197589,4.6913478822291435,1,0.25476839237057225,0.06690394153951006,0.14071146245059288,57.91707212333146,Medium
1399,2.263,547,1984,4360.0,165.78,1.02,108,1.1826470176111836,7.59337419312129,8.380456667842767,4.6913478822291435,1,0.25476839237057225,0.16508273068039833,0.31367588932806323,51.5124199115554,Medium
1400,2.239,547,68,345.0,165.78,1.02,108,1.1752646401891922,4.23410650459726,5.846438775057725,4.6913478822291435,1,0.25476839237057225,0.013062739010260876,0.01075098814229249,62.13151768537494,Medium
1401,2.318,547,395,639.0,165.78,1.02,108,1.1993621917682529,5.981414211254481,6.461468176353717,4.6913478822291435,1,0.25476839237057225,0.02419446442770058,0.062450592885375494,60.76357382799009,Medium
1402,2.063,547,1010,1917.0,165.78,1.02,108,1.1193948278506383,6.918695219020472,7.559038255443384,4.6913478822291435,1,0.25476839237057225,0.07258339328310173,0.15968379446640316,57.3672419307075,Medium
1403,2.318,547,4580,12219.0,165.78,1.02,108,1.1993621917682529,8.429672593886743,9.410829232725586,4.6913478822291435,1,0.25476839237057225,0.4626481390329787,0.7241106719367589,34.37676200880407,Medium
1404,2.345,547,989,1879.0,165.78,1.02,108,1.2074666935801919,6.897704943128636,7.539027055823995,4.6913478822291435,1,0.25476839237057225,0.07114459884139185,0.15636363636363637,57.47680892601412,Medium
1405,2.263,547,1568,3297.0,165.78,1.02,108,1.1826470176111836,7.358193752733032,8.101071503119543,4.6913478822291435,1,0.25476839237057225,0.12483434932414524,0.24790513833992095,54.03528637200583,Medium
1406,2.259,547,1200,2489.0,165.78,1.02,108,1.1814203998554245,7.0909098220799835,7.820037989458753,4.6913478822291435,1,0.25476839237057225,0.09424103593199804,0.18972332015810275,56.11672213740662,Medium
1407,2.37,547,1039,2181.0,165.78,1.02,108,1.2149127443642704,6.946975992135418,7.687997166393016,4.6913478822291435,1,0.25476839237057225,0.0825792283518231,0.1642687747035573,56.97566727390277,Medium
1408,2.357,547,2920,7774.0,165.78,1.02,108,1.211047717997898,7.979681302387741,8.958668737047434,4.6913478822291435,1,0.25476839237057225,0.29434705236454506,0.4616600790513834,44.6748064665646,Medium
1409,2.32,547,938,1701.0,165.78,1.02,108,1.199964782928397,6.844815479208263,7.43955930913332,4.6913478822291435,1,0.25476839237057225,0.06440498277232971,0.148300395256917,57.84026223022038,Medium
1410,2.205,547,778,1566.0,165.78,1.02,108,1.1647120903726333,6.658011045870748,7.356918242356021,4.6913478822291435,1,0.25476839237057225,0.059293476203097197,0.12300395256916996,58.4995362810523,Medium
1411,2.48,547,0,0.0,165.78,0.0,108,1.247032293786383,0.0,0.0,4.6913478822291435,0,0.25476839237057225,0.0,0.0,62.73841961852862,Medium
1412,2.355,547,693,1286.0,165.78,1.02,108,1.210451770423645,6.542471960506805,7.160069207596127,4.6913478822291435,1,0.25476839237057225,0.048691832948392716,0.10956521739130434,59.08636028225074,Medium
1413,2.25,547,450,866.0,165.78,1.02,108,1.1786549963416462,6.111467339502679,6.7650389767805414,4.6913478822291435,1,0.25476839237057225,0.032789368066336,0.07114624505928854,60.33181367535276,Medium
1414,2.19,547,1072,2170.0,165.78,1.02,108,1.1600209167967532,6.9782137426306985,7.682943169878292,4.6913478822291435,1,0.25476839237057225,0.08216273522395971,0.16948616600790514,56.88381424165172,Medium
1415,0.0,730,0,0.0,348.0,1.05,288,0.0,0.0,0.0,5.666426688112432,0,0.00544959128065392,0.0,0.0,50.27247956403269,Medium
1416,2.35,547,1006,2272.0,165.78,1.02,108,1.208960345836975,6.914730892718563,7.728855823852543,4.6913478822291435,1,0.25476839237057225,0.08602476240960207,0.1590513833992095,56.97664907825636,Medium
1417,2.724,547,700,1371.0,165.78,1.02,108,1.3147983594148207,6.55250788703459,7.22402480828583,4.6913478822291435,1,0.25476839237057225,0.051910188936428,0.11067193675889328,58.967675215257906,Medium
1418,0.0,547,0,0.0,165.78,0.0,108,0.0,0.0,0.0,4.6913478822291435,0,0.25476839237057225,0.0,0.0,62.73841961852862,Medium
1419,2.59,547,659,1034.0,165.78,1.02,108,1.2781522025001875,6.492239835020471,6.942156705699469,4.6913478822291435,1,0.25476839237057225,0.03915035401915869,0.1041897233201581,59.48011453155069,Medium
1420,2.362,547,3244,6334.0,165.78,1.02,108,1.2125360349864238,8.08487062913819,8.75384509275524,4.6913478822291435,1,0.25476839237057225,0.2398243156260649,0.5128853754940711,45.28598263986524,Medium
1421,2.39,547,2061,3413.0,165.78,1.02,108,1.220829921392359,7.631431664576906,8.135639903354386,4.6913478822291435,1,0.25476839237057225,0.1292264586725228,0.3258498023715415,52.34462981092209,Medium
1422,2.7,547,38,81.0,165.78,0.0,108,1.308332819650179,3.6635616461296463,4.406719247264253,4.6913478822291435,1,0.25476839237057225,0.00306690394153951,0.006007905138339921,62.52625439751562,Medium
1423,2.63,547,0,0.0,165.78,1.02,108,1.2892326482767593,0.0,0.0,4.6913478822291435,0,0.25476839237057225,0.0,0.0,62.73841961852862,Medium
1424,2.41,547,1,3.0,165.78,1.02,108,1.2267122912954254,0.6931471805599453,1.3862943611198906,4.6913478822291435,0,0.25476839237057225,0.0001135890348718337,0.00015810276679841898,62.7318498921465,Medium
1425,2.343,730,1123,2219.0,443.52,1.05,288,1.2068686074379615,7.024649030453636,7.705262474866325,5.666426688112432,1,0.00544959128065392,0.084018022793533,0.1775494071146245,44.20095073793422,Medium
1426,2.42,730,821,1398.0,443.52,1.05,288,1.2296405510745139,6.71174039505618,7.243512974665482,5.666426688112432,1,0.00544959128065392,0.05293249025027451,0.12980237154150198,46.08845742569442,Medium
1427,2.6,547,1,1.0,165.78,1.02,108,1.2809338454620642,0.6931471805599453,0.6931471805599453,4.6913478822291435,0,0.25476839237057225,3.786301162394457e-05,0.00015810276679841898,62.734121672843926,Medium
1428,3.456,730,0,0.0,443.52,1.05,288,1.4942515026249827,0.0,0.0,5.666426688112432,0,0.00544959128065392,0.0,0.0,50.27247956403269,Medium
1429,0.0,547,0,0.0,165.78,0.0,108,0.0,0.0,0.0,4.6913478822291435,0,0.25476839237057225,0.0,0.0,62.73841961852862,Medium
1430,2.39,547,1272,3747.0,165.78,1.02,108,1.220829921392359,7.149131598557407,8.228977643358313,4.6913478822291435,1,0.25476839237057225,0.1418727045549203,0.20110671936758892,54.46010409452923,Medium
1431,2.33,547,1487,3951.0,165.78,1.02,108,1.2029723039923526,7.305188215393037,8.281977058867758,4.6913478822291435,1,0.25476839237057225,0.149596758926205,0.23509881422924903,53.54854056615748,Medium
1432,2.448,547,3495,12427.0,165.78,1.02,108,1.2377943528014466,8.159374736775426,9.427707270512938,4.6913478822291435,1,0.25476839237057225,0.47052364545075914,0.5525691699604743,37.57132685579636,Medium
1433,2.294,547,1642,3859.0,165.78,1.02,108,1.1921026317554486,7.404279118037268,8.258422462458876,4.6913478822291435,1,0.25476839237057225,0.1461133618568021,0.25960474308300396,53.16292390116447,Medium
1434,2.296,547,1940,5123.0,165.78,1.02,108,1.1927096120472251,7.57095858316901,8.541690663016626,4.6913478822291435,1,0.25476839237057225,0.19397220854946803,0.3067193675889328,50.784866010265915,Medium
1435,2.24,547,0,0.0,165.78,0.0,108,1.1755733298042381,0.0,0.0,4.6913478822291435,0,0.25476839237057225,0.0,0.0,62.73841961852862,Medium
1436,2.438,547,1197,2287.0,165.78,1.02,108,1.2348899069606576,7.088408778675395,7.7354333524996886,4.6913478822291435,1,0.25476839237057225,0.08659270758396123,0.1892490118577075,56.35565815385563,Medium
1437,2.701,547,961,2084.0,165.78,1.02,108,1.308603053404019,6.8690144506657065,7.642524134232902,4.6913478822291435,1,0.25476839237057225,0.07890651622430048,0.15193675889328062,57.33248895393399,Medium
1438,2.282,547,174,284.0,165.78,1.02,108,1.188452992667899,5.1647859739235145,5.652489180268651,4.6913478822291435,1,0.25476839237057225,0.010753095301200258,0.0275098814229249,61.865629131034105,Medium
1439,3.206,547,269,417.0,165.78,1.02,108,1.436512077280508,5.598421958998375,6.035481432524756,4.6913478822291435,1,0.25476839237057225,0.015788875847184886,0.0425296442687747,61.41416045773758,Medium
1440,2.616,547,583,1440.0,165.78,1.02,108,1.28536844252993,6.369900982828227,7.273092595999522,4.6913478822291435,1,0.25476839237057225,0.05452273673848018,0.09217391304347826,59.25925925550464,Medium
1441,2.38,547,1023,2155.0,165.78,1.02,108,1.2178757094949273,6.931471805599453,7.6760099320288875,4.6913478822291435,1,0.25476839237057225,0.08159479004960055,0.1617391304347826,57.05579330834494,Medium
1442,2.595,547,1192,2818.0,165.78,1.02,108,1.27954399117301,7.084226422097916,7.9441374911141125,4.6913478822291435,1,0.25476839237057225,0.1066979667562758,0.18845849802371542,55.76831065536603,Medium
1443,2.23,547,460,910.0,165.78,1.02,108,1.172482137234565,6.133398042996649,6.814542897259958,4.6913478822291435,1,0.25476839237057225,0.03445534057778956,0.07272727272727272,60.25021394664947,Medium
1444,2.435,547,257,670.0,165.78,1.02,108,1.2340169256743128,5.552959584921617,6.508769136971682,4.6913478822291435,1,0.25476839237057225,0.025368217788042862,0.040632411067193674,61.164724863543455,Medium
1445,2.591,547,373,738.0,165.78,1.02,108,1.2784307152439458,5.924255797414532,6.6052979209482015,4.6913478822291435,1,0.25476839237057225,0.027942902578471093,0.05897233201581028,60.72068590085827,Medium
1446,2.653,547,730,1375.0,165.78,1.02,108,1.2955487478131456,6.594413459749778,7.226936018493289,4.6913478822291435,1,0.25476839237057225,0.05206164098292378,0.11541501976284585,58.86826999378398,Medium
1447,2.786,547,1108,2080.0,165.78,1.02,108,1.331310052787131,7.011213987350367,7.640603826393634,4.6913478822291435,1,0.25476839237057225,0.0787550641778047,0.17517786561264823,56.8722103809415,Medium
1448,2.53,547,429,976.0,165.78,1.02,108,1.2612978709452054,6.063785208687608,6.884486652042782,4.6913478822291435,1,0.25476839237057225,0.036954299344969896,0.06782608695652174,60.27326889904908,Medium
1449,2.0,547,999,2359.0,165.78,1.02,108,1.0986122886681098,6.907755278982137,7.7664168980196555,4.6913478822291435,1,0.25476839237057225,0.08931884442088524,0.15794466403162055,56.89996100526965,Medium
1450,2.587,547,1364,2791.0,165.78,1.02,108,1.2773161985501456,7.21890970761906,7.934513463882263,4.6913478822291435,1,0.25476839237057225,0.10567566544242929,0.21565217391304348,55.255106176994865,Medium
1451,2.95,547,0,0.0,165.78,0.0,108,1.3737155789130306,0.0,0.0,4.6913478822291435,0,0.25476839237057225,0.0,0.0,62.73841961852862,Medium
1452,2.875,547,0,0.0,165.78,0.0,108,1.3545456628053103,0.0,0.0,4.6913478822291435,0,0.25476839237057225,0.0,0.0,62.73841961852862,Medium
1453,3.277,547,206,528.0,165.78,1.02,108,1.4532518292447716,5.332718793265369,6.270988431858299,4.6913478822291435,1,0.25476839237057225,0.019991670137442734,0.032569169960474306,61.48728611519585,Medium
1454,2.571,547,428,994.0,165.78,1.02,108,1.2728456686123115,6.061456918928017,6.902742737158593,4.6913478822291435,1,0.25476839237057225,0.0376358335542009,0.06766798418972332,60.25598492810812,Medium
1455,3.323,547,473,876.0,165.78,1.02,108,1.4639496056854948,6.161207321695077,6.776506992372183,4.6913478822291435,1,0.25476839237057225,0.033167998182575445,0.07478260869565218,60.24772749913831,Medium
1456,3.09,547,374,789.0,165.78,1.02,108,1.4085449700547104,5.926926025970411,6.672032945461067,4.6913478822291435,1,0.25476839237057225,0.029873916171292265,0.059130434782608696,60.65959343773767,Medium
1457,2.45,547,462,831.0,165.78,1.02,108,1.2383742310432684,6.137727054086234,6.723832440821209,4.6913478822291435,1,0.25476839237057225,0.03146416265949794,0.07304347826086957,60.333625173526286,Medium
1458,0.0,547,0,0.0,165.78,0.0,108,0.0,0.0,0.0,4.6913478822291435,0,0.25476839237057225,0.0,0.0,62.73841961852862,Medium
1459,0.0,547,0,0.0,165.78,0.0,108,0.0,0.0,0.0,4.6913478822291435,0,0.25476839237057225,0.0,0.0,62.73841961852862,Medium
1460,0.0,547,0,0.0,165.78,0.0,108,0.0,0.0,0.0,4.6913478822291435,0,0.25476839237057225,0.0,0.0,62.73841961852862,Medium
1461,0.0,547,0,0.0,325.12,0.0,32,0.0,0.0,0.0,3.4965075614664802,0,0.25476839237057225,0.0,0.0,62.73841961852862,Medium
1462,16.7375,547,0,0.0,321.6,0.0,32,2.875681042486161,0.0,0.0,3.4965075614664802,0,0.25476839237057225,0.0,0.0,62.73841961852862,Medium
1463,12.949,547,1778,2563.0,325.12,0.8,32,2.635407821110098,7.483806687665835,7.849323818040561,3.4965075614664802,1,0.25476839237057225,0.09704289879216993,0.2811067193675889,54.20499826741174,Medium
1464,12.854,547,167,247.0,325.12,0.8,32,2.6285739996004134,5.123963979403259,5.5134287461649825,3.4965075614664802,1,0.25476839237057225,0.009352163871114308,0.02640316205533597,61.92979146128847,Medium
1465,12.049,547,398,689.0,325.12,0.8,32,2.56871150248011,5.988961416889864,6.536691597591305,3.4965075614664802,1,0.25476839237057225,0.026087615008897808,0.06292490118577075,60.69729314454626,Medium
1466,12.517,547,2358,3139.0,325.12,0.8,32,2.6039481525016908,7.765993079407675,8.0519780789023,3.4965075614664802,1,0.25476839237057225,0.118851993487562,0.37280632411067194,51.71673333168832,Medium
1467,12.794,547,73,106.0,325.12,0.8,32,2.6242337150090997,4.30406509320417,4.672828834461906,3.4965075614664802,1,0.25476839237057225,0.004013479232138124,0.011541501976284585,62.38718520203877,Medium
1468,13.88,0,0,0.0,0.0,0.0,0,2.700018029404946,0.0,0.0,0.0,0,1.0,0.0,0.0,100.0,High
1469,11.941,547,88,141.0,325.12,0.8,32,2.560400565839533,4.48863636973214,4.955827057601261,3.4965075614664802,1,0.25476839237057225,0.005338684638976184,0.01391304347826087,62.299998209794104,Medium
1470,14.78,547,278,384.0,325.12,0.8,32,2.7587433154177283,5.631211781821365,5.953243334287785,3.4965075614664802,1,0.25476839237057225,0.014539396463594714,0.04395256916996047,61.423186341221566,Medium
1471,12.584,547,1558,2063.0,325.12,0.8,32,2.6088926295689916,7.351799869057777,7.6324011266014535,3.4965075614664802,1,0.25476839237057225,0.07811139298019765,0.24632411067193677,55.468595615683945,Medium
1472,12.353,547,764,960.0,325.12,0.8,32,2.591741078701827,6.639875833826536,6.8679744089702925,3.4965075614664802,1,0.25476839237057225,0.036348491158986786,0.1207905138339921,59.23215460707917,Medium
1473,11.579,547,631,922.0,325.12,0.8,32,2.5320287568567355,6.448889394146858,6.827629234502852,3.4965075614664802,1,0.25476839237057225,0.034909696717276895,0.09976284584980237,59.69587180001425,Medium
1474,13.289,547,202,258.0,325.12,0.8,32,2.659490010486833,5.313205979041787,5.556828061699537,3.4965075614664802,1,0.25476839237057225,0.009768656998977698,0.03193675889328063,61.80662473069367,Medium
1475,12.716,547,2387,3376.0,325.12,0.8,32,2.618563034600674,7.778211474512493,8.124743020385568,3.4965075614664802,1,0.25476839237057225,0.12782552724243687,0.3773913043478261,51.35582771429898,Medium
1476,10.807,547,1016,1551.0,325.12,0.8,32,2.468692575924973,6.92461239604856,7.347299700743164,3.4965075614664802,1,0.25476839237057225,0.05872553102873802,0.16063241106719367,57.7640054663226,Medium
1477,11.917,547,187,250.0,325.12,0.8,32,2.5585442732498787,5.236441962829949,5.5254529391317835,3.4965075614664802,1,0.25476839237057225,0.009465752905986143,0.029565217391304348,61.86314268352293,Medium
1478,10.93,547,1501,2240.0,325.12,0.8,32,2.4790562361098245,7.31455283232408,7.714677473800927,3.4965075614664802,1,0.25476839237057225,0.08481314603763583,0.23731225296442687,55.447780178111,Medium
1479,12.685,547,2888,4338.0,325.12,0.8,32,2.6163003424926425,7.968665700466235,8.37539918579835,3.4965075614664802,1,0.25476839237057225,0.16424974442467155,0.456600790513834,48.67891147551178,Medium
1480,11.787,547,397,628.0,325.12,0.8,32,2.5484290298290313,5.986452005284438,6.444131256700441,3.4965075614664802,1,0.25476839237057225,0.023777971299837188,0.06276679841897233,60.769744511154045,Medium
1481,13.152,547,247,470.0,325.12,0.8,32,2.649855956857484,5.5134287461649825,6.154858094016418,3.4965075614664802,1,0.25476839237057225,0.017795615463253946,0.03905138339920949,61.4235234866468,Medium
1482,12.39,547,1,31.0,325.12,0.8,32,2.5945081597030812,0.6931471805599453,3.4657359027997265,3.4965075614664802,0,0.25476839237057225,0.0011737533603422817,0.00015810276679841898,62.70004496238237,Medium
1483,11.795,547,2685,4086.0,325.12,0.8,32,2.549054469611752,7.895808377083183,8.315566483564277,3.4965075614664802,1,0.25476839237057225,0.1547082654954375,0.42450592885375493,49.60705307659038,Medium
1484,11.577,547,6325,12218.0,325.12,0.8,32,2.5318697490650184,8.752423403865594,9.410747396316522,3.4965075614664802,1,0.25476839237057225,0.46261027602135474,1.0,28.86011133788797,Low
1485,12.689,547,318,801.0,325.12,0.8,32,2.6165925906133753,5.765191102784844,6.687108607866515,3.4965075614664802,1,0.25476839237057225,0.0303282723107796,0.05027667984189723,60.82303785236728,Medium
1486,12.585,547,264,397.0,325.12,0.8,32,2.608966242878311,5.579729825986222,5.986452005284438,3.4965075614664802,1,0.25476839237057225,0.015031615614705994,0.04173913043478261,61.45268854139177,Medium
1487,9.38,547,86,135.0,325.12,0.8,32,2.3398808777377424,4.465908118654584,4.912654885736052,3.4965075614664802,1,0.25476839237057225,0.005111506569232517,0.013596837944664032,62.31313766255835,Medium
1488,0.0,547,0,0.0,325.12,0.0,32,0.0,0.0,0.0,3.4965075614664802,0,0.25476839237057225,0.0,0.0,62.73841961852862,Medium
1489,15.81,547,0,0.0,325.12,0.0,32,2.8219739474205245,0.0,0.0,3.4965075614664802,0,0.25476839237057225,0.0,0.0,62.73841961852862,Medium
1490,10.063,547,163,294.0,325.12,0.8,32,2.403606207052774,5.099866427824199,5.68697535633982,3.4965075614664802,1,0.25476839237057225,0.011131725417439703,0.025770750988142292,61.88905283624258,Medium
1491,11.801,547,712,999.0,325.12,0.8,32,2.549523292873973,6.569481420414296,6.907755278982137,3.4965075614664802,1,0.25476839237057225,0.03782514861232062,0.11256916996047431,59.35228176094951,Medium
1492,12.249,547,996,1555.0,325.12,0.8,32,2.583922077885986,6.904750769961838,7.349873704738337,3.4965075614664802,1,0.25476839237057225,0.058876983075233806,0.1574703557312253,57.82270301164709,Medium
1493,12.301,547,246,261.0,325.12,0.8,32,2.5878392203711593,5.5093883366279774,5.568344503761097,3.4965075614664802,1,0.25476839237057225,0.009882246033849532,0.03889328063241107,61.66408662486491,Medium
1494,11.84,547,39,70.0,325.12,0.8,32,2.552565298261815,3.6888794541139363,4.2626798770413155,3.4965075614664802,1,0.25476839237057225,0.0026504108136761197,0.0061660079051383395,62.53558713601556,Medium
1495,10.947,547,41,44.0,325.12,0.8,32,2.480480200835087,3.7376696182833684,3.8066624897703196,3.4965075614664802,1,0.25476839237057225,0.001665972511453561,0.006482213438735178,62.558796174410304,Medium
1496,0.0,547,0,0.0,325.12,0.0,32,0.0,0.0,0.0,3.4965075614664802,0,0.25476839237057225,0.0,0.0,62.73841961852862,Medium
1497,14.402,547,21,57.0,325.12,0.8,32,2.734497371117058,3.091042453358316,4.060443010546419,3.4965075614664802,1,0.25476839237057225,0.0021581916625648405,0.0033201581027667982,62.60727070659633,Medium
1498,0.0,547,0,0.0,325.12,0.0,32,0.0,0.0,0.0,3.4965075614664802,0,0.25476839237057225,0.0,0.0,62.73841961852862,Medium
1499,13.194,365,146,309.0,404.64,1.2,36,2.6528193401027913,4.990432586778736,5.736572297479192,3.6109179126442243,1,0.5027247956403269,0.011699670591798871,0.02308300395256917,74.323589585211,High
1500,13.354,365,233,596.0,441.72,1.44,36,2.66402864900788,5.455321115357702,6.391917113392602,3.6109179126442243,1,0.5027247956403269,0.022566354927870964,0.03683794466403162,73.72249024089957,High
1501,15.808,365,154,387.0,515.34,1.68,42,2.8218549635426995,5.043425116919247,5.961005339623274,3.7612001156935624,1,0.5027247956403269,0.014652985498466548,0.02434782608695652,74.20969369532322,High
1502,0.0,365,0,0.0,0.0,0.0,0,0.0,0.0,0.0,0.0,0,0.5027247956403269,0.0,0.0,75.13623978201633,High
1503,16.201,365,403,766.0,515.34,1.68,42,2.844967521664254,6.0014148779611505,6.642486801367256,3.7612001156935624,1,0.5027247956403269,0.02900306690394154,0.06371541501976284,72.99183947450284,High
1504,0.0,365,0,0.0,0.0,0.0,0,0.0,0.0,0.0,0.0,0,0.5027247956403269,0.0,0.0,75.13623978201633,High
1505,15.04,365,0,0.0,0.0,0.0,0,2.7750856024383683,0.0,0.0,0.0,0,0.5027247956403269,0.0,0.0,75.13623978201633,High
1506,0.0,365,0,0.0,0.0,0.0,0,0.0,0.0,0.0,0.0,0,0.5027247956403269,0.0,0.0,75.13623978201633,High
1507,15.318,365,448,924.0,515.34,1.68,42,2.7922687930066084,6.1070228877422545,6.829793737512425,3.7612001156935624,1,0.5027247956403269,0.03498542274052478,0.0708300395256917,72.67007630928677,High
1508,14.919,365,944,2578.0,515.34,1.68,42,2.767513364372999,6.851184927493743,7.8551570058813445,3.7612001156935624,1,0.5027247956403269,0.0976108439665291,0.1492490118577075,69.22293422586631,High
1509,15.316,365,187,407.0,515.34,1.68,42,2.792146221455312,5.236441962829949,6.0112671744041615,3.7612001156935624,1,0.5027247956403269,0.015410245730945439,0.029565217391304348,74.08262806226189,High
1510,14.568,365,743,1747.0,515.34,1.68,42,2.7452175254436493,6.612041034833092,7.466227556215481,3.7612001156935624,1,0.5027247956403269,0.06614668130703116,0.1174703557312253,70.8024322281809,High
1511,16.76,365,0,0.0,0.0,0.0,0,2.876948737564024,0.0,0.0,0.0,0,0.5027247956403269,0.0,0.0,75.13623978201633,High
1512,17.113,365,1226,3392.0,441.72,1.44,36,2.8966299125107797,7.112327444710911,8.129469764784231,3.6109179126442243,1,0.5027247956403269,0.12843133542841997,0.19383399209486166,67.40661987726652,High
1513,14.783,365,379,927.0,515.34,1.68,42,2.7589334114167796,5.940171252720432,6.833031732786201,3.7612001156935624,1,0.5027247956403269,0.035099011775396614,0.05992094861660079,72.88485045642244,High
1514,16.333,365,286,545.0,515.34,1.68,42,2.8526121989591733,5.659482215759621,6.302618975744905,3.7612001156935624,1,0.5027247956403269,0.02063534133504979,0.04521739130434783,73.61283171587789,High
1515,0.0,365,0,0.0,0.0,0.0,0,0.0,0.0,0.0,0.0,0,0.5027247956403269,0.0,0.0,75.13623978201633,High
1516,0.0,365,0,0.0,0.0,0.0,0,0.0,0.0,0.0,0.0,0,0.5027247956403269,0.0,0.0,75.13623978201633,High
1517,0.0,0,0,0.0,0.0,0.0,0,0.0,0.0,0.0,0.0,2,1.0,0.0,0.0,100.0,High
1518,0.0,0,0,0.0,0.0,0.0,0,0.0,0.0,0.0,0.0,2,1.0,0.0,0.0,100.0,High
1519,0.0,0,0,0.0,0.0,0.0,0,0.0,0.0,0.0,0.0,2,1.0,0.0,0.0,100.0,High
1520,0.0,0,0,0.0,0.0,0.0,0,0.0,0.0,0.0,0.0,2,1.0,0.0,0.0,100.0,High
1521,0.0,365,0,0.0,0.0,0.0,0,0.0,0.0,0.0,0.0,0,0.5027247956403269,0.0,0.0,75.13623978201633,High
1522,14.692,365,467,1072.0,441.72,1.44,36,2.753151028347306,6.148468295917647,6.9782137426306985,3.6109179126442243,1,0.5027247956403269,0.04058914846086858,0.07383399209486166,72.44188548629305,High
1523,0.0,365,0,0.0,0.0,0.0,0,0.0,0.0,0.0,0.0,0,0.5027247956403269,0.0,0.0,75.13623978201633,High
1524,0.0,365,0,0.0,0.0,0.0,0,0.0,0.0,0.0,0.0,0,0.5027247956403269,0.0,0.0,75.13623978201633,High
1525,0.0,365,0,0.0,0.0,0.0,0,0.0,0.0,0.0,0.0,0,0.5027247956403269,0.0,0.0,75.13623978201633,High
1526,15.18,365,32,49.0,258.0,0.84,21,2.7837759116303458,3.4965075614664802,3.912023005428146,3.091042453358316,1,0.5027247956403269,0.0018552875695732839,0.005059288537549407,74.97939538417815,High
1527,14.683,365,136,171.0,257.67,0.84,21,2.7525773231522876,4.919980925828125,5.147494476813453,3.091042453358316,1,0.5027247956403269,0.006474574987694521,0.02150197628458498,74.5119630066938,High
1528,12.179,365,338,497.0,257.67,0.84,21,2.5786246536617523,5.82600010738045,6.210600077024653,3.091042453358316,1,0.5027247956403269,0.01881791677710045,0.05343873517786561,73.50292757514603,High
1529,16.369,365,217,262.0,257.67,0.84,21,2.8546870080718754,5.384495062789089,5.572154032177765,3.091042453358316,1,0.5027247956403269,0.009920109045473477,0.03430830039525692,74.15247050274701,High
1530,16.066,365,43,64.0,257.67,0.84,21,2.8370881801143932,3.784189633918261,4.174387269895637,3.091042453358316,1,0.5027247956403269,0.0024232327439324525,0.006798418972332016,74.92757442025173,High
1531,16.192,365,287,404.0,257.67,0.84,21,2.844444159340209,5.662960480135946,6.003887067106539,3.091042453358316,1,0.5027247956403269,0.015296656696073605,0.045375494071146244,73.76983019971122,High
1532,0.0,365,0,0.0,0.0,0.0,0,0.0,0.0,0.0,0.0,0,0.5027247956403269,0.0,0.0,75.13623978201633,High
1533,0.0,365,0,0.0,0.0,0.0,0,0.0,0.0,0.0,0.0,0,0.5027247956403269,0.0,0.0,75.13623978201633,High
1534,17.76,0,0,0.0,0.0,0.0,0,2.9317269435780786,0.0,0.0,0.0,0,1.0,0.0,0.0,100.0,High
1535,17.02,365,0,0.0,338.4,0.96,24,2.8914822521801917,0.0,0.0,3.2188758248682006,0,0.5027247956403269,0.0,0.0,75.13623978201633,High
1536,0.0,0,0,0.0,0.0,0.0,0,0.0,0.0,0.0,0.0,2,1.0,0.0,0.0,100.0,High
1537,19.63,365,0,0.0,338.4,0.96,24,3.0267463270831603,0.0,0.0,3.2188758248682006,0,0.5027247956403269,0.0,0.0,75.13623978201633,High
1538,21.2,0,0,0.0,0.0,0.0,0,3.100092288878234,0.0,0.0,0.0,0,1.0,0.0,0.0,100.0,High
1539,0.0,365,0,0.0,299.67,0.0,21,0.0,0.0,0.0,3.091042453358316,0,0.5027247956403269,0.0,0.0,75.13623978201633,High
1540,0.0,365,0,0.0,299.67,0.0,21,0.0,0.0,0.0,3.091042453358316,0,0.5027247956403269,0.0,0.0,75.13623978201633,High
1541,0.0,365,0,0.0,256.86,0.0,18,0.0,0.0,0.0,2.9444389791664403,0,0.5027247956403269,0.0,0.0,75.13623978201633,High
1542,0.0,365,0,0.0,299.67,0.0,21,0.0,0.0,0.0,3.091042453358316,0,0.5027247956403269,0.0,0.0,75.13623978201633,High
1543,0.0,365,0,0.0,299.67,0.0,21,0.0,0.0,0.0,3.091042453358316,0,0.5027247956403269,0.0,0.0,75.13623978201633,High
1544,24.88,365,568,833.0,296.1,0.84,21,3.2534704696327,6.343880434126331,6.726233402358747,3.091042453358316,1,0.5027247956403269,0.03153988868274583,0.08980237154150197,72.39399569070393,High
1545,15.131,365,150,188.0,296.1,0.84,21,2.7807428864956507,5.017279836814924,5.241747015059643,3.091042453358316,1,0.5027247956403269,0.007118246185301579,0.023715415019762844,74.44838409606204,High
1546,16.66,365,95,180.0,507.6,1.44,36,2.8713021951758138,4.564348191467836,5.198497031265826,3.6109179126442243,1,0.5027247956403269,0.006815342092310023,0.015019762845849802,74.63138426233004,High
1547,0.0,365,0,0.0,299.67,0.0,21,0.0,0.0,0.0,3.091042453358316,0,0.5027247956403269,0.0,0.0,75.13623978201633,High
1548,16.659,365,370,810.0,296.1,0.84,21,2.871245568430987,5.916202062607435,6.698268054115413,3.091042453358316,1,0.5027247956403269,0.0306690394153951,0.05849802371541502,73.0462081252462,High
1549,0.0,365,0,0.0,299.67,0.0,21,0.0,0.0,0.0,3.091042453358316,0,0.5027247956403269,0.0,0.0,75.13623978201633,High
1550,0.0,365,0,0.0,299.67,0.0,21,0.0,0.0,0.0,3.091042453358316,0,0.5027247956403269,0.0,0.0,75.13623978201633,High
1551,0.0,365,0,0.0,299.67,0.0,21,0.0,0.0,0.0,3.091042453358316,0,0.5027247956403269,0.0,0.0,75.13623978201633,High
1552,15.736,365,209,355.0,296.1,0.84,21,2.8175620878825125,5.3471075307174685,5.87493073085203,3.091042453358316,1,0.5027247956403269,0.013441369126500322,0.03304347826086956,74.07212914300395,High
1553,18.054,365,77,116.0,296.1,0.84,21,2.9472770532845876,4.356708826689592,4.762173934797756,3.091042453358316,1,0.5027247956403269,0.00439210934837757,0.01217391304347826,74.76099824069546,High
1554,0.0,365,0,0.0,299.67,0.0,21,0.0,0.0,0.0,3.091042453358316,0,0.5027247956403269,0.0,0.0,75.13623978201633,High
1555,19.76,365,0,0.0,296.1,0.84,21,3.033028058297688,0.0,0.0,3.091042453358316,0,0.5027247956403269,0.0,0.0,75.13623978201633,High
1556,17.649,365,34,81.0,296.1,0.84,21,2.9257925253493093,3.5553480614894135,4.406719247264253,3.091042453358316,1,0.5027247956403269,0.00306690394153951,0.005375494071146245,74.93672278234725,High
1557,0.0,365,0,0.0,299.67,0.0,21,0.0,0.0,0.0,3.091042453358316,0,0.5027247956403269,0.0,0.0,75.13623978201633,High
1558,15.807,365,842,1144.0,296.1,0.84,21,2.8217954662944296,6.736966958001855,7.0431599159883405,3.091042453358316,1,0.5027247956403269,0.043315285297792584,0.13312252964426877,71.17433063019719,High
1559,0.0,365,0,0.0,299.67,0.0,21,0.0,0.0,0.0,3.091042453358316,0,0.5027247956403269,0.0,0.0,75.13623978201633,High
1560,23.6225,365,0,0.0,296.1,0.84,21,3.2036606590617205,0.0,0.0,3.091042453358316,0,0.5027247956403269,0.0,0.0,75.13623978201633,High
1561,20.3,365,0,0.0,299.67,0.0,21,3.0587070727153796,0.0,0.0,3.091042453358316,0,0.5027247956403269,0.0,0.0,75.13623978201633,High
1562,14.698,365,190,238.0,296.1,0.84,21,2.753533315704622,5.25227342804663,5.476463551931511,3.091042453358316,1,0.5027247956403269,0.009011396766498807,0.030039525691699605,74.26510736518739,High
1563,18.1656,365,0,0.0,296.1,0.84,21,2.9531170054126425,0.0,0.0,3.091042453358316,0,0.5027247956403269,0.0,0.0,75.13623978201633,High
1564,0.0,365,0,0.0,299.67,0.0,21,0.0,0.0,0.0,3.091042453358316,0,0.5027247956403269,0.0,0.0,75.13623978201633,High
1565,25.69,365,122,162.0,296.1,0.84,21,3.284288963416433,4.812184355372417,5.093750200806762,3.091042453358316,1,0.5027247956403269,0.00613380788307902,0.019288537549407115,74.56645479453583,High
1566,17.634,365,109,144.0,296.1,0.84,21,2.924987869028233,4.700480365792417,4.976733742420574,3.091042453358316,1,0.5027247956403269,0.005452273673848018,0.017233201581027667,74.62800754018035,High
1567,17.568,365,53,104.0,320.67,0.84,21,2.921439668972136,3.9889840465642745,4.653960350157523,3.091042453358316,1,0.5027247956403269,0.003937753208890235,0.008379446640316205,74.85051825294332,High
1568,20.45,365,180,389.0,549.72,1.44,36,3.065724645374026,5.198497031265826,5.966146739123692,3.6109179126442243,1,0.5027247956403269,0.014728711521714438,0.028458498023715414,74.1252084758906,High
1569,17.03,365,12,23.0,274.86,0.0,18,2.8920370372152258,2.5649493574615367,3.1780538303479458,2.9444389791664403,0,0.5027247956403269,0.000870849267350725,0.0018972332015810276,75.07216963996419,High
1570,0.0,365,0,0.0,641.34,0.0,42,0.0,0.0,0.0,3.7612001156935624,0,0.5027247956403269,0.0,0.0,75.13623978201633,High
1571,0.0,365,0,0.0,641.34,0.0,42,0.0,0.0,0.0,3.7612001156935624,0,0.5027247956403269,0.0,0.0,75.13623978201633,High
1572,16.201,365,162,447.0,641.34,1.68,42,2.844967521664254,5.093750200806762,6.104793232414985,3.7612001156935624,1,0.5027247956403269,0.01692476619590322,0.025612648221343872,74.11624383171237,High
1573,18.308,365,200,452.0,641.34,1.68,42,2.9605195177982466,5.303304908059076,6.115892125483034,3.7612001156935624,1,0.5027247956403269,0.017114081254022945,0.03162055335968379,73.99040627720198,High
1574,16.879,365,373,600.0,641.34,1.68,42,2.883626839769683,5.924255797414532,6.398594934535208,3.7612001156935624,1,0.5027247956403269,0.02271780697436674,0.05897233201581028,73.27525893246913,High
1575,17.039,365,754,1555.0,641.34,1.68,42,2.8925360807255416,6.626717749249025,7.349873704738337,3.7612001156935624,1,0.5027247956403269,0.058876983075233806,0.1192094861660079,70.98574056643918,High
1576,19.72,365,453,725.0,641.34,1.68,42,3.031099417391282,6.118097198041348,6.587550014824796,3.7612001156935624,1,0.5027247956403269,0.02745068342735981,0.0716205533596838,72.88030821200186,High
1577,14.658,365,490,910.0,641.34,1.68,42,2.7509819684857226,6.19644412779452,6.814542897259958,3.7612001156935624,1,0.5027247956403269,0.03445534057778956,0.0774703557312253,72.55317245005814,High
1578,0.0,365,0,0.0,320.67,0.0,21,0.0,0.0,0.0,3.091042453358316,0,0.5027247956403269,0.0,0.0,75.13623978201633,High
1579,0.0,365,0,0.0,641.34,0.0,42,0.0,0.0,0.0,3.7612001156935624,0,0.5027247956403269,0.0,0.0,75.13623978201633,High
1580,16.75,365,770,1980.0,641.34,1.68,42,2.8763855159214247,6.647688373563329,7.591357046698551,3.7612001156935624,1,0.5027247956403269,0.07496876301541025,0.12173913043478261,70.45239428285839,High
1581,19.483,365,106,197.0,320.67,0.84,21,3.0195952738185188,4.672828834461906,5.288267030694535,3.091042453358316,1,0.5027247956403269,0.00745901328991708,0.01675889328063241,74.57729151770619,High
1582,15.355,365,1172,3211.0,641.34,1.68,42,2.7945336609903473,7.067319848653476,8.074649075066652,3.7612001156935624,1,0.5027247956403269,0.12157813032448601,0.18529644268774703,67.78296701852682,High
1583,16.238,365,2713,7696.0,641.34,1.68,42,2.8471162492252073,7.906178840394815,8.948585921534317,3.7612001156935624,1,0.5027247956403269,0.2913937374578774,0.4289328063241107,57.81577153179781,Medium
1584,14.082,365,1346,2988.0,641.34,1.68,42,2.7135019797804554,7.205635176410364,8.002694162283937,3.7612001156935624,1,0.5027247956403269,0.11313467873234637,0.21280632411067193,67.48607293783252,High
1585,16.215,365,704,1584.0,641.34,1.68,42,2.8457810967904873,6.558197802812269,7.368339686311381,3.7612001156935624,1,0.5027247956403269,0.059975010412328195,0.11130434782608696,71.11090251312476,High
1586,19.267,365,263,496.0,641.34,1.68,42,3.008993947537176,5.575949103146316,6.208590026096629,3.7612001156935624,1,0.5027247956403269,0.018780053765476507,0.04158102766798419,73.74121761569236,High
1587,0.0,365,0,0.0,641.34,0.0,42,0.0,0.0,0.0,3.7612001156935624,0,0.5027247956403269,0.0,0.0,75.13623978201633,High
1588,0.0,365,0,0.0,641.34,0.0,42,0.0,0.0,0.0,3.7612001156935624,0,0.5027247956403269,0.0,0.0,75.13623978201633,High
1589,0.0,365,0,0.0,641.34,0.0,42,0.0,0.0,0.0,3.7612001156935624,0,0.5027247956403269,0.0,0.0,75.13623978201633,High
1590,20.251,365,1596,3991.0,641.34,1.68,42,3.0564039530867237,7.3758821482150125,8.292047637431354,3.7612001156935624,1,0.5027247956403269,0.15111127939116278,0.2523320158102767,65.55626108407593,Medium
1591,5.204,547,1324,2983.0,293.76,1.05,72,1.8251942453142924,7.1891677384203225,8.001019961323651,4.290459441148391,1,0.25476839237057225,0.11294536367422665,0.20932806324110673,55.163497443479685,Medium
1592,20.01,365,904,2159.0,641.34,1.68,42,3.044998514856909,6.807934943699926,7.67786350067821,3.7612001156935624,1,0.5027247956403269,0.08174624209609632,0.14292490118577075,69.82535449541804,High
1593,0.0,365,0,0.0,641.34,0.0,42,0.0,0.0,0.0,3.7612001156935624,0,0.5027247956403269,0.0,0.0,75.13623978201633,High
1594,14.941,365,532,786.0,641.34,1.68,42,2.7688944066515098,6.278521424165844,6.668228248417403,3.7612001156935624,1,0.5027247956403269,0.02976032713642043,0.08411067193675889,72.56121652918856,High
1595,0.0,365,0,0.0,549.72,0.0,36,0.0,0.0,0.0,3.6109179126442243,0,0.5027247956403269,0.0,0.0,75.13623978201633,High
1596,15.322,365,112,310.0,641.34,1.68,42,2.7925138910470513,4.727387818712341,5.739792912179234,3.7612001156935624,1,0.5027247956403269,0.011737533603422817,0.017707509881422924,74.42996357628519,High
1597,16.46,365,0,0.0,0.0,0.0,0,2.859912550411456,0.0,0.0,0.0,0,0.5027247956403269,0.0,0.0,75.13623978201633,High
1598,0.0,365,0,0.0,641.34,0.0,42,0.0,0.0,0.0,3.7612001156935624,0,0.5027247956403269,0.0,0.0,75.13623978201633,High
1599,18.282,365,65,99.0,341.67,0.98,21,2.959172018242189,4.189654742026425,4.605170185988092,3.091042453358316,1,0.5027247956403269,0.003748438150770512,0.010276679841897233,74.81825304065529,High
1600,20.738,365,249,442.0,621.72,1.8,36,3.079061881140995,5.521460917862246,6.093569770045136,3.6109179126442243,1,0.5027247956403269,0.0167354511377835,0.03936758893280633,73.84682446922672,High
1601,20.525,365,100,176.0,621.72,1.8,36,3.0692150503137943,4.61512051684126,5.176149732573829,3.6109179126442243,1,0.5027247956403269,0.006663890045814244,0.015810276679841896,74.62011754704507,High
1602,0.0,365,0,0.0,621.72,0.0,36,0.0,0.0,0.0,3.6109179126442243,0,0.5027247956403269,0.0,0.0,75.13623978201633,High
1603,22.4125,365,0,0.0,621.72,1.8,36,3.153270067770207,0.0,0.0,3.6109179126442243,0,0.5027247956403269,0.0,0.0,75.13623978201633,High
1604,19.534,365,42,126.0,621.72,1.8,36,3.022082048876773,3.7612001156935624,4.844187086458591,3.6109179126442243,1,0.5027247956403269,0.004770739464617015,0.0066403162055335965,74.86031127396716,High
1605,19.315,365,372,707.0,621.72,1.8,36,3.01135952943969,5.921578419643816,6.56244409369372,3.6109179126442243,1,0.5027247956403269,0.02676914921812881,0.058814229249011855,73.15688072049224,High
1606,21.115,365,309,735.0,621.72,1.8,36,3.09625611132029,5.736572297479192,6.601230118728877,3.6109179126442243,1,0.5027247956403269,0.027829313543599257,0.04885375494071146,73.32428527689414,High
1607,18.795,365,271,382.0,621.72,1.8,36,2.985429380558094,5.605802066295998,5.948034989180646,3.6109179126442243,1,0.5027247956403269,0.014463670440346825,0.04284584980237154,73.8454126727585,High
1608,25.24,365,44,50.0,621.72,1.8,36,3.267284964075888,3.8066624897703196,3.9318256327243257,3.6109179126442243,1,0.5027247956403269,0.0018931505811972285,0.006956521739130435,74.94031482979781,High
1609,0.0,365,0,0.0,621.72,0.0,36,0.0,0.0,0.0,3.6109179126442243,0,0.5027247956403269,0.0,0.0,75.13623978201633,High
1610,0.0,365,0,0.0,621.72,0.0,36,0.0,0.0,0.0,3.6109179126442243,0,0.5027247956403269,0.0,0.0,75.13623978201633,High
1611,0.0,365,0,0.0,657.72,0.0,36,0.0,0.0,0.0,3.6109179126442243,0,0.5027247956403269,0.0,0.0,75.13623978201633,High
1612,0.0,365,0,0.0,328.86,0.0,18,0.0,0.0,0.0,2.9444389791664403,0,0.5027247956403269,0.0,0.0,75.13623978201633,High
1613,19.42,365,22,29.0,657.72,0.0,36,3.01651481273652,3.1354942159291497,3.4011973816621555,3.6109179126442243,0,0.5027247956403269,0.0010980273370943924,0.0034782608695652175,75.0337337445122,High
1614,20.58,0,0,0.0,548.1,1.2,30,3.0717669598299886,0.0,0.0,3.4339872044851463,2,1.0,0.0,0.0,100.0,High
1615,16.57,0,0,0.0,548.1,0.0,30,2.866192902199006,0.0,0.0,3.4339872044851463,2,1.0,0.0,0.0,100.0,High
1616,0.0,0,0,0.0,548.1,0.0,30,0.0,0.0,0.0,3.4339872044851463,2,1.0,0.0,0.0,100.0,High
1617,26.21,0,0,0.0,548.1,0.0,30,3.303584552795155,0.0,0.0,3.4339872044851463,2,1.0,0.0,0.0,100.0,High
1618,20.74,0,0,0.0,548.1,1.2,30,3.0791538816930633,0.0,0.0,3.4339872044851463,2,1.0,0.0,0.0,100.0,High
1619,21.824,365,94,159.0,548.1,1.2,30,3.127812613911199,4.553876891600541,5.075173815233827,3.4339872044851463,1,0.5027247956403269,0.006020218848207187,0.014861660079051384,74.6584000149891,High
1620,22.236,365,162,241.0,548.1,1.2,30,3.145702800130286,5.093750200806762,5.488937726156687,3.4339872044851463,1,0.5027247956403269,0.00912498580137064,0.025612648221343872,74.35023724354835,High
1621,0.0,0,0,0.0,578.1,1.2,30,0.0,0.0,0.0,3.4339872044851463,2,1.0,0.0,0.0,100.0,High
1622,0.0,0,0,0.0,578.1,1.2,30,0.0,0.0,0.0,3.4339872044851463,2,1.0,0.0,0.0,100.0,High
1623,2.942,547,2785,6293.0,226.8,1.02,108,1.3716882087305284,7.932362154339751,8.747352077624353,4.6913478822291435,1,0.25476839237057225,0.23827193214948317,0.44031620553359685,46.78393754337218,Medium
1624,3.192,547,1732,3082.0,226.8,1.02,108,1.4331779470187411,7.457609289715606,8.03365842788615,4.6913478822291435,1,0.25476839237057225,0.11669380182499715,0.27383399209486164,53.76092572188147,Medium
1625,3.115,547,221,361.0,226.8,1.02,108,1.4146388341290332,5.402677381872279,5.8916442118257715,4.6913478822291435,1,0.25476839237057225,0.01366854719624399,0.03494071146245059,61.629548973392275,Medium
1626,3.105,547,5008,15897.0,226.8,1.02,108,1.4122057429043917,8.518991573357617,9.673948594133059,4.6913478822291435,1,0.25476839237057225,0.6019082957858468,0.7917786561264822,28.845597622423565,Low
1627,3.077,547,1408,2941.0,226.8,1.02,108,1.4053614238371164,7.25063551189868,7.9868449011613825,4.6913478822291435,1,0.25476839237057225,0.11135511718602098,0.22260869565217392,54.94559218990452,Medium
1628,3.234,547,983,1752.0,226.8,1.02,108,1.4431471727126735,6.891625897052253,7.469083884921234,4.6913478822291435,1,0.25476839237057225,0.06633599636515089,0.15541501976284586,57.64003933231716,Medium
1629,3.103,547,526,788.0,226.8,1.02,108,1.411718413460049,6.267200548541362,6.670766320845874,4.6913478822291435,1,0.25476839237057225,0.02983605315966832,0.08316205533596838,60.1800969170192,Medium
1630,2.887,547,1558,3151.0,226.8,1.02,108,1.3576376518700861,7.351799869057777,8.05579245097777,4.6913478822291435,1,0.25476839237057225,0.11930634962704934,0.24632411067193677,54.232746916278394,Medium
1631,2.88,547,1361,2392.0,226.8,1.02,108,1.355835153635182,7.216709486709457,7.780303087908373,4.6913478822291435,1,0.25476839237057225,0.09056832380447541,0.21517786561264823,55.71781259214139,Medium
1632,3.561,547,1785,3384.0,226.8,1.02,108,1.5175418977295634,7.487733761436444,8.127109185346375,4.6913478822291435,1,0.25476839237057225,0.12812843133542842,0.28221343873517785,53.2502979037622,Medium
1633,3.072,547,3267,6794.0,226.8,1.02,108,1.4041342792482217,8.091933455979893,8.823942326585245,4.6913478822291435,1,0.25476839237057225,0.2572413009730794,0.5165217391304348,44.69074580672754,Medium
1634,2.979,547,1937,3994.0,226.8,1.02,108,1.3810305314447917,7.569411792450712,8.292798858200374,4.6913478822291435,1,0.25476839237057225,0.1512248684260346,0.30624505928853757,52.07677237997682,Medium
1635,2.849,547,2317,4390.0,226.8,1.02,108,1.3478133743016092,7.748460023899697,8.387312270561717,4.6913478822291435,1,0.25476839237057225,0.16621862102911666,0.36632411067193676,50.42537877421638,Medium
1636,2.8,547,1820,3695.0,226.8,1.02,108,1.33500106673234,7.507141079727608,8.215006432761575,4.6913478822291435,1,0.25476839237057225,0.13990382795047518,0.28774703557312253,52.786364068551904,Medium
1637,2.933,547,4157,10751.0,226.8,1.02,108,1.3694024934496725,8.332789468417959,9.282847062762931,4.6913478822291435,1,0.25476839237057225,0.40706523796902805,0.6572332015810277,37.38179844783722,Medium
1638,3.67,547,2109,4368.0,226.8,1.02,108,1.541159071680806,7.6544432264701125,8.382289428951436,4.6913478822291435,1,0.25476839237057225,0.16538563477338988,0.3334387351778656,51.1080758717696,Medium
1639,3.08,547,401,811.0,226.8,1.02,108,1.4060969884160703,5.996452088619021,6.699500340161678,4.6913478822291435,1,0.25476839237057225,0.030706902427019046,0.06339920948616601,60.54922835599472,Medium
1640,2.78,547,393,879.0,226.8,1.02,108,1.3297240096314962,5.976350909297934,6.779921907472252,4.6913478822291435,1,0.25476839237057225,0.03328158721744728,0.062134387351778654,60.49728425496962,Medium
1641,3.014,547,2930,5623.0,226.8,1.02,108,1.3897882503741463,7.983098940710892,8.6347984334905,4.6913478822291435,1,0.25476839237057225,0.21290371436144032,0.4632411067193676,47.08648605329805,Medium
1642,2.736,547,1693,3295.0,226.8,1.02,108,1.3180155203665962,7.434847875211999,8.100464891029363,4.6913478822291435,1,0.25476839237057225,0.12475862330089735,0.2676679841897233,53.64230123570722,Medium
1643,3.3,547,512,819.0,226.8,1.02,108,1.4586150226995167,6.240275845170769,6.709304340258298,4.6913478822291435,1,0.25476839237057225,0.0310098065200106,0.08094861660079052,60.189153090912484,Medium
1644,2.999,547,1489,2952.0,226.8,1.02,108,1.3860443298646814,7.306531398939505,7.990576881743923,4.6913478822291435,1,0.25476839237057225,0.11177161031388437,0.23541501976284585,54.67697091385516,Medium
1645,2.608,547,3028,6975.0,226.8,1.02,108,1.2831536022003773,8.015987811027237,8.850230965588816,4.6913478822291435,1,0.25476839237057225,0.26409450607701335,0.47873517786561265,45.24088087890596,Medium
1646,3.04,547,1406,2882.0,226.8,1.02,108,1.3962446919730587,7.249215057114389,7.9665866976384025,4.6913478822291435,1,0.25476839237057225,0.10912119950020825,0.22229249011857707,55.01893383115082,Medium
1647,2.83,547,1343,2977.0,226.8,1.02,108,1.3428648031925547,7.203405521083095,7.999007213243955,4.6913478822291435,1,0.25476839237057225,0.11271818560448298,0.2123320158102767,55.11023373418858,Medium
1648,0.0,547,0,0.0,220.32,0.0,108,0.0,0.0,0.0,4.6913478822291435,0,0.25476839237057225,0.0,0.0,62.73841961852862,Medium
1649,2.722,547,186,299.0,220.32,0.0,108,1.314261158220059,5.231108616854587,5.703782474656201,4.6913478822291435,1,0.25476839237057225,0.011321040475559426,0.029407114624505928,61.81064611177172,Medium
1650,2.72,547,3111,6427.0,226.8,1.02,108,1.3137236682850553,8.043020885298283,8.768418726857403,4.6913478822291435,1,0.25476839237057225,0.24334557570709175,0.49185770750988145,45.600898197118234,Medium
1651,2.853,547,1551,3426.0,226.8,1.02,108,1.3488520656440206,7.347299700743164,8.139440521874608,4.6913478822291435,1,0.25476839237057225,0.12971867782363408,0.24521739130434783,53.942511457732635,Medium
1652,3.08,547,1244,2154.0,226.8,1.02,108,1.4060969884160703,7.126890808898808,7.675546002537848,4.6913478822291435,1,0.25476839237057225,0.0815569270379766,0.1966798418972332,56.35811496944465,Medium
1653,2.905,547,5793,22604.0,226.8,1.02,108,1.3622577832916491,8.664578178329295,10.025926399728705,4.6913478822291435,1,0.25476839237057225,0.855855514747643,0.9158893280632411,18.7449676148345,Low
1654,2.596,547,4907,13930.0,226.8,1.02,108,1.279822116609374,8.498621805830801,9.541871851706224,4.6913478822291435,1,0.25476839237057225,0.5274317519215478,0.7758102766798419,31.399261527285343,Low
1655,2.54,547,1854,3332.0,226.8,1.02,108,1.264126727145683,7.5256399750415355,8.11162807830774,4.6913478822291435,1,0.25476839237057225,0.1261595547309833,0.29312252964426877,53.09118238371373,Medium
1656,2.955,547,2317,5420.0,226.8,1.02,108,1.3749806012196173,7.748460023899697,8.598035579260339,4.6913478822291435,1,0.25476839237057225,0.20521752300177956,0.36632411067193676,49.25541171503649,Medium
1657,2.71,547,1611,3137.0,226.8,1.02,108,1.3110318766193438,7.385230923066573,8.051340933292979,4.6913478822291435,1,0.25476839237057225,0.1187762674643141,0.25470355731225297,54.08106044835414,Medium
1658,4.37,547,1317,2840.0,226.8,1.02,108,1.6808279085207734,7.183870715062453,7.951911381854188,4.6913478822291435,1,0.25476839237057225,0.10753095301200258,0.2082213438735178,55.34806415069817,Medium
1659,3.129,547,609,984.0,226.8,1.02,108,1.418035246903953,6.413458957167357,6.892641641172089,4.6913478822291435,1,0.25476839237057225,0.037257203437961454,0.09628458498023715,59.69501181578502,Medium
1660,3.26,547,1193,2210.0,226.8,1.02,108,1.449269160281279,7.085064293952548,7.701200180857446,4.6913478822291435,1,0.25476839237057225,0.0836772556889175,0.18861660079051384,56.45576993205081,Medium
1661,0.0,547,0,0.0,0.0,0.0,0,0.0,0.0,0.0,0.0,0,0.25476839237057225,0.0,0.0,62.73841961852862,Medium
1662,2.95,547,1120,1841.0,226.8,1.02,108,1.3737155789130306,7.02197642307216,7.518607216815252,4.6913478822291435,1,0.25476839237057225,0.06970580439968195,0.17707509881422925,57.10574351025357,Medium
1663,3.181,547,1163,2108.0,226.8,1.02,108,1.430550452374428,7.059617628291383,7.653969180478774,4.6913478822291435,1,0.25476839237057225,0.07981522850327515,0.18387351778656127,56.66649240769913,Medium
1664,3.01,547,0,0.0,226.8,1.02,108,1.3887912413184778,0.0,0.0,4.6913478822291435,0,0.25476839237057225,0.0,0.0,62.73841961852862,Medium
1665,2.833,547,923,1695.0,226.8,1.02,108,1.343647786398418,6.828712071641684,7.4360278163518485,4.6913478822291435,1,0.25476839237057225,0.06417780470258605,0.14592885375494072,57.894508402352216,Medium
1666,3.11,547,124,300.0,226.8,1.02,108,1.413423028508143,4.8283137373023015,5.707110264748875,4.6913478822291435,1,0.25476839237057225,0.01135890348718337,0.019604743083003952,62.00555765225303,Medium
1667,2.774,547,741,1678.0,226.8,1.02,108,1.3281354469463584,6.60934924316738,7.425953657077541,4.6913478822291435,1,0.25476839237057225,0.06353413350497898,0.11715415019762845,58.48931260942667,Medium
1668,3.115,547,176,455.0,226.8,1.02,108,1.4146388341290332,5.176149732573829,6.1224928095143865,4.6913478822291435,1,0.25476839237057225,0.01722767028889478,0.02782608695652174,61.665067770731326,Medium
1669,2.93,547,436,768.0,226.8,1.02,108,1.3686394258811698,6.07993319509559,6.645090969505644,4.6913478822291435,1,0.25476839237057225,0.02907879292718943,0.06893280632411067,60.48739970423072,Medium
1670,2.956,547,390,680.0,226.8,1.02,108,1.3752334137604656,5.968707559985366,6.523562306149512,4.6913478822291435,1,0.25476839237057225,0.025746847904282305,0.0616600790513834,60.732812600372476,Medium
1671,3.129,547,180,304.0,226.8,1.02,108,1.418035246903953,5.198497031265826,5.720311776607412,4.6913478822291435,1,0.25476839237057225,0.01151035553367915,0.028458498023715414,61.82393899204393,Medium
1672,3.898,547,188,335.0,226.8,1.02,108,1.588826958529976,5.241747015059643,5.817111159963204,4.6913478822291435,1,0.25476839237057225,0.012684108894021431,0.029723320158102768,61.76342994854591,Medium
1673,5.12,0,0,0.0,0.0,0.0,0,1.8115620965242347,0.0,0.0,0.0,2,1.0,0.0,0.0,100.0,High
1674,3.718,547,642,1258.0,226.8,1.02,108,1.5513849809854834,6.466144724237619,7.138073034044347,4.6913478822291435,1,0.25476839237057225,0.047631668622922264,0.10150197628458497,59.279430034149236,Medium
1675,3.503,547,2279,5341.0,226.8,1.02,108,1.5047438413194347,7.731930721948486,8.583355393669907,4.6913478822291435,1,0.25476839237057225,0.20222634508348794,0.36031620553359683,49.465305155352034,Medium
1676,3.095,547,2170,4877.0,226.8,1.02,108,1.409766717305033,7.682943169878292,8.492490578775866,4.6913478822291435,1,0.25476839237057225,0.18465790768997767,0.3430830039525692,50.337022308777904,Medium
1677,3.107,547,637,1208.0,226.8,1.02,108,1.4126928349744217,6.45833828334479,7.097548850614793,4.6913478822291435,1,0.25476839237057225,0.04573851804172504,0.10071146245059288,59.352034828265,Medium
1678,3.305,547,364,600.0,226.8,1.02,108,1.459777137879694,5.8998973535824915,6.398594934535208,4.6913478822291435,1,0.25476839237057225,0.02271780697436674,0.05754940711462451,60.905897267005116,Medium
1679,0.0,547,0,0.0,220.32,0.0,108,0.0,0.0,0.0,4.6913478822291435,0,0.25476839237057225,0.0,0.0,62.73841961852862,Medium
1680,3.18,547,199,270.0,226.8,1.02,108,1.430311246536665,5.298317366548036,5.602118820879701,4.6913478822291435,1,0.25476839237057225,0.010223013138465034,0.031462450592885376,61.802480212516954,Medium
1681,2.808,547,377,687.0,226.8,1.02,108,1.337104116929119,5.934894195619588,6.5337888379333435,4.6913478822291435,1,0.25476839237057225,0.02601188898564992,0.05960474308300395,60.765968087299036,Medium
1682,2.99,547,2165,5614.0,226.8,1.02,108,1.3837912309017721,7.680637427560936,8.633196867172543,4.6913478822291435,1,0.25476839237057225,0.2125629472568248,0.3422924901185771,49.51568139845233,Medium
1683,2.88,547,159,400.0,226.8,1.02,108,1.355835153635182,5.075173815233827,5.993961427306569,4.6913478822291435,1,0.25476839237057225,0.015145204649577828,0.025138339920948615,61.78129668062231,Medium
1684,3.37,547,201,351.0,226.8,1.02,108,1.4747630091074988,5.308267697401205,5.863631175598097,4.6913478822291435,1,0.25476839237057225,0.013289917080004543,0.031778656126482216,61.70414898359883,Medium
1685,4.55,547,0,0.0,220.32,0.0,108,1.713797927758343,0.0,0.0,4.6913478822291435,0,0.25476839237057225,0.0,0.0,62.73841961852862,Medium
1686,3.34,547,120,267.0,226.8,1.02,108,1.4678743481123135,4.795790545596741,5.5909869805108565,4.6913478822291435,1,0.25476839237057225,0.0101094241035932,0.018972332015810278,62.055690255104615,Medium
1687,3.21,547,957,1683.0,226.8,1.02,108,1.43746264769429,6.86484777797086,7.428927194802272,4.6913478822291435,1,0.25476839237057225,0.06372344856309871,0.15130434782608695,57.80062920511391,Medium
1688,3.41,547,524,871.0,220.32,0.0,108,1.4838746894587547,6.263398262591624,6.77078942390898,4.6913478822291435,1,0.25476839237057225,0.03297868312445572,0.08284584980237154,60.09214212874752,Medium
1689,3.061,547,715,1242.0,226.8,1.02,108,1.4014292487041606,6.573680166960646,7.1252830915107115,4.6913478822291435,1,0.25476839237057225,0.047025860436939154,0.11304347826086956,59.066774240203046,Medium
1690,3.03,547,0,0.0,220.32,0.0,108,1.3937663759585914,0.0,0.0,4.6913478822291435,0,0.25476839237057225,0.0,0.0,62.73841961852862,Medium
1691,0.0,0,0,0.0,0.0,0.0,0,0.0,0.0,0.0,0.0,2,1.0,0.0,0.0,100.0,High
1692,4.575,0,0,0.0,0.0,0.0,0,1.7182923173461826,0.0,0.0,0.0,2,1.0,0.0,0.0,100.0,High
1693,3.93,0,0,0.0,0.0,0.0,0,1.5953389880545987,0.0,0.0,0.0,2,1.0,0.0,0.0,100.0,High
1694,3.55,0,1,18.0,266.4,1.02,108,1.5151272329628591,0.6931471805599453,2.9444389791664403,4.6913478822291435,2,1.0,0.0006815342092310022,0.00015810276679841898,99.97639191838711,High
1695,4.7,0,0,0.0,0.0,0.0,108,1.7404661748405046,0.0,0.0,4.6913478822291435,2,1.0,0.0,0.0,100.0,High
1696,0.0,0,0,0.0,0.0,0.0,0,0.0,0.0,0.0,0.0,2,1.0,0.0,0.0,100.0,High
1697,5.423,547,1426,2442.0,277.56,1.02,108,1.8598852982756555,7.2633296174768365,7.8009820712577405,4.6913478822291435,1,0.25476839237057225,0.09246147438567263,0.22545454545454546,55.45548447786752,Medium
1698,3.865,547,431,968.0,277.56,1.02,108,1.5820667156379684,6.068425588244111,6.876264611890766,4.6913478822291435,1,0.25476839237057225,0.036651395251978344,0.06814229249011858,60.276031911166896,Medium
1699,0.0,365,0,0.0,730.8,0.0,36,0.0,0.0,0.0,3.6109179126442243,0,0.5027247956403269,0.0,0.0,75.13623978201633,High
1700,24.825,365,112,378.0,730.8,1.8,36,3.2513430150057023,4.727387818712341,5.937536205082426,3.6109179126442243,1,0.5027247956403269,0.014312218393851047,0.017707509881422924,74.35272303257236,High
1701,18.016,365,373,723.0,730.8,1.8,36,2.9452807300578927,5.924255797414532,6.584791392385716,3.6109179126442243,1,0.5027247956403269,0.027374957404111923,0.05897233201581028,73.13554441957679,High
1702,0.0,365,0,0.0,730.8,0.0,36,0.0,0.0,0.0,3.6109179126442243,0,0.5027247956403269,0.0,0.0,75.13623978201633,High
1703,14.96,365,24,45.0,730.8,1.8,36,2.7700855920216627,3.2188758248682006,3.828641396489095,3.6109179126442243,1,0.5027247956403269,0.0017038355230775057,0.003794466403162055,75.00923538826078,High
1704,21.478,365,447,858.0,730.8,1.8,36,3.112537053096075,6.104793232414985,6.755768921984255,3.6109179126442243,1,0.5027247956403269,0.03248646397334444,0.07067193675889329,72.74820712763814,High
1705,20.015,365,440,833.0,730.8,1.8,36,3.04523646845708,6.089044875446846,6.726233402358747,3.6109179126442243,1,0.5027247956403269,0.03153988868274583,0.06956521739130435,72.79873877370788,High
1706,0.0,365,0,0.0,730.8,0.0,36,0.0,0.0,0.0,3.6109179126442243,0,0.5027247956403269,0.0,0.0,75.13623978201633,High
1707,0.0,365,0,0.0,730.8,0.0,36,0.0,0.0,0.0,3.6109179126442243,0,0.5027247956403269,0.0,0.0,75.13623978201633,High
1708,21.845,365,1172,2203.0,730.8,1.8,36,3.128732275015235,7.067319848653476,7.698029170272805,3.6109179126442243,1,0.5027247956403269,0.08341221460754988,0.18529644268774703,68.9279444900349,High
1709,27.3125,365,0,0.0,730.8,0.0,36,3.3433034032432527,0.0,0.0,3.6109179126442243,0,0.5027247956403269,0.0,0.0,75.13623978201633,High
1710,0.0,365,0,0.0,730.8,0.0,36,0.0,0.0,0.0,3.6109179126442243,0,0.5027247956403269,0.0,0.0,75.13623978201633,High
1711,26.54,365,492,794.0,730.8,1.8,36,3.315639493300509,6.20050917404269,6.678342114654332,3.6109179126442243,1,0.5027247956403269,0.03006323122941199,0.07778656126482214,72.67861161983753,High
1712,21.37,365,0,0.0,730.8,1.8,36,3.107720775502038,0.0,0.0,3.6109179126442243,0,0.5027247956403269,0.0,0.0,75.13623978201633,High
1713,18.804,365,908,1501.0,730.8,1.8,36,2.9858839374991764,6.812345094177479,7.31455283232408,3.6109179126442243,1,0.5027247956403269,0.0568323804475408,0.14355731225296442,70.56012212353082,High
1714,20.296,365,135,274.0,730.8,1.8,36,3.058519261652756,4.912654885736052,5.616771097666572,3.6109179126442243,1,0.5027247956403269,0.010374465184960812,0.021343873517786563,74.3981283561118,High
1715,23.691,365,197,286.0,730.8,1.8,36,3.2064388047645176,5.288267030694535,5.659482215759621,3.6109179126442243,1,0.5027247956403269,0.010828821324448146,0.03114624505928854,74.18845024109713,High
1716,24.502,365,305,505.0,730.8,1.8,36,3.23875688046135,5.723585101952381,6.226536669287466,3.6109179126442243,1,0.5027247956403269,0.019120820870092006,0.048221343873517786,73.59818827844323,High
1717,4.253,547,635,1032.0,221.04,1.05,72,1.6587993419718245,6.455198563340122,6.940222469119639,4.290459441148391,1,0.25476839237057225,0.03907462799591079,0.10039525691699605,59.55827564031138,Medium
1718,0.0,547,0,0.0,0.0,0.0,0,0.0,0.0,0.0,0.0,0,0.25476839237057225,0.0,0.0,62.73841961852862,Medium
1719,0.0,547,0,0.0,0.0,0.0,0,0.0,0.0,0.0,0.0,0,0.25476839237057225,0.0,0.0,62.73841961852862,Medium
1720,4.303,547,184,263.0,221.04,1.05,72,1.668272698154993,5.220355825078324,5.575949103146316,4.290459441148391,1,0.25476839237057225,0.009957972057097421,0.02909090909090909,61.85786227499751,Medium
1721,0.0,547,0,0.0,0.0,0.0,0,0.0,0.0,0.0,0.0,0,0.25476839237057225,0.0,0.0,62.73841961852862,Medium
1722,4.04,547,409,839.0,221.04,1.05,72,1.6174060820832772,6.016157159698354,6.733401891837359,4.290459441148391,1,0.25476839237057225,0.03176706675248949,0.06466403162055336,60.49212698354286,Medium
1723,0.0,547,0,0.0,0.0,0.0,0,0.0,0.0,0.0,0.0,0,0.25476839237057225,0.0,0.0,62.73841961852862,Medium
1724,4.309,547,1134,2246.0,221.04,1.05,72,1.6694034936015345,7.034387929915503,7.717351272185329,4.290459441148391,1,0.25476839237057225,0.0850403241073795,0.1792885375494071,56.60143914431907,Medium
1725,4.456,547,617,1060.0,221.04,1.05,72,1.696715920541161,6.42648845745769,6.966967138613983,4.290459441148391,1,0.25476839237057225,0.040134792321381244,0.09754940711462451,59.58338770659468,Medium
1726,4.79,547,166,303.0,221.04,1.05,72,1.7561322915849038,5.117993812416755,5.717027701406222,4.290459441148391,1,0.25476839237057225,0.011472492522055204,0.02624505928853755,61.86934365709621,Medium
1727,4.48,547,1,1.0,221.04,0.0,72,1.7011051009599243,0.6931471805599453,0.6931471805599453,4.290459441148391,0,0.25476839237057225,3.786301162394457e-05,0.00015810276679841898,62.734121672843926,Medium
1728,0.0,547,0,0.0,0.0,0.0,0,0.0,0.0,0.0,0.0,0,0.25476839237057225,0.0,0.0,62.73841961852862,Medium
1729,0.0,547,0,0.0,0.0,0.0,0,0.0,0.0,0.0,0.0,0,0.25476839237057225,0.0,0.0,62.73841961852862,Medium
1730,0.0,547,0,0.0,0.0,0.0,0,0.0,0.0,0.0,0.0,0,0.25476839237057225,0.0,0.0,62.73841961852862,Medium
1731,0.0,547,0,0.0,0.0,0.0,0,0.0,0.0,0.0,0.0,0,0.25476839237057225,0.0,0.0,62.73841961852862,Medium
1732,5.1,547,0,0.0,221.04,1.05,72,1.8082887711792655,0.0,0.0,4.290459441148391,0,0.25476839237057225,0.0,0.0,62.73841961852862,Medium
1733,4.942,547,355,594.0,221.04,1.05,72,1.782045777040416,5.87493073085203,6.38856140554563,4.290459441148391,1,0.25476839237057225,0.022490628904623073,0.05612648221343874,60.94117110712115,Medium
1734,4.61,547,173,320.0,221.04,1.05,72,1.724550719534605,5.159055299214529,5.771441123130016,4.290459441148391,1,0.25476839237057225,0.012116163719662261,0.027351778656126483,61.82789913381621,Medium
1735,4.321,547,441,849.0,221.04,1.05,72,1.6716612556142323,6.091309882077698,6.745236349484363,4.290459441148391,1,0.25476839237057225,0.03214569686872894,0.06972332015810277,60.379582309304695,Medium
1736,4.642,547,153,268.0,221.04,1.05,72,1.7302386125798046,5.0369526024136295,5.594711379601839,4.290459441148391,1,0.25476839237057225,0.010147287115217144,0.0241897233201581,61.95020653866894,Medium
1737,5.42,0,0,0.0,0.0,0.0,0,1.8594181177018698,0.0,0.0,0.0,2,1.0,0.0,0.0,100.0,High
1738,0.0,547,0,0.0,0.0,0.0,0,0.0,0.0,0.0,0.0,0,0.25476839237057225,0.0,0.0,62.73841961852862,Medium
1739,0.0,547,0,0.0,0.0,0.0,0,0.0,0.0,0.0,0.0,0,0.25476839237057225,0.0,0.0,62.73841961852862,Medium
1740,0.0,547,0,0.0,0.0,0.0,0,0.0,0.0,0.0,0.0,0,0.25476839237057225,0.0,0.0,62.73841961852862,Medium
1741,4.87,547,735,1095.0,221.04,1.05,72,1.7698546338400052,6.601230118728877,6.999422467507961,4.290459441148391,1,0.25476839237057225,0.0414599977282193,0.11620553359683794,59.17050901474528,Medium
1742,0.0,547,0,0.0,0.0,0.0,0,0.0,0.0,0.0,0.0,0,0.25476839237057225,0.0,0.0,62.73841961852862,Medium
1743,5.8875,547,0,0.0,0.0,0.0,0,1.929708174479033,0.0,0.0,0.0,0,0.25476839237057225,0.0,0.0,62.73841961852862,Medium
1744,4.635,547,153,397.0,221.04,1.05,72,1.7289971474917396,5.0369526024136295,5.986452005284438,4.290459441148391,1,0.25476839237057225,0.015031615614705994,0.0241897233201581,61.80367668368427,Medium
1745,0.0,547,0,0.0,0.0,0.0,0,0.0,0.0,0.0,0.0,0,0.25476839237057225,0.0,0.0,62.73841961852862,Medium
1746,5.7125,547,0,0.0,0.0,0.0,0,1.903971459834983,0.0,0.0,0.0,0,0.25476839237057225,0.0,0.0,62.73841961852862,Medium
1747,4.16,547,49,96.0,221.04,1.05,72,1.6409365794934714,3.912023005428146,4.574710978503383,4.290459441148391,1,0.25476839237057225,0.0036348491158986786,0.00774703557312253,62.474433433589205,Medium
1748,4.54,547,0,0.0,0.0,0.0,0,1.7119945007591924,0.0,0.0,0.0,0,0.25476839237057225,0.0,0.0,62.73841961852862,Medium
1749,4.04,547,9,60.0,221.04,1.05,72,1.6174060820832772,2.302585092994046,4.110873864173311,4.290459441148391,0,0.25476839237057225,0.002271780697436674,0.0014229249011857706,62.6418076995818,Medium
1750,0.0,547,0,0.0,0.0,0.0,0,0.0,0.0,0.0,0.0,0,0.25476839237057225,0.0,0.0,62.73841961852862,Medium
1751,4.73,547,0,0.0,221.04,1.05,72,1.7457155307266483,0.0,0.0,4.290459441148391,0,0.25476839237057225,0.0,0.0,62.73841961852862,Medium
1752,4.325,547,0,0.0,221.04,1.05,72,1.6724127115954888,0.0,0.0,4.290459441148391,0,0.25476839237057225,0.0,0.0,62.73841961852862,Medium
1753,4.24,547,0,0.0,221.04,1.05,72,1.6563214983329508,0.0,0.0,4.290459441148391,0,0.25476839237057225,0.0,0.0,62.73841961852862,Medium
1754,4.76,547,0,0.0,221.04,1.05,72,1.7509374747078,0.0,0.0,4.290459441148391,0,0.25476839237057225,0.0,0.0,62.73841961852862,Medium
1755,4.74,547,0,0.0,221.04,1.05,72,1.747459210331475,0.0,0.0,4.290459441148391,0,0.25476839237057225,0.0,0.0,62.73841961852862,Medium
1756,0.0,547,0,0.0,0.0,0.0,0,0.0,0.0,0.0,0.0,0,0.25476839237057225,0.0,0.0,62.73841961852862,Medium
1757,8.82,547,550,1059.0,221.04,1.05,72,2.2844211223663744,6.311734809152915,6.966024187106113,4.290459441148391,1,0.25476839237057225,0.0400969293097573,0.08695652173913043,59.796381304453284,Medium
1758,4.866,547,555,1036.0,261.54,1.05,72,1.7691729705552592,6.320768294250582,6.9440872082295275,4.290459441148391,1,0.25476839237057225,0.039226080042406575,0.08774703557312254,59.806696505793965,Medium
1759,4.532,547,189,314.0,261.54,1.05,72,1.7105494138025117,5.247024072160486,5.752572638825633,4.290459441148391,1,0.25476839237057225,0.011888985649918594,0.029881422924901185,61.78412159053303,Medium
1760,4.422,547,354,682.0,261.54,1.05,72,1.6904647510764736,5.872117789475416,6.52649485957079,4.290459441148391,1,0.25476839237057225,0.025822573927530196,0.055968379446640314,60.844374811769896,Medium
1761,5.092,547,1028,1967.0,261.54,1.05,72,1.8069764350329154,6.9363427358340495,7.584773077612199,4.290459441148391,1,0.25476839237057225,0.07447654386429897,0.1625296442687747,57.253530417224155,Medium
1762,0.0,547,0,0.0,0.0,0.0,0,0.0,0.0,0.0,0.0,0,0.25476839237057225,0.0,0.0,62.73841961852862,Medium
1763,4.69,547,623,1018.0,261.54,1.05,72,1.7387102481382397,6.436150368369428,6.926577033222725,4.290459441148391,1,0.25476839237057225,0.03854454583317557,0.09849802371541502,59.61212276922505,Medium
1764,5.82,547,393,654.0,261.54,1.05,72,1.9198594718553708,5.976350909297934,6.484635235635252,4.290459441148391,1,0.25476839237057225,0.02476240960205975,0.062134387351778654,60.75285958343125,Medium
1765,0.0,547,0,0.0,0.0,0.0,0,0.0,0.0,0.0,0.0,0,0.25476839237057225,0.0,0.0,62.73841961852862,Medium
1766,5.3613,547,0,0.0,0.0,0.0,0,1.850232758980406,0.0,0.0,0.0,0,0.25476839237057225,0.0,0.0,62.73841961852862,Medium
1767,4.948,547,214,464.0,261.54,1.05,72,1.7830550285979088,5.3706380281276624,6.142037405587356,4.290459441148391,1,0.25476839237057225,0.01756843739351028,0.03383399209486166,61.53468665482607,Medium
1768,4.625,547,779,1199.0,261.54,1.05,72,1.7272209480904839,6.659293919683638,7.090076835776092,4.290459441148391,1,0.25476839237057225,0.045397750937109536,0.12316205533596838,58.91324598369596,Medium
1769,4.718,547,1062,1904.0,261.54,1.05,72,1.7436190939001202,6.968850378341948,7.552237287560802,4.290459441148391,1,0.25476839237057225,0.07209117413199045,0.16790513833992096,57.21758162777048,Medium
1770,0.0,547,0,0.0,0.0,0.0,0,0.0,0.0,0.0,0.0,0,0.25476839237057225,0.0,0.0,62.73841961852862,Medium
1771,4.818,547,426,654.0,261.54,1.05,72,1.7609565600730097,6.056784013228625,6.484635235635252,4.290459441148391,1,0.25476839237057225,0.02476240960205975,0.06735177865612649,60.648511757344295,Medium
1772,5.344,547,290,492.0,261.54,1.05,72,1.8475094843325468,5.673323267171493,6.20050917404269,4.290459441148391,1,0.25476839237057225,0.018628601718980727,0.0458498023715415,61.26256551952836,Medium
1773,0.0,547,0,0.0,0.0,0.0,0,0.0,0.0,0.0,0.0,0,0.25476839237057225,0.0,0.0,62.73841961852862,Medium
1774,0.0,547,0,0.0,0.0,0.0,0,0.0,0.0,0.0,0.0,0,0.25476839237057225,0.0,0.0,62.73841961852862,Medium
1775,4.837,547,408,913.0,261.54,1.05,72,1.764216966221654,6.013715156042802,6.81783057145415,4.290459441148391,1,0.25476839237057225,0.03456892961266139,0.06450592885375495,60.41123315307366,Medium
1776,5.138,547,602,954.0,261.54,1.05,72,1.8144989561975444,6.401917196727186,6.86171134048073,4.290459441148391,1,0.25476839237057225,0.036121313089243115,0.09517786561264822,59.751222913598355,Medium
1777,0.0,547,0,0.0,0.0,0.0,0,0.0,0.0,0.0,0.0,0,0.25476839237057225,0.0,0.0,62.73841961852862,Medium
1778,0.0,547,0,0.0,0.0,0.0,0,0.0,0.0,0.0,0.0,0,0.25476839237057225,0.0,0.0,62.73841961852862,Medium
1779,0.0,547,0,0.0,0.0,0.0,0,0.0,0.0,0.0,0.0,0,0.25476839237057225,0.0,0.0,62.73841961852862,Medium
1780,5.0,547,0,0.0,0.0,0.0,0,1.791759469228055,0.0,0.0,0.0,0,0.25476839237057225,0.0,0.0,62.73841961852862,Medium
1781,0.0,547,0,0.0,261.54,1.05,72,0.0,0.0,0.0,4.290459441148391,0,0.25476839237057225,0.0,0.0,62.73841961852862,Medium
1782,4.943,547,623,994.0,261.54,1.05,72,1.7822140563845235,6.436150368369428,6.902742737158593,4.290459441148391,1,0.25476839237057225,0.0376358335542009,0.09849802371541502,59.639384137594284,Medium
1783,6.471,547,880,1138.0,261.54,1.05,72,2.0110288589936642,6.78105762593618,7.037905963447182,4.290459441148391,1,0.25476839237057225,0.04308810722804892,0.1391304347826087,58.66316770603497,Medium
1784,5.09,547,588,938.0,261.54,1.05,72,1.8066480817218056,6.3784261836515865,6.844815479208263,4.290459441148391,1,0.25476839237057225,0.035515504903260005,0.09296442687747035,59.81366593388141,Medium
1785,0.0,547,0,0.0,0.0,0.0,0,0.0,0.0,0.0,0.0,0,0.25476839237057225,0.0,0.0,62.73841961852862,Medium
1786,4.923,547,1359,2375.0,261.54,1.05,72,1.778843077294828,7.215239978730097,7.773173680482536,4.290459441148391,1,0.25476839237057225,0.08992465260686835,0.2148616600790514,55.74344683874154,Medium
1787,0.0,547,0,0.0,0.0,0.0,0,0.0,0.0,0.0,0.0,0,0.25476839237057225,0.0,0.0,62.73841961852862,Medium
1788,0.0,547,0,0.0,293.76,0.0,72,0.0,0.0,0.0,4.290459441148391,0,0.25476839237057225,0.0,0.0,62.73841961852862,Medium
1789,5.561,547,1477,2833.0,293.76,1.05,72,1.8811430303627406,7.298445101508147,7.949444420250626,4.290459441148391,1,0.25476839237057225,0.10726591193063496,0.23351778656126482,54.85008652938427,Medium
1790,5.41,547,589,1031.0,293.76,1.05,72,1.8578592709325787,6.380122536899765,6.939253946041508,4.290459441148391,1,0.25476839237057225,0.03903676498428685,0.09312252964426877,59.70486607611463,Medium
1791,5.557,547,1309,2078.0,293.76,1.05,72,1.8805331812814825,7.177782416195197,7.639642287858013,4.290459441148391,1,0.25476839237057225,0.07867933815455681,0.20695652173913043,56.238909039109295,Medium
1792,0.0,547,0,0.0,293.76,0.0,72,0.0,0.0,0.0,4.290459441148391,0,0.25476839237057225,0.0,0.0,62.73841961852862,Medium
1793,0.0,547,0,0.0,293.76,0.0,72,0.0,0.0,0.0,4.290459441148391,0,0.25476839237057225,0.0,0.0,62.73841961852862,Medium
1794,5.674,547,881,1287.0,293.76,1.05,72,1.8982193803291822,6.782192056006791,7.160845906664299,4.290459441148391,1,0.25476839237057225,0.04872969596001666,0.13928853754940712,58.49075798873997,Medium
1795,5.353,547,334,665.0,293.76,1.05,72,1.8489271422843963,5.814130531825066,6.501289670540389,4.290459441148391,1,0.25476839237057225,0.02517890272992314,0.05280632411067194,60.92692605441747,Medium
1796,5.212,547,616,1223.0,293.76,1.05,72,1.8264829052864406,6.424869023905388,7.1098794630722715,4.290459441148391,1,0.25476839237057225,0.046306463216084205,0.09739130434782609,59.40139963508957,Medium
1797,6.31,547,858,1456.0,293.76,1.05,72,1.9892432737616872,6.755768921984255,7.284134806195205,4.290459441148391,1,0.25476839237057225,0.05512854492446329,0.1356521739130435,58.371519792533846,Medium
1798,5.552,547,462,1287.0,293.76,1.05,72,1.8797703465507682,6.137727054086234,7.160845906664299,4.290459441148391,1,0.25476839237057225,0.04872969596001666,0.07304347826086957,59.81565917451073,Medium
1799,5.647,547,404,824.0,293.76,1.05,72,1.8941656250594447,6.003887067106539,6.715383386334681,4.290459441148391,1,0.25476839237057225,0.031199121578130325,0.06387351778656127,60.52497561545348,Medium
1800,0.0,547,0,0.0,293.76,0.0,72,0.0,0.0,0.0,4.290459441148391,0,0.25476839237057225,0.0,0.0,62.73841961852862,Medium
1801,0.0,547,0,0.0,293.76,0.0,72,0.0,0.0,0.0,4.290459441148391,0,0.25476839237057225,0.0,0.0,62.73841961852862,Medium
1802,4.784,547,475,885.0,293.76,1.05,72,1.7550954848564635,6.16541785423142,6.786716950605081,4.290459441148391,1,0.25476839237057225,0.03350876528719094,0.07509881422924901,60.23118037532791,Medium
1803,4.789,547,1156,1996.0,293.76,1.05,72,1.7559595650968676,7.053585727193677,7.599401333415815,4.290459441148391,1,0.25476839237057225,0.07557457120139335,0.18276679841897234,56.81584651410736,Medium
1804,5.47,547,257,331.0,293.76,1.05,72,1.8671761085128091,5.552959584921617,5.805134968916488,4.290459441148391,1,0.25476839237057225,0.012532656847525652,0.040632411067193674,61.54979169175897,Medium
1805,5.62,547,985,1854.0,293.76,1.05,72,1.890095369948917,6.893656354602635,7.5256399750415355,4.290459441148391,1,0.25476839237057225,0.07019802355079323,0.15573122529644268,57.51785440607596,Medium
1806,0.0,547,0,0.0,293.76,0.0,72,0.0,0.0,0.0,4.290459441148391,0,0.25476839237057225,0.0,0.0,62.73841961852862,Medium
1807,5.241,547,508,974.0,293.76,1.05,72,1.831140425951906,6.2324480165505225,6.882437470997847,4.290459441148391,1,0.25476839237057225,0.03687857332172201,0.08031620553359684,60.025738308205014,Medium
1808,6.203,547,164,320.0,293.76,1.05,72,1.974497605907226,5.10594547390058,5.771441123130016,4.290459441148391,1,0.25476839237057225,0.012116163719662261,0.025928853754940712,61.856357631839934,Medium
1809,5.314,547,826,1358.0,293.76,1.05,72,1.8427693901358,6.717804695023691,7.214504414151143,4.290459441148391,1,0.25476839237057225,0.05141796978531672,0.13059288537549407,58.58402281745923,Medium
1810,5.294,547,2754,5918.0,293.76,1.05,72,1.839596798642215,7.9211727215870145,8.685922794690725,4.290459441148391,1,0.25476839237057225,0.22407330279050397,0.43541501976284586,47.30792013955657,Medium
1811,4.38,547,145,385.0,293.76,1.05,72,1.682688374173693,4.983606621708336,5.955837369464831,4.290459441148391,1,0.25476839237057225,0.014577259475218658,0.02292490118577075,61.84260381055664,Medium
1812,0.0,547,0,0.0,293.76,0.0,72,0.0,0.0,0.0,4.290459441148391,0,0.25476839237057225,0.0,0.0,62.73841961852862,Medium
1813,5.425,547,244,360.0,293.76,1.05,72,1.8601966307812834,5.501258210544727,5.8888779583328805,4.290459441148391,1,0.25476839237057225,0.013630684184620045,0.03857707509881423,61.557957591013725,Medium
1814,5.447,547,318,465.0,293.76,1.05,72,1.863614906328483,5.765191102784844,6.144185634125646,4.290459441148391,1,0.25476839237057225,0.017606300405134223,0.05027667984189723,61.20469700953664,Medium
1815,0.0,547,0,0.0,293.76,0.0,72,0.0,0.0,0.0,4.290459441148391,0,0.25476839237057225,0.0,0.0,62.73841961852862,Medium
1816,21.27,547,0,0.0,293.76,0.0,72,3.1032404812692764,0.0,0.0,4.290459441148391,0,0.25476839237057225,0.0,0.0,62.73841961852862,Medium
1817,5.058,547,1724,3165.0,293.76,1.05,72,1.8013797126050455,7.45298232946546,8.060224240440958,4.290459441148391,1,0.25476839237057225,0.11983643178978456,0.2725691699604743,53.69194326562558,Medium
1818,5.93,547,399,491.0,293.76,1.05,72,1.9358598132018119,5.991464547107982,6.198478716492308,4.290459441148391,1,0.25476839237057225,0.018590738707356783,0.06308300395256917,60.919037378256526,Medium
1819,0.0,547,0,0.0,293.76,0.0,72,0.0,0.0,0.0,4.290459441148391,0,0.25476839237057225,0.0,0.0,62.73841961852862,Medium
1820,6.138,547,1356,2489.0,293.76,1.05,72,1.9654326250679686,7.213031659834869,7.820037989458753,4.290459441148391,1,0.25476839237057225,0.09424103593199804,0.21438735177865612,55.623441504995554,Medium
1821,5.1,547,1,1.0,293.76,1.05,72,1.8082887711792655,0.6931471805599453,0.6931471805599453,4.290459441148391,0,0.25476839237057225,3.786301162394457e-05,0.00015810276679841898,62.734121672843926,Medium
1822,5.238,547,518,881.0,293.76,1.05,72,1.8306596181856116,6.251903883165888,6.782192056006791,4.290459441148391,1,0.25476839237057225,0.033357313240695165,0.08189723320158103,60.09975555727613,Medium
1823,0.0,547,0,0.0,293.76,0.0,72,0.0,0.0,0.0,4.290459441148391,0,0.25476839237057225,0.0,0.0,62.73841961852862,Medium
1824,5.08,547,1,1.0,293.76,1.05,72,1.8050046959780757,0.6931471805599453,0.6931471805599453,4.290459441148391,0,0.25476839237057225,3.786301162394457e-05,0.00015810276679841898,62.734121672843926,Medium
1825,5.31,547,505,749.0,293.76,1.05,72,1.8421356765531218,6.226536669287466,6.620073206530356,4.290459441148391,1,0.25476839237057225,0.028359395706334483,0.07984189723320158,60.29079980267454,Medium
1826,0.0,547,0,0.0,293.76,0.0,72,0.0,0.0,0.0,4.290459441148391,0,0.25476839237057225,0.0,0.0,62.73841961852862,Medium
1827,0.0,0,0,0.0,0.0,0.0,0,0.0,0.0,0.0,0.0,2,1.0,0.0,0.0,100.0,High
1828,4.564,547,2198,4567.0,293.76,1.05,72,1.7163172740611965,7.695757990554761,8.426830751335846,4.290459441148391,1,0.25476839237057225,0.17292037408655483,0.3475098814229249,50.60061076747346,Medium
1829,0.0,0,0,0.0,0.0,1.19,72,0.0,0.0,0.0,4.290459441148391,2,1.0,0.0,0.0,100.0,High
1830,5.623,547,264,552.0,293.76,1.05,72,1.8905484395028425,5.579729825986222,6.315358001522335,4.290459441148391,1,0.25476839237057225,0.020900382416417403,0.04173913043478261,61.276625537340436,Medium
1831,0.0,547,0,0.0,293.76,0.0,72,0.0,0.0,0.0,4.290459441148391,0,0.25476839237057225,0.0,0.0,62.73841961852862,Medium
1832,6.06,547,146,279.0,293.76,0.0,72,1.9544450515051506,4.990432586778736,5.634789603169249,4.290459441148391,1,0.25476839237057225,0.010563780243080535,0.02308300395256917,61.959846132184815,Medium
1833,4.89,547,354,726.0,293.76,1.05,72,1.7732559976634952,5.872117789475416,6.588926477533519,4.290459441148391,1,0.25476839237057225,0.027488546438983758,0.055968379446640314,60.79439563642629,Medium
1834,5.563,547,209,342.0,293.76,1.05,72,1.8814478154915857,5.3471075307174685,5.8377304471659395,4.290459441148391,1,0.25476839237057225,0.012949149975389042,0.03304347826086956,61.68907555404955,Medium
1835,5.38,547,198,365.0,293.76,1.05,72,1.8531680973566984,5.293304824724492,5.902633333401366,4.290459441148391,1,0.25476839237057225,0.013819999242739767,0.03130434782608696,61.697732684724684,Medium
1836,5.099,547,130,160.0,293.76,1.05,72,1.8081248233143192,4.875197323201151,5.081404364984463,4.290459441148391,1,0.25476839237057225,0.006058081859831131,0.020553359683794466,62.14560996905778,Medium
1837,5.216,547,165,277.0,293.76,1.05,72,1.8271266130653463,5.111987788356544,5.627621113690637,4.290459441148391,1,0.25476839237057225,0.010488054219832645,0.02608695652173913,61.90203886149885,Medium
1838,0.0,547,0,0.0,293.76,0.0,72,0.0,0.0,0.0,4.290459441148391,0,0.25476839237057225,0.0,0.0,62.73841961852862,Medium
1839,5.465,547,7,68.0,293.76,1.05,72,1.8664030122238209,2.0794415416798357,4.23410650459726,4.290459441148391,0,0.25476839237057225,0.0025746847904282305,0.0011067193675889327,62.639044687463986,Medium
1840,7.2,547,0,0.0,293.76,1.05,72,2.1041341542702074,0.0,0.0,4.290459441148391,0,0.25476839237057225,0.0,0.0,62.73841961852862,Medium
1841,0.0,547,0,0.0,293.76,0.0,72,0.0,0.0,0.0,4.290459441148391,0,0.25476839237057225,0.0,0.0,62.73841961852862,Medium
1842,0.0,547,2,3.0,290.88,0.0,72,0.0,1.0986122886681098,1.3862943611198906,4.290459441148391,0,0.25476839237057225,0.0001135890348718337,0.00031620553359683795,62.72868783681053,Medium
1843,7.208,547,275,380.0,293.76,1.05,72,2.1051092884284137,5.62040086571715,5.942799375126701,4.290459441148391,1,0.25476839237057225,0.014387944417098937,0.043478260869565216,61.43721606862434,Medium
1844,6.546,547,1195,1938.0,293.76,1.05,72,2.0210176215421187,7.086737934510577,7.569927655242652,4.290459441148391,1,0.25476839237057225,0.07337851652720458,0.18893280632411066,56.75840799623026,Medium
1845,5.477,547,1114,1670.0,293.76,1.05,72,1.86825744020078,7.016609683894219,7.421177528595393,4.290459441148391,1,0.25476839237057225,0.06323122941198743,0.17612648221343874,57.31895309190021,Medium
1846,0.0,547,0,0.0,293.76,0.0,72,0.0,0.0,0.0,4.290459441148391,0,0.25476839237057225,0.0,0.0,62.73841961852862,Medium
1847,5.617,547,316,406.0,293.76,1.05,72,1.8896420950299224,5.75890177387728,6.008813185442595,4.290459441148391,1,0.25476839237057225,0.015372382719321495,0.0499604743083004,61.27803865078296,Medium
1848,0.0,547,0,0.0,0.0,0.0,0,0.0,0.0,0.0,0.0,0,0.25476839237057225,0.0,0.0,62.73841961852862,Medium
1849,0.0,547,0,0.0,0.0,0.0,0,0.0,0.0,0.0,0.0,0,0.25476839237057225,0.0,0.0,62.73841961852862,Medium
1850,0.0,365,0,0.0,0.0,0.0,0,0.0,0.0,0.0,0.0,0,0.5027247956403269,0.0,0.0,75.13623978201633,High
1851,0.0,547,0,0.0,0.0,0.0,0,0.0,0.0,0.0,0.0,0,0.25476839237057225,0.0,0.0,62.73841961852862,Medium
1852,7.28,547,0,0.0,0.0,0.0,0,2.1138429683971687,0.0,0.0,0.0,0,0.25476839237057225,0.0,0.0,62.73841961852862,Medium
1853,9.98,547,0,0.0,195.84,0.72,32,2.3960754360813845,0.0,0.0,3.4965075614664802,0,0.25476839237057225,0.0,0.0,62.73841961852862,Medium
1854,8.535,547,124,154.0,195.84,0.72,32,2.2549692390523823,4.8283137373023015,5.043425116919247,3.4965075614664802,1,0.25476839237057225,0.0058309037900874635,0.019604743083003952,62.1713976431659,Medium
1855,8.25,547,3,3.0,195.84,0.72,32,2.224623551524334,1.3862943611198906,1.3862943611198906,3.4965075614664802,0,0.25476839237057225,0.0001135890348718337,0.0004743083003952569,62.72552578147456,Medium
1856,0.0,547,0,0.0,0.0,0.0,0,0.0,0.0,0.0,0.0,0,0.25476839237057225,0.0,0.0,62.73841961852862,Medium
1857,8.92,547,185,220.0,195.84,0.72,32,2.2945529212967815,5.225746673713202,5.3981627015177525,3.4965075614664802,1,0.25476839237057225,0.008329862557267805,0.02924901185770751,61.90354350465643,Medium
1858,0.0,547,0,0.0,0.0,0.0,0,0.0,0.0,0.0,0.0,0,0.25476839237057225,0.0,0.0,62.73841961852862,Medium
1859,9.564,547,0,0.0,195.84,0.72,32,2.3574519944348857,0.0,0.0,3.4965075614664802,0,0.25476839237057225,0.0,0.0,62.73841961852862,Medium
1860,7.544,547,66,88.0,195.84,0.72,32,2.145229282217839,4.204692619390966,4.48863636973214,3.4965075614664802,1,0.25476839237057225,0.003331945022907122,0.010434782608695653,62.429765615667485,Medium
1861,8.72,547,66,86.0,195.84,0.72,32,2.2741856184723477,4.204692619390966,4.465908118654584,3.4965075614664802,1,0.25476839237057225,0.003256218999659233,0.010434782608695653,62.432037396364926,Medium
1862,13.266,547,415,598.0,227.2,0.72,32,2.6578790838558466,6.030685260261263,6.395261598115449,3.4965075614664802,1,0.25476839237057225,0.022642080951118852,0.06561264822134387,60.746904225568166,Medium
1863,0.0,547,0,0.0,0.0,0.0,0,0.0,0.0,0.0,0.0,0,0.25476839237057225,0.0,0.0,62.73841961852862,Medium
1864,0.0,547,0,0.0,0.0,0.0,0,0.0,0.0,0.0,0.0,0,0.25476839237057225,0.0,0.0,62.73841961852862,Medium
1865,0.0,547,0,0.0,0.0,0.0,0,0.0,0.0,0.0,0.0,0,0.25476839237057225,0.0,0.0,62.73841961852862,Medium
1866,0.0,547,0,0.0,0.0,0.0,0,0.0,0.0,0.0,0.0,0,0.25476839237057225,0.0,0.0,62.73841961852862,Medium
1867,10.141,547,49,58.0,243.84,0.72,32,2.4106319970771795,3.912023005428146,4.07753744390572,3.4965075614664802,1,0.25476839237057225,0.002196054674188785,0.00774703557312253,62.5175972668405,Medium
1868,9.496,547,645,1007.0,243.84,0.72,32,2.3509942322017334,6.470799503782602,6.915723448631314,3.4965075614664802,1,0.25476839237057225,0.03812805270531218,0.10197628458498023,59.555052345669644,Medium
1869,9.547,547,866,3163.0,243.84,0.72,32,2.3558414592944774,6.7650389767805414,8.059592328887545,3.4965075614664802,1,0.25476839237057225,0.11976070576653668,0.13691699604743082,56.4072585245839,Medium
1870,8.138,547,21,46.0,243.84,0.0,32,2.2124415431410798,3.091042453358316,3.8501476017100584,3.4965075614664802,0,0.25476839237057225,0.00174169853470145,0.0033201581027667982,62.61976550043224,Medium
1871,10.99,547,258,755.0,243.84,0.72,32,2.4840729690394228,5.556828061699537,6.628041376179533,3.4965075614664802,1,0.25476839237057225,0.02858657377607815,0.0407905138339921,61.06501212856642,Medium
1872,0.0,547,0,0.0,243.84,0.0,32,0.0,0.0,0.0,3.4965075614664802,0,0.25476839237057225,0.0,0.0,62.73841961852862,Medium
1873,0.0,547,0,0.0,243.84,0.0,32,0.0,0.0,0.0,3.4965075614664802,0,0.25476839237057225,0.0,0.0,62.73841961852862,Medium
1874,9.014,547,47,59.0,243.84,0.72,32,2.303984113907753,3.871201010907891,4.0943445622221,3.4965075614664802,1,0.25476839237057225,0.0022339176858127297,0.007430830039525692,62.52278548716372,Medium
1875,10.33,547,0,0.0,243.84,0.0,32,2.427454075039915,0.0,0.0,3.4965075614664802,0,0.25476839237057225,0.0,0.0,62.73841961852862,Medium
1876,0.0,547,0,0.0,243.84,0.0,32,0.0,0.0,0.0,3.4965075614664802,0,0.25476839237057225,0.0,0.0,62.73841961852862,Medium
1877,0.0,547,0,0.0,243.2,0.0,32,0.0,0.0,0.0,3.4965075614664802,0,0.25476839237057225,0.0,0.0,62.73841961852862,Medium
1878,9.274,547,328,378.0,261.12,0.72,32,2.329616432045076,5.796057750765372,5.937536205082426,3.4965075614664802,1,0.25476839237057225,0.014312218393851047,0.051857707509881425,61.271898916515454,Medium
1879,8.823,547,5048,9631.0,261.12,0.72,32,2.2847265746927325,8.526945482858915,9.172846167548602,3.4965075614664802,1,0.25476839237057225,0.36465866495021015,0.798102766798419,35.83660433405393,Medium
1880,9.298,547,372,507.0,261.12,0.72,32,2.3319497016239494,5.921578419643816,6.230481447578482,3.4965075614664802,1,0.25476839237057225,0.019196546893339897,0.058814229249011855,60.98623862674818,Medium
1881,0.0,547,0,0.0,259.2,0.0,32,0.0,0.0,0.0,3.4965075614664802,0,0.25476839237057225,0.0,0.0,62.73841961852862,Medium
1882,9.597,547,412,616.0,261.12,0.72,32,2.360570942192699,6.023447592961033,6.424869023905388,3.4965075614664802,1,0.25476839237057225,0.023323615160349854,0.06513833992094861,60.73594436529915,Medium
1883,9.717,547,1124,1810.0,261.12,0.72,32,2.3718312657308602,7.025538314638521,7.501634457883413,3.4965075614664802,1,0.25476839237057225,0.06853205103933967,0.17770750988142292,57.12830788971996,Medium
1884,0.0,547,0,0.0,261.12,0.0,32,0.0,0.0,0.0,3.4965075614664802,0,0.25476839237057225,0.0,0.0,62.73841961852862,Medium
1885,9.52,547,89,151.0,261.12,0.72,32,2.3532782073095637,4.499809670330265,5.0238805208462765,3.4965075614664802,1,0.25476839237057225,0.00571731475521563,0.014071146245059288,62.285477250970956,Medium
1886,9.032,547,454,593.0,261.12,0.72,32,2.305779983890565,6.12029741895095,6.386879319362645,3.4965075614664802,1,0.25476839237057225,0.02245276589299913,0.07177865612648221,60.62926351920899,Medium
1887,9.23,547,192,221.0,261.12,0.72,32,2.325324579963535,5.262690188904886,5.402677381872279,3.4965075614664802,1,0.25476839237057225,0.00836772556889175,0.03035573122529644,61.88027322695593,Medium
1888,21.84,547,337,569.0,261.12,0.72,32,3.1285133847878095,5.823045895483019,6.345636360828596,3.4965075614664802,1,0.25476839237057225,0.02154405361402446,0.053280632411067196,61.02648536188653,Medium
1889,10.824,547,211,578.0,277.12,0.72,32,2.470131364205846,5.356586274672012,6.361302477572996,3.4965075614664802,1,0.25476839237057225,0.02188482071863996,0.033359683794466403,61.41468132108009,Medium
1890,13.428,547,0,0.0,277.12,0.72,32,2.6691707630412926,0.0,0.0,3.4965075614664802,0,0.25476839237057225,0.0,0.0,62.73841961852862,Medium
1891,11.174,547,201,264.0,293.12,0.8,32,2.499302530071733,5.308267697401205,5.579729825986222,3.4965075614664802,1,0.25476839237057225,0.009995835068721367,0.031778656126482216,61.802971443937324,Medium
1892,10.783,547,261,798.0,293.12,0.8,32,2.4666578147312035,5.568344503761097,6.683360945766275,3.4965075614664802,1,0.25476839237057225,0.030214683275907765,0.041264822134387355,61.00668267756364,Medium
1893,11.81,547,0,0.0,293.12,0.8,32,2.550226115908643,0.0,0.0,3.4965075614664802,0,0.25476839237057225,0.0,0.0,62.73841961852862,Medium
1894,0.0,0,0,0.0,15.0,0.15,1,0.0,0.0,0.0,0.6931471805599453,2,1.0,0.0,0.0,100.0,High
1895,1.847,730,1489,3475.0,348.48,0.9,288,1.0462658082959004,7.306531398939505,8.153637486385282,5.666426688112432,1,0.00544959128065392,0.13157396539320737,0.23541501976284585,41.616960206979556,Medium
1896,0.0,547,19,3060.0,105.6,1.56,1920,0.0,2.995732273553991,8.026496938945412,7.560601162768557,1,0.25476839237057225,0.11586081556927037,0.0030039525691699606,59.2025161000671,Medium
1897,0.17,547,0,0.0,105.6,1.56,1920,0.15700374880966478,0.0,0.0,7.560601162768557,0,0.25476839237057225,0.0,0.0,62.73841961852862,Medium
1898,0.12,547,11,1740.0,105.6,0.6,1920,0.11332868530700317,2.4849066497880004,7.462214939768189,7.560601162768557,1,0.25476839237057225,0.06588164022566355,0.0017391304347826088,60.72718780306305,Medium
1899,0.005,547,0,0.0,106.0,1.12,1920,0.004987541511039074,0.0,0.0,7.560601162768557,0,0.25476839237057225,0.0,0.0,62.73841961852862,Medium
1900,0.18,547,27,3360.0,105.6,1.56,1920,0.16551443847757338,3.332204510175204,8.119993827725105,7.560601162768557,1,0.25476839237057225,0.12721971905645374,0.004268774703557313,58.83645255276385,Medium
1901,0.0,547,17,1620.0,105.6,1.56,1920,0.0,2.8903717578961645,7.390798521735676,7.560601162768557,1,0.25476839237057225,0.0613380788307902,0.0026877470355731225,60.84452231289343,Medium
1902,0.044,547,24,3060.0,105.6,0.0,1920,0.04305948946044697,3.2188758248682006,8.026496938945412,7.560601162768557,1,0.25476839237057225,0.11586081556927037,0.003794466403162055,59.18670582338726,Medium
1903,0.1875,547,0,0.0,106.0,1.12,1920,0.17185025692665923,0.0,0.0,7.560601162768557,0,0.25476839237057225,0.0,0.0,62.73841961852862,Medium
1904,0.006,547,21,3780.0,105.6,1.56,1920,0.005982071677547464,3.091042453358316,8.237743803890933,7.560601162768557,1,0.25476839237057225,0.14312218393851048,0.0033201581027667982,58.37835093831796,Medium
1905,0.19,547,14,1500.0,105.6,1.56,1920,0.17395330712343804,2.70805020110221,7.313886831633462,7.560601162768557,1,0.25476839237057225,0.056794517435916854,0.0022134387351778655,60.99031532074755,Medium
1906,0.16,547,11,1620.0,105.6,0.0,1920,0.1484200051182733,2.4849066497880004,7.390798521735676,7.560601162768557,1,0.25476839237057225,0.0613380788307902,0.0017391304347826088,60.86349464490925,Medium
1907,0.1,547,10,1260.0,105.6,1.56,1920,0.09531017980432487,2.3978952727983707,7.13966033596492,7.560601162768557,1,0.25476839237057225,0.04770739464617016,0.0015810276679841897,61.27557722578383,Medium
1908,0.01,547,10,900.0,105.6,1.56,1920,0.009950330853168083,2.3978952727983707,6.803505257608338,7.560601162768557,1,0.25476839237057225,0.034076710461550114,0.0015810276679841897,61.68449775132243,Medium
1909,0.0,547,0,0.0,106.0,1.12,1920,0.0,0.0,0.0,7.560601162768557,0,0.25476839237057225,0.0,0.0,62.73841961852862,Medium
1910,0.0,547,0,0.0,106.0,1.12,1920,0.0,0.0,0.0,7.560601162768557,0,0.25476839237057225,0.0,0.0,62.73841961852862,Medium
1911,0.18,547,17,2160.0,105.6,0.0,1920,0.16551443847757338,2.8903717578961645,7.6783263565068856,7.560601162768557,1,0.25476839237057225,0.08178410510772027,0.0026877470355731225,60.23114152458554,Medium
1912,0.031,547,16,1800.0,105.6,1.56,1920,0.03052920503482287,2.833213344056216,7.496097345175956,7.560601162768557,1,0.25476839237057225,0.06815342092310023,0.0025296442687747036,60.643224105460106,Medium
1913,0.114,547,15,3560.0,105.6,1.56,1920,0.10795714150509228,2.772588722239781,8.177796683277778,7.560601162768557,1,0.25476839237057225,0.13479232138124267,0.0023715415019762848,58.64721914705181,Medium
1914,0.0,547,0,0.0,105.6,0.0,1920,0.0,0.0,0.0,7.560601162768557,0,0.25476839237057225,0.0,0.0,62.73841961852862,Medium
1915,0.0,547,0,0.0,105.6,0.0,1920,0.0,0.0,0.0,7.560601162768557,0,0.25476839237057225,0.0,0.0,62.73841961852862,Medium
1916,0.19,547,75,1905.0,105.6,0.0,1920,0.17395330712343804,4.330733340286331,7.552762084214147,7.560601162768557,1,0.25476839237057225,0.0721290371436144,0.011857707509881422,60.33739435402256,Medium
1917,0.0,547,0,0.0,105.6,0.0,1920,0.0,0.0,0.0,7.560601162768557,0,0.25476839237057225,0.0,0.0,62.73841961852862,Medium
1918,0.0,547,0,0.0,105.6,0.0,1920,0.0,0.0,0.0,7.560601162768557,0,0.25476839237057225,0.0,0.0,62.73841961852862,Medium
1919,0.18,547,0,0.0,105.6,0.0,1920,0.16551443847757338,0.0,0.0,7.560601162768557,0,0.25476839237057225,0.0,0.0,62.73841961852862,Medium
1920,0.0,547,0,0.0,105.6,0.0,1920,0.0,0.0,0.0,7.560601162768557,0,0.25476839237057225,0.0,0.0,62.73841961852862,Medium
1921,0.0,547,0,0.0,105.6,1.56,1920,0.0,0.0,0.0,7.560601162768557,0,0.25476839237057225,0.0,0.0,62.73841961852862,Medium
1922,0.18,547,3,660.0,105.6,0.0,1920,0.16551443847757338,1.3862943611198906,6.493753839851686,7.560601162768557,1,0.25476839237057225,0.024989587671803416,0.0004743083003952569,61.9792458223666,Medium
1923,0.17,547,77,3750.0,105.6,0.0,1920,0.15700374880966478,4.356708826689592,8.229777750081887,7.560601162768557,1,0.25476839237057225,0.14198629358979215,0.01217391304347826,58.23535254996528,Medium
1924,0.18,547,0,0.0,105.6,1.56,1920,0.16551443847757338,0.0,0.0,7.560601162768557,0,0.25476839237057225,0.0,0.0,62.73841961852862,Medium
1925,0.2,547,0,0.0,105.6,1.56,1920,0.18232155679395465,0.0,0.0,7.560601162768557,0,0.25476839237057225,0.0,0.0,62.73841961852862,Medium
1926,0.0276,547,18,2460.0,105.6,1.56,1920,0.02722598625359146,2.9444389791664403,7.8083230503910555,7.560601162768557,1,0.25476839237057225,0.09314300859490364,0.0028458498023715413,59.88721236463407,Medium
1927,0.0,547,0,0.0,105.6,0.0,1920,0.0,0.0,0.0,7.560601162768557,0,0.25476839237057225,0.0,0.0,62.73841961852862,Medium
1928,0.0,547,0,0.0,105.6,0.0,1920,0.0,0.0,0.0,7.560601162768557,0,0.25476839237057225,0.0,0.0,62.73841961852862,Medium
1929,0.017,547,10,780.0,105.6,0.0,1920,0.016857117066422903,2.3978952727983707,6.660575149839686,7.560601162768557,1,0.25476839237057225,0.029533149066676763,0.0015810276679841897,61.820804593168624,Medium
1930,0.013,547,2,900.0,105.6,0.0,1920,0.012916225266546327,1.0986122886681098,6.803505257608338,7.560601162768557,1,0.25476839237057225,0.034076710461550114,0.00031620553359683795,61.70979419401017,Medium
1931,0.0552,547,0,0.0,105.6,1.56,1920,0.053730322420967785,0.0,0.0,7.560601162768557,0,0.25476839237057225,0.0,0.0,62.73841961852862,Medium
1932,0.18,547,12,1500.0,105.6,1.56,1920,0.16551443847757338,2.5649493574615367,7.313886831633462,7.560601162768557,1,0.25476839237057225,0.056794517435916854,0.0018972332015810276,60.99663943141949,Medium
1933,0.038,547,0,0.0,105.6,1.56,1920,0.037295784743696894,0.0,0.0,7.560601162768557,0,0.25476839237057225,0.0,0.0,62.73841961852862,Medium
1934,0.011,547,18,2820.0,105.6,1.56,1920,0.010939940038334362,2.9444389791664403,7.944846711001996,7.560601162768557,1,0.25476839237057225,0.10677369277952369,0.0028458498023715413,59.478291839095476,Medium
1935,0.063,547,7,840.0,105.6,0.0,1920,0.06109509935981088,2.0794415416798357,6.734591659972948,7.560601162768557,1,0.25476839237057225,0.031804929764113435,0.0011067193675889327,61.76213733825343,Medium
1936,0.0,730,0,0.0,362.88,0.0,3456,0.0,0.0,0.0,8.148156439921625,0,0.00544959128065392,0.0,0.0,50.27247956403269,Medium
1937,0.0,730,0,0.0,362.88,0.0,3456,0.0,0.0,0.0,8.148156439921625,0,0.00544959128065392,0.0,0.0,50.27247956403269,Medium
1938,0.0,730,0,0.0,362.88,0.0,3456,0.0,0.0,0.0,8.148156439921625,0,0.00544959128065392,0.0,0.0,50.27247956403269,Medium
1939,0.0,730,0,0.0,362.88,1.2,3456,0.0,0.0,0.0,8.148156439921625,0,0.00544959128065392,0.0,0.0,50.27247956403269,Medium
1940,0.0,730,0,0.0,362.88,0.0,3456,0.0,0.0,0.0,8.148156439921625,0,0.00544959128065392,0.0,0.0,50.27247956403269,Medium
1941,0.0,730,0,0.0,524.16,0.0,3456,0.0,0.0,0.0,8.148156439921625,0,0.00544959128065392,0.0,0.0,50.27247956403269,Medium
1942,0.0,730,0,0.0,362.88,0.0,3456,0.0,0.0,0.0,8.148156439921625,0,0.00544959128065392,0.0,0.0,50.27247956403269,Medium
1943,0.0,730,0,0.0,362.88,0.0,3456,0.0,0.0,0.0,8.148156439921625,0,0.00544959128065392,0.0,0.0,50.27247956403269,Medium
1944,0.216,730,0,0.0,362.88,0.0,3456,0.19556678354397528,0.0,0.0,8.148156439921625,0,0.00544959128065392,0.0,0.0,50.27247956403269,Medium
1945,2.94,547,0,0.0,165.78,0.0,108,1.3711807233098425,0.0,0.0,4.6913478822291435,0,0.25476839237057225,0.0,0.0,62.73841961852862,Medium
1946,1.2,547,0,0.0,197.76,0.0,384,0.7884573603642702,0.0,0.0,5.953243334287785,0,0.25476839237057225,0.0,0.0,62.73841961852862,Medium
1947,3.0684,547,0,0.0,165.78,1.02,108,1.4032498017693043,0.0,0.0,4.6913478822291435,0,0.25476839237057225,0.0,0.0,62.73841961852862,Medium
1948,0.97,547,0,0.0,207.68,1.0,384,0.6780335427498971,0.0,0.0,5.953243334287785,0,0.25476839237057225,0.0,0.0,62.73841961852862,Medium
1949,12.948,547,0,0.0,293.12,0.8,32,2.635336128813405,0.0,0.0,3.4965075614664802,0,0.25476839237057225,0.0,0.0,62.73841961852862,Medium
1950,5.172,547,0,0.0,221.04,1.05,72,1.8200229345009145,0.0,0.0,4.290459441148391,0,0.25476839237057225,0.0,0.0,62.73841961852862,Medium
1951,14.172,547,0,0.0,293.12,0.8,32,2.7194516238266524,0.0,0.0,3.4965075614664802,0,0.25476839237057225,0.0,0.0,62.73841961852862,Medium
1952,5.712,547,0,0.0,221.04,1.05,72,1.903896969164905,0.0,0.0,4.290459441148391,0,0.25476839237057225,0.0,0.0,62.73841961852862,Medium
1953,11.304,547,0,0.0,243.84,0.72,32,2.5099244127632883,0.0,0.0,3.4965075614664802,0,0.25476839237057225,0.0,0.0,62.73841961852862,Medium
1954,2.832,547,0,0.0,165.78,1.02,108,1.343386860108614,0.0,0.0,4.6913478822291435,0,0.25476839237057225,0.0,0.0,62.73841961852862,Medium
1955,1.2938,547,0,0.0,197.76,0.0,384,0.830209830948285,0.0,0.0,5.953243334287785,0,0.25476839237057225,0.0,0.0,62.73841961852862,Medium
1956,3.072,547,0,0.0,165.78,1.02,108,1.4041342792482217,0.0,0.0,4.6913478822291435,0,0.25476839237057225,0.0,0.0,62.73841961852862,Medium
1957,1.272,547,0,0.0,207.68,1.0,384,0.820660500858905,0.0,0.0,5.953243334287785,0,0.25476839237057225,0.0,0.0,62.73841961852862,Medium
1958,0.0,730,0,0.0,362.88,0.0,3456,0.0,0.0,0.0,8.148156439921625,0,0.00544959128065392,0.0,0.0,50.27247956403269,Medium
1959,0.16,0,116,816.0,252.0,1.0,200,0.1484200051182733,4.762173934797756,6.705639094860003,5.303304908059076,2,1.0,0.03089621748513877,0.0183399209486166,98.7063150564735,High
1960,0.34,547,112,790.0,126.0,0.0,100,0.29266961396282,4.727387818712341,6.673297967767654,4.61512051684126,1,0.25476839237057225,0.02991177918291621,0.017707509881422924,61.48691604541266,Medium
1961,0.243,0,54,374.0,198.0,1.02,180,0.21752781252857406,4.007333185232471,5.926926025970411,5.198497031265826,2,1.0,0.014160766347355268,0.008537549407114625,99.40442602143705,High
1962,1.4988,547,0,0.0,257.6,1.0,384,0.9158106166372777,0.0,0.0,5.953243334287785,0,0.25476839237057225,0.0,0.0,62.73841961852862,Medium
1963,1.4712,547,0,0.0,257.6,1.0,384,0.9047038626222349,0.0,0.0,5.953243334287785,0,0.25476839237057225,0.0,0.0,62.73841961852862,Medium
1964,1.2,547,0,0.0,211.2,0.0,384,0.7884573603642702,0.0,0.0,5.953243334287785,0,0.25476839237057225,0.0,0.0,62.73841961852862,Medium
1965,3.5,547,0,0.0,189.0,0.0,108,1.5040773967762742,0.0,0.0,4.6913478822291435,0,0.25476839237057225,0.0,0.0,62.73841961852862,Medium
1966,0.0,730,0,0.0,311.04,0.0,3456,0.0,0.0,0.0,8.148156439921625,0,0.00544959128065392,0.0,0.0,50.27247956403269,Medium
1967,0.215,730,0,0.0,311.04,0.0,3456,0.1947440767925118,0.0,0.0,8.148156439921625,0,0.00544959128065392,0.0,0.0,50.27247956403269,Medium
1968,0.0,730,0,0.0,311.04,0.0,3456,0.0,0.0,0.0,8.148156439921625,0,0.00544959128065392,0.0,0.0,50.27247956403269,Medium
1969,0.0,547,0,0.0,189.0,0.0,108,0.0,0.0,0.0,4.6913478822291435,0,0.25476839237057225,0.0,0.0,62.73841961852862,Medium
1970,1.482,547,0,0.0,257.6,1.0,384,0.9090646867824155,0.0,0.0,5.953243334287785,0,0.25476839237057225,0.0,0.0,62.73841961852862,Medium
1971,4.32,547,0,0.0,243.0,0.0,108,1.6714733033535532,0.0,0.0,4.6913478822291435,0,0.25476839237057225,0.0,0.0,62.73841961852862,Medium
1972,4.26,547,0,0.0,243.0,1.02,108,1.6601310267496185,0.0,0.0,4.6913478822291435,0,0.25476839237057225,0.0,0.0,62.73841961852862,Medium
1973,4.4575,547,0,0.0,59.4,0.0,108,1.696990809441962,0.0,0.0,4.6913478822291435,0,0.25476839237057225,0.0,0.0,62.73841961852862,Medium
1974,1.452,547,0,0.0,207.68,1.0,384,0.8969040180739649,0.0,0.0,5.953243334287785,0,0.25476839237057225,0.0,0.0,62.73841961852862,Medium
1975,0.0,730,0,0.0,311.04,0.0,3456,0.0,0.0,0.0,8.148156439921625,0,0.00544959128065392,0.0,0.0,50.27247956403269,Medium
1976,1.78,730,374,601.0,348.48,0.9,288,1.0224509277025458,5.926926025970411,6.400257445308821,5.666426688112432,1,0.00544959128065392,0.022755669985990684,0.059130434782608696,48.407200768800806,Medium
1977,1.778,730,2243,4613.0,348.48,0.9,288,1.021731244332152,7.716015266642587,8.4368504387337,5.666426688112432,1,0.00544959128065392,0.1746620726212563,0.35462450592885375,37.94012726681794,Medium
1978,1.89,730,2206,4050.0,348.48,0.9,288,1.0612565021243408,7.699389406256737,8.30671904320269,5.666426688112432,1,0.00544959128065392,0.1533451970769755,0.34877470355731227,38.69662958057719,Medium
1979,2.38,0,0,0.0,0.0,0.0,0,1.2178757094949273,0.0,0.0,0.0,2,1.0,0.0,0.0,100.0,High
1980,1.84,730,1126,2389.0,348.48,0.9,288,1.0438040521731147,7.027314514039777,7.779048644925556,5.666426688112432,1,0.00544959128065392,0.09045473476960357,0.17802371541501977,43.9983632126442,Medium
1981,1.977,730,435,854.0,348.48,0.9,288,1.0909160820336394,6.077642243349034,6.75110146893676,5.666426688112432,1,0.00544959128065392,0.032335011926848664,0.06877470355731226,47.926935135080996,Medium
1982,1.927,730,511,1028.0,348.48,0.9,288,1.0739780077097487,6.238324625039508,6.9363427358340495,5.666426688112432,1,0.00544959128065392,0.038923175949415016,0.08079051383399209,47.48897400887041,Medium
1983,1.77,730,372,624.0,348.48,0.9,288,1.0188473201992472,5.921578419643816,6.437751649736401,5.666426688112432,1,0.00544959128065392,0.023626519253341412,0.058814229249011855,48.38739940145222,Medium
1984,2.8,547,33,160.0,168.48,0.45,144,1.33500106673234,3.5263605246161616,5.081404364984463,4.976733742420574,1,0.25476839237057225,0.006058081859831131,0.0052173913043478265,62.45232933664672,Medium
1985,3.37,0,0,0.0,0.0,0.0,0,1.4747630091074988,0.0,0.0,0.0,2,1.0,0.0,0.0,100.0,High
1986,4.725,547,105,209.0,168.48,0.45,144,1.7448425494403033,4.663439094112067,5.3471075307174685,4.976733742420574,1,0.25476839237057225,0.007913369429404415,0.016600790513833993,62.16900272536981,Medium
1987,2.5438,0,0,0.0,0.0,0.0,288,1.265199597741832,0.0,0.0,5.666426688112432,2,1.0,0.0,0.0,100.0,High
1988,0.17,547,0,0.0,97.9,1.2,1920,0.15700374880966478,0.0,0.0,7.560601162768557,0,0.25476839237057225,0.0,0.0,62.73841961852862,Medium
1989,0.17,547,17,1800.0,105.6,1.56,1920,0.15700374880966478,2.8903717578961645,7.496097345175956,7.560601162768557,1,0.25476839237057225,0.06815342092310023,0.0026877470355731225,60.64006205012413,Medium
1990,0.0,547,0,0.0,106.0,1.19,1920,0.0,0.0,0.0,7.560601162768557,0,0.25476839237057225,0.0,0.0,62.73841961852862,Medium
1991,0.04,547,6,900.0,105.6,0.0,1920,0.039220713153281295,1.9459101490553132,6.803505257608338,7.560601162768557,1,0.25476839237057225,0.034076710461550114,0.0009486166007905138,61.6971459726663,Medium
1992,0.0,0,8,287.0,60.0,0.54,300,0.0,2.1972245773362196,5.662960480135946,5.707110264748875,2,1.0,0.010866684336072092,0.0012648221343873518,99.6487030272301,High
1993,0.0,0,31,356.0,480.0,2.16,6000,0.0,3.4657359027997265,5.877735781779639,8.699681400989514,2,1.0,0.013479232138124266,0.004901185770750988,99.49759932044127,High
1994,0.0,0,0,0.0,60.0,0.54,900,0.0,0.0,0.0,6.803505257608338,2,1.0,0.0,0.0,100.0,High
1995,0.043,0,5,1454.0,60.0,0.54,900,0.042101176018635396,1.791759469228055,7.282761179605593,6.803505257608338,2,1.0,0.055052818901215404,0.0007905138339920949,98.33260515628369,High
1996,0.0,0,0,0.0,60.0,0.54,900,0.0,0.0,0.0,6.803505257608338,2,1.0,0.0,0.0,100.0,High
1997,0.0,0,0,0.0,60.0,0.54,900,0.0,0.0,0.0,6.803505257608338,2,1.0,0.0,0.0,100.0,High
1998,0.0,0,0,0.0,60.0,0.54,900,0.0,0.0,0.0,6.803505257608338,2,1.0,0.0,0.0,100.0,High
1999,0.17,0,65,1027.0,241.92,2.16,3456,0.15700374880966478,4.189654742026425,6.93537044601511,8.148156439921625,2,1.0,0.03888531293779107,0.010276679841897233,98.62790701502833,High
2000,0.76,0,0,0.0,73.6,0.6,1600,0.5653138090500605,0.0,0.0,7.3783837129967145,2,1.0,0.0,0.0,100.0,High
2001,0.0,0,0,0.0,60.0,0.54,900,0.0,0.0,0.0,6.803505257608338,2,1.0,0.0,0.0,100.0,High
2002,0.76,0,1,6.0,144.0,2.16,1600,0.5653138090500605,0.6931471805599453,1.9459101490553132,7.3783837129967145,2,1.0,0.0002271780697436674,0.00015810276679841898,99.99002260257173,High
2003,1.62,0,0,0.0,60.0,0.54,600,0.9631743177730056,0.0,0.0,6.398594934535208,2,1.0,0.0,0.0,100.0,High
2004,0.0,0,2,9.0,60.0,0.54,600,0.0,1.0986122886681098,2.302585092994046,6.398594934535208,2,1.0,0.0003407671046155011,0.00031620553359683795,99.9834528761896,High
2005,0.0,0,6,978.0,60.0,0.54,600,0.0,1.9459101490553132,6.88653164253051,6.398594934535208,2,1.0,0.03703002536821779,0.0009486166007905138,98.87012690693766,High
2006,0.0,0,0,0.0,60.0,0.54,600,0.0,0.0,0.0,6.398594934535208,2,1.0,0.0,0.0,100.0,High
2007,0.0,0,0,0.0,60.0,0.54,600,0.0,0.0,0.0,6.398594934535208,2,1.0,0.0,0.0,100.0,High
2008,4.4,547,0,0.0,264.0,1.18,108,1.6863989535702288,0.0,0.0,4.6913478822291435,0,0.25476839237057225,0.0,0.0,62.73841961852862,Medium
2009,0.81,0,4,100.0,252.0,1.0,200,0.5933268452777344,1.6094379124341003,4.61512051684126,5.303304908059076,2,1.0,0.003786301162394457,0.0006324110671936759,99.87376274378428,High
2010,0.82,0,4,100.0,252.0,1.0,200,0.598836501088704,1.6094379124341003,4.61512051684126,5.303304908059076,2,1.0,0.003786301162394457,0.0006324110671936759,99.87376274378428,High
2011,0.0,0,2,70.0,252.0,1.0,200,0.0,1.0986122886681098,4.2626798770413155,5.303304908059076,2,1.0,0.0026504108136761197,0.00031620553359683795,99.91416356491779,High
2012,0.0,0,1,20.0,252.0,1.0,200,0.0,0.6931471805599453,3.044522437723423,5.303304908059076,2,1.0,0.0007572602324788913,0.00015810276679841898,99.97412013768967,High
2013,0.0,0,0,0.0,252.0,0.0,200,0.0,0.0,0.0,5.303304908059076,2,1.0,0.0,0.0,100.0,High
2014,23.9875,365,0,0.0,548.0,1.13,30,3.2183756998265185,0.0,0.0,3.4339872044851463,0,0.5027247956403269,0.0,0.0,75.13623978201633,High
2015,0.2,547,11,900.0,98.0,1.59,1920,0.18232155679395465,2.4849066497880004,6.803505257608338,7.560601162768557,1,0.25476839237057225,0.034076710461550114,0.0017391304347826088,61.68133569598646,Medium
2016,6.825,547,0,0.0,293.76,1.05,72,2.057323736426217,0.0,0.0,4.290459441148391,0,0.25476839237057225,0.0,0.0,62.73841961852862,Medium
2017,0.0,730,0,0.0,573.696,0.0,576,0.0,0.0,0.0,6.3578422665081,0,0.00544959128065392,0.0,0.0,50.27247956403269,Medium
2018,0.0,547,0,0.0,189.0,1.18,108,0.0,0.0,0.0,4.6913478822291435,0,0.25476839237057225,0.0,0.0,62.73841961852862,Medium
2019,2.827,547,1360,2383.0,226.8,1.02,108,1.3420812064435652,7.215975002651466,7.776535028185241,4.6913478822291435,1,0.25476839237057225,0.0902275566998599,0.2150197628458498,55.73119766061583,Medium
2020,3.735,547,404,938.0,221.04,1.05,72,1.5549817266380415,6.003887067106539,6.844815479208263,4.290459441148391,1,0.25476839237057225,0.035515504903260005,0.06387351778656127,60.395484115699595,Medium
2021,11.743,547,190,377.0,325.12,0.8,32,2.544982101230142,5.25227342804663,5.934894195619588,3.4965075614664802,1,0.25476839237057225,0.014274355382227103,0.030039525691699605,61.709398443227805,Medium
2022,1.489,547,2134,4025.0,147.6,1.17,180,0.9118810233854551,7.666221925662725,8.300528606199737,5.198497031265826,1,0.25476839237057225,0.1523986217863769,0.3373913043478261,51.418634877980786,Medium
2023,1.55,0,0,0.0,0.0,0.0,0,0.9360933591703349,0.0,0.0,0.0,2,1.0,0.0,0.0,100.0,High
2024,3.441,547,142,262.0,226.8,1.02,108,1.4908795763099651,4.962844630259907,5.572154032177765,4.6913478822291435,1,0.25476839237057225,0.009920109045473477,0.022450592885375494,61.99180448945689,Medium
2025,16.502,547,161,245.0,147.24,0.48,12,2.8623151601136394,5.087596335232384,5.5053315359323625,2.5649493574615367,1,0.25476839237057225,0.00927643784786642,0.025454545454545455,61.951035574001715,Medium
2026,0.0,547,0,0.0,188.0,1.18,72,0.0,0.0,0.0,4.290459441148391,0,0.25476839237057225,0.0,0.0,62.73841961852862,Medium
2027,3.508,547,293,526.0,221.04,1.05,72,1.50585359617753,5.683579767338681,6.267200548541362,4.290459441148391,1,0.25476839237057225,0.019915944114194842,0.04632411067193676,61.21445908166403,Medium
2028,1.96,730,908,1688.0,336.96,0.9,288,1.085189268335969,6.812345094177479,7.4318919168078,5.666426688112432,1,0.00544959128065392,0.06391276362121844,0.14355731225296442,45.483950410336845,Medium
2029,1.87,730,1767,3030.0,336.96,0.9,288,1.0543120297715298,7.477604243197589,8.016647877057803,5.666426688112432,1,0.00544959128065392,0.11472492522055204,0.27936758893280633,41.243380028760015,Medium
2030,1.66,730,2340,4603.0,336.96,0.9,288,0.9783261227936076,7.75833346749091,8.434680769841773,5.666426688112432,1,0.00544959128065392,0.17428344250501684,0.36996047430830037,37.644766802716184,Medium
2031,1.25,547,561,1428.0,207.68,1.0,384,0.8109302162163288,6.331501849893691,7.264730177929867,5.953243334287785,1,0.25476839237057225,0.05406838059899284,0.08869565217391304,59.342455157080565,Medium
2032,1.801,730,1096,2173.0,336.96,0.9,288,1.0299764962779716,7.00033446027523,7.684324067681155,5.666426688112432,1,0.00544959128065392,0.08227632425883155,0.1732806324110672,44.3385771880464,Medium
2033,0.192,547,0,0.0,105.6,1.56,1920,0.17563256864315802,0.0,0.0,7.560601162768557,0,0.25476839237057225,0.0,0.0,62.73841961852862,Medium
2034,13.342,547,312,484.0,257.67,0.84,21,2.6631922954603833,5.746203190540153,6.184148890937483,3.091042453358316,1,0.25476839237057225,0.018325697625989172,0.049328063241106716,61.20208742492681,Medium
2035,0.035,547,0,0.0,98.0,1.19,1920,0.0344014267173324,0.0,0.0,7.560601162768557,0,0.25476839237057225,0.0,0.0,62.73841961852862,Medium
2036,0.033,547,3,1020.0,98.0,1.19,1920,0.032467190137501496,1.3862943611198906,6.928537818164665,7.560601162768557,1,0.25476839237057225,0.03862027185642346,0.0004743083003952569,61.570325296828,Medium
2037,0.043,547,75,2390.0,98.0,1.19,1920,0.042101176018635396,4.330733340286331,7.779466967458324,7.560601162768557,1,0.25476839237057225,0.09049259778122752,0.011857707509881422,59.786487534894164,Medium
2038,16.52,547,45,50.0,293.12,0.8,32,2.8633430855082453,3.828641396489095,3.9318256327243257,3.4965075614664802,1,0.25476839237057225,0.0018931505811972285,0.0071146245059288534,62.53933261097412,Medium
2039,6.339,547,15,87.0,261.54,1.05,72,1.9932025935629258,2.772588722239781,4.477336814478207,4.290459441148391,1,0.25476839237057225,0.0032940820112831773,0.0023715415019762848,62.59216632815059,Medium
2040,8.54,0,0,0.0,0.0,0.0,0,2.255493485460195,0.0,0.0,0.0,2,1.0,0.0,0.0,100.0,High
2041,4.39,547,70,111.0,226.8,1.02,108,1.6845453849209058,4.2626798770413155,4.718498871295094,4.6913478822291435,1,0.25476839237057225,0.004202794290257847,0.011067193675889328,62.390991916303086,Medium
2042,15.94,547,23,31.0,325.12,0.8,32,2.8296776892239084,3.1780538303479458,3.4657359027997265,3.4965075614664802,0,0.25476839237057225,0.0011737533603422817,0.0036363636363636364,62.63047974499108,Medium
2043,18.199,547,14,28.0,325.12,0.8,32,2.954858194344019,2.70805020110221,3.367295829986474,3.4965075614664802,0,0.25476839237057225,0.0010601643254704478,0.0022134387351778655,62.66234591406095,Medium
2044,6.98,547,37,73.0,293.76,1.05,72,2.0769384114617173,3.6375861597263857,4.30406509320417,4.290459441148391,1,0.25476839237057225,0.0027639998485479533,0.005849802371541502,62.53850357564134,Medium
2045,14.71,547,11,16.0,293.12,0.8,32,2.75429745226753,2.4849066497880004,2.833213344056216,3.4965075614664802,0,0.25476839237057225,0.0006058081859831131,0.0017391304347826088,62.685462764253465,Medium
2046,6.12,547,5,45.0,261.54,1.05,72,1.9629077254238845,1.791759469228055,3.828641396489095,4.290459441148391,0,0.25476839237057225,0.0017038355230775057,0.0007905138339920949,62.671494276156444,Medium
2047,7.27,547,18,19.0,261.54,1.05,72,2.1126345090356,2.9444389791664403,2.995732273553991,4.290459441148391,0,0.25476839237057225,0.0007193972208549468,0.0028458498023715413,62.659920705855534,Medium
2048,3.68,547,39,75.0,226.8,1.02,108,1.5432981099295553,3.6888794541139363,4.330733340286331,4.6913478822291435,1,0.25476839237057225,0.0028397258717958425,0.0061660079051383395,62.52990768427197,Medium
2049,2.55,547,32,72.0,165.78,1.02,108,1.2669476034873244,3.4965075614664802,4.290459441148391,4.6913478822291435,1,0.25476839237057225,0.002726136836924009,0.005059288537549407,62.55544974266991,Medium
2050,4.84,547,19,31.0,226.8,1.02,108,1.7647307968401356,2.995732273553991,3.4657359027997265,4.6913478822291435,0,0.25476839237057225,0.0011737533603422817,0.0030039525691699606,62.643127966334944,Medium
2051,1.76,730,1317,3129.0,336.96,0.9,288,1.0152306797290584,7.183870715062453,8.048788283534199,5.666426688112432,1,0.00544959128065392,0.11847336337132255,0.2082213438735178,42.553851785422665,Medium
2052,3.5,0,13,162.0,16.2,0.5,180,1.5040773967762742,2.6390573296152584,5.093750200806762,5.198497031265826,2,1.0,0.00613380788307902,0.0020553359683794467,99.77487904414004,High
2053,3.5,0,10,116.0,16.2,0.5,180,1.5040773967762742,2.3978952727983707,4.762173934797756,5.198497031265826,2,1.0,0.00439210934837757,0.0015810276679841897,99.836616166189,High
2054,3.5,0,13,198.0,16.2,0.5,180,1.5040773967762742,2.6390573296152584,5.293304824724492,5.198497031265826,2,1.0,0.007496876301541024,0.0020553359683794467,99.73398699158618,High
2055,3.5,0,16,283.0,16.2,0.5,180,1.5040773967762742,2.833213344056216,5.648974238161206,5.198497031265826,2,1.0,0.010715232289576312,0.0025296442687747036,99.62795014593722,High
2056,0.0,547,8,1020.0,105.6,1.56,1920,0.0,2.1972245773362196,6.928537818164665,7.560601162768557,1,0.25476839237057225,0.03862027185642346,0.0012648221343873518,61.55451502014816,Medium
2057,15.38,365,0,0.0,300.0,0.84,21,2.7960610784249234,0.0,0.0,3.091042453358316,0,0.5027247956403269,0.0,0.0,75.13623978201633,High
2058,0.93,730,0,0.0,88.7,0.9,144,0.6575200029167941,0.0,0.0,4.976733742420574,0,0.00544959128065392,0.0,0.0,50.27247956403269,Medium
2059,9.304,547,237,287.0,225.6,0.72,32,2.332532169361998,5.472270673671475,5.662960480135946,3.4965075614664802,1,0.25476839237057225,0.010866684336072092,0.0374703557312253,61.663011973821945,Medium
2060,16.53,365,8,14.0,341.67,0.98,21,2.863913698933143,2.1972245773362196,2.70805020110221,3.091042453358316,0,0.5027247956403269,0.0005300821627352239,0.0012648221343873518,75.09504087444654,High
2061,13.67,365,0,0.0,300.0,0.84,21,2.6858045921548905,0.0,0.0,3.091042453358316,0,0.5027247956403269,0.0,0.0,75.13623978201633,High
2062,17.97,365,0,0.0,341.67,0.98,21,2.9428587839469227,0.0,0.0,3.091042453358316,0,0.5027247956403269,0.0,0.0,75.13623978201633,High
2063,9.29,547,1587,2522.0,227.8,0.72,32,2.331172549845958,7.370230641807081,7.833203948641057,3.4965075614664802,1,0.25476839237057225,0.0954905153155882,0.2509090909090909,54.85552234087915,Medium
2064,9.255,547,245,413.0,228.0,0.72,32,2.327765391524344,5.5053315359323625,6.025865973825314,3.4965075614664802,1,0.25476839237057225,0.015637423800689106,0.03873517786561265,61.49459334719568,Medium
2065,7.593,0,59,121.0,0.0,0.0,80,2.150947918331086,4.0943445622221,4.804021044733257,4.394449154672439,2,1.0,0.004581424406497293,0.009328063241106719,99.67599600298294,High
2066,0.0,0,0,0.0,30.0,0.5,600,0.0,0.0,0.0,6.398594934535208,2,1.0,0.0,0.0,100.0,High
2067,1.81,547,0,0.0,111.0,1.19,108,1.0331844833456545,0.0,0.0,4.6913478822291435,0,0.25476839237057225,0.0,0.0,62.73841961852862,Medium
2068,0.0,547,20,2100.0,105.6,0.0,1920,0.0,3.044522437723423,7.650168700845001,7.560601162768557,1,0.25476839237057225,0.0795123244102836,0.0031620553359683794,60.289808779500746,Medium
2069,1.59,547,3,75.0,226.08,1.19,180,0.9516578757114464,1.3862943611198906,4.330733340286331,5.198497031265826,0,0.25476839237057225,0.0028397258717958425,0.0004743083003952569,62.64374167636684,Medium
2070,2.38,547,393,912.0,226.08,1.19,180,1.2178757094949273,5.976350909297934,6.816735880594968,5.198497031265826,1,0.25476839237057225,0.03453106660103745,0.062134387351778654,60.45979987346192,Medium
2071,15.25,365,11,25.0,320.67,0.0,21,2.7880929087757464,2.4849066497880004,3.258096538021482,3.091042453358316,0,0.5027247956403269,0.0009465752905986142,0.0017391304347826088,75.07305991460274,High
2072,11.49,547,137,455.0,124.92,0.0,180,2.5249283241374862,4.927253685157205,6.1224928095143865,5.198497031265826,1,0.25476839237057225,0.01722767028889478,0.0216600790513834,61.7883879288341,Medium
2073,0.0,0,0,0.0,0.0,0.0,0,0.0,0.0,0.0,0.0,2,1.0,0.0,0.0,100.0,High
2074,13.354,547,89,166.0,261.12,0.0,32,2.66402864900788,4.499809670330265,5.117993812416755,3.4965075614664802,1,0.25476839237057225,0.006285259929574799,0.014071146245059288,62.26843889574019,Medium
2075,3.03,547,192,334.0,220.32,0.0,108,1.3937663759585914,5.262690188904886,5.814130531825066,4.6913478822291435,1,0.25476839237057225,0.012646245882397485,0.03035573122529644,61.75191761755077,Medium
2076,12.47,547,137,278.0,325.12,0.0,32,2.6004649904222727,4.927253685157205,5.631211781821365,3.4965075614664802,1,0.25476839237057225,0.01052591723145659,0.0216600790513834,61.98944052055724,Medium
2077,3.298,547,378,585.0,220.32,0.0,108,1.4581497982203186,5.937536205082426,6.373319789577012,4.6913478822291435,1,0.25476839237057225,0.022149861800007574,0.05976284584980237,60.87866684753234,Medium
2078,14.55,547,77,180.0,325.12,0.0,32,2.744060638625243,4.356708826689592,5.198497031265826,3.4965075614664802,1,0.25476839237057225,0.006815342092310023,0.01217391304347826,62.29048109488975,Medium
2079,3.829,456,184,433.0,502.74,1.19,630,1.574639406891405,5.220355825078324,6.073044534100405,6.447305862541213,1,0.37874659400544963,0.016394684033168,0.02909090909090909,67.86367099745925,High
2080,3.91,547,51,105.0,502.74,1.19,630,1.5912739418064292,3.9512437185814275,4.663439094112067,6.447305862541213,1,0.25476839237057225,0.003975616220514179,0.008063241106719368,62.4578863097788,Medium
2081,4.2,456,81,251.0,502.74,1.19,630,1.6486586255873816,4.406719247264253,5.529429087511423,6.447305862541213,1,0.37874659400544963,0.009503615917610087,0.012806324110671936,68.39609474053074,High
2082,4.58,456,154,268.0,502.74,1.19,630,1.7191887763932197,5.043425116919247,5.594711379601839,6.447305862541213,1,0.37874659400544963,0.010147287115217144,0.02434782608695652,68.14595456507683,High
2083,4.49,456,64,150.0,502.74,1.19,630,1.7029282555214393,4.174387269895637,5.017279836814924,6.447305862541213,1,0.37874659400544963,0.005679451743591685,0.010118577075098814,68.56457460646276,High
2084,4.813,0,38,88.0,110.4,0.64,48,1.7600967887192134,3.6635616461296463,4.48863636973214,3.8918202981106265,2,1.0,0.003331945022907122,0.006007905138339921,99.77988354654599,High
2085,15.96,0,12,18.0,300.0,1.19,80,2.830857630363757,2.5649493574615367,2.9444389791664403,4.394449154672439,2,1.0,0.0006815342092310022,0.0018972332015810276,99.94160930969144,High
2086,0.0,0,46,263.0,432.0,1.19,864,0.0,3.8501476017100584,5.575949103146316,6.762729506931879,2,1.0,0.009957972057097421,0.007272727272727273,99.55580629283254,High
2087,1.47,0,0,0.0,76.8,1.19,192,0.9042181506398859,0.0,0.0,5.262690188904886,2,1.0,0.0,0.0,100.0,High
2088,1.78,0,3,1000.0,319.2,1.19,840,1.0224509277025458,1.3862943611198906,6.90875477931522,6.734591659972948,2,1.0,0.03786301162394457,0.0004743083003952569,98.85462348527375,High
2089,0.0,0,0,0.0,450.0,1.19,2500,0.0,0.0,0.0,7.824445930877619,2,1.0,0.0,0.0,100.0,High
2090,0.63,0,1,69.0,48.0,0.0,12000,0.48858001481867097,0.6931471805599453,4.248495242049359,9.392745258631441,2,1.0,0.0026125478020521753,0.00015810276679841898,99.91846151060247,High
2091,0.0,0,0,0.0,128.0,0.0,12800,0.0,0.0,0.0,9.45727857185611,2,1.0,0.0,0.0,100.0,High
2092,0.0,0,76,929.0,25.0,0.0,2500,0.0,4.343805421853684,6.835184586147301,7.824445930877619,2,1.0,0.0351747377986445,0.012015810276679842,98.70444166050707,High
2093,0.13,0,71,6927.0,25.0,0.0,2500,0.12221763272424921,4.276666119016055,8.843326450242271,7.824445930877619,2,1.0,0.26227708151906404,0.011225296442687747,91.90718162557432,High
2094,1.48,0,19,257.0,135.0,0.0,1800,0.9082585601768908,2.995732273553991,5.552959584921617,7.496097345175956,2,1.0,0.009730793987353754,0.0030039525691699606,99.647997128996,High
2095,6.35,0,2,7.0,264.0,0.0,480,1.9947003132247452,1.0986122886681098,2.0794415416798357,6.175867270105761,2,1.0,0.00026504108136761196,0.00031620553359683795,99.98572465688703,High
2096,0.4,0,20,2460.0,160.0,0.0,8000,0.33647223662121295,3.044522437723423,7.8083230503910555,8.987321812850125,2,1.0,0.09314300859490364,0.0031620553359683794,97.14246863543352,High
2097,0.0,0,57,72.0,210.0,0.0,50,0.0,4.060443010546419,4.290459441148391,3.9318256327243257,2,1.0,0.002726136836924009,0.009011857707509882,99.73797874074208,High
2098,0.0,0,45,1554.0,250.0,0.0,2500,0.0,3.828641396489095,7.349230824613334,7.824445930877619,2,1.0,0.05883912006360986,0.0071146245059288534,98.09253390797313,High
2099,4.35,0,28,371.0,126.0,0.0,360,1.6770965609079151,3.367295829986474,5.918893854273146,5.8888779583328805,2,1.0,0.014047177312483434,0.004426877470355731,99.49004713121839,High
2100,0.0,0,0,0.0,120.0,0.0,6,0.0,0.0,0.0,1.9459101490553132,2,1.0,0.0,0.0,100.0,High
2101,0.0,0,3,3.0,6.4,0.0,8,0.0,1.3862943611198906,1.3862943611198906,2.1972245773362196,2,1.0,0.0001135890348718337,0.0004743083003952569,99.98710616294593,High
2102,0.0,0,0,0.0,96.0,0.0,3,0.0,0.0,0.0,1.3862943611198906,2,1.0,0.0,0.0,100.0,High
2103,0.0,0,0,0.0,358.0,0.0,2,0.0,0.0,0.0,1.0986122886681098,2,1.0,0.0,0.0,100.0,High
2104,0.0,0,0,0.0,24.0,0.0,3,0.0,0.0,0.0,1.3862943611198906,2,1.0,0.0,0.0,100.0,High
2105,5.076,547,13,317.0,69.84,0.0,24,1.8043465847335263,2.6390573296152584,5.762051382780177,3.2188758248682006,1,0.25476839237057225,0.012002574684790428,0.0020553359683794467,62.33723565861731,Medium
2106,0.0,0,12,119.0,96.0,0.0,384,0.0,2.5649493574615367,4.787491742782046,5.953243334287785,2,1.0,0.004505698383249403,0.0018972332015810276,99.82688438447089,High
2107,0.695,0,11,119.0,57.6,0.0,1152,0.5276827408324136,2.4849066497880004,4.787491742782046,7.050122520269059,2,1.0,0.004505698383249403,0.0017391304347826088,99.83004643980686,High
2108,2.106,0,2,32.0,60.48,0.0,144,1.1333357247264952,1.0986122886681098,3.4965075614664802,4.976733742420574,2,1.0,0.0012116163719662263,0.00031620553359683795,99.95732739816908,High
2109,0.0,0,0,0.0,2.4,0.0,2400,0.0,0.0,0.0,7.783640596221253,2,1.0,0.0,0.0,100.0,High
2110,0.0,0,0,0.0,128.0,0.0,1600,0.0,0.0,0.0,7.3783837129967145,2,1.0,0.0,0.0,100.0,High
2111,18.45,365,182,335.0,657.72,0.0,36,2.9678470700644555,5.209486152841421,5.817111159963204,3.6109179126442243,1,0.5027247956403269,0.012684108894021431,0.028774703557312254,74.18022244404946,High
2112,11.074,547,96,212.0,259.2,0.0,32,2.4910543803742344,4.574710978503383,5.3612921657094255,3.4965075614664802,1,0.25476839237057225,0.008026958464276248,0.01517786561264822,62.19405355234736,Medium
2113,18.1,547,214,457.0,641.34,0.0,42,2.9496883350525844,5.3706380281276624,6.126869184114185,3.7612001156935624,1,0.25476839237057225,0.017303396312142668,0.03383399209486166,61.542637887267105,Medium
2114,18.22,547,127,244.0,641.34,0.0,42,2.9559514035421466,4.852030263919617,5.501258210544727,3.7612001156935624,1,0.25476839237057225,0.009238574836242474,0.02007905138339921,62.059681345773356,Medium
2115,60.04,0,3,4.0,40.0,0.0,8,4.111529386976201,1.3862943611198906,1.6094379124341003,2.1972245773362196,0,1.0,0.00015145204649577828,0.0004743083003952569,99.98597027259723,High
2116,1.47,0,0,0.0,20.16,0.0,144,0.9042181506398859,0.0,0.0,4.976733742420574,2,1.0,0.0,0.0,100.0,High
2117,0.0,0,34,1343.0,45.0,0.0,2250,0.0,3.5553480614894135,7.203405521083095,7.719129840906732,2,1.0,0.050850024610957556,0.005375494071146245,98.36698938024836,High
2118,1.04,0,94,1246.0,224.64,0.0,1728,0.712949807856125,4.553876891600541,7.1284959456800365,7.455298485683291,2,1.0,0.04717731248343493,0.014861660079051384,98.28744742391592,High
2119,0.0,0,4,601.0,40.0,0.0,4000,0.0,1.6094379124341003,6.400257445308821,8.294299608857235,2,1.0,0.022755669985990684,0.0006324110671936759,99.30468167907641,High
2120,0.0,0,0,0.0,20.0,0.0,1,0.0,0.0,0.0,0.6931471805599453,2,1.0,0.0,0.0,100.0,High
2121,0.0,0,3,3.0,40.0,0.0,4,0.0,1.3862943611198906,1.3862943611198906,1.6094379124341003,2,1.0,0.0001135890348718337,0.0004743083003952569,99.98710616294593,High
2122,0.0,0,2,2.0,48.0,0.0,4,0.0,1.0986122886681098,1.0986122886681098,1.6094379124341003,2,1.0,7.572602324788914e-05,0.00031620553359683795,99.99140410863062,High
2123,0.0,0,2,2.0,42.0,0.0,6,0.0,1.0986122886681098,1.0986122886681098,1.9459101490553132,2,1.0,7.572602324788914e-05,0.00031620553359683795,99.99140410863062,High
2124,0.0,0,0,0.0,59.2,0.0,16,0.0,0.0,0.0,2.833213344056216,2,1.0,0.0,0.0,100.0,High
2125,0.0,0,5,10.0,100.0,0.0,5,0.0,1.791759469228055,2.3978952727983707,1.791759469228055,2,1.0,0.00037863011623944567,0.0007905138339920949,99.97283081983298,High
2126,0.0,0,1,1.0,20.0,0.0,1,0.0,0.6931471805599453,0.6931471805599453,0.6931471805599453,2,1.0,3.786301162394457e-05,0.00015810276679841898,99.99570205431532,High
2127,0.0,0,1,1.0,78.0,0.0,4,0.0,0.6931471805599453,0.6931471805599453,1.6094379124341003,2,1.0,3.786301162394457e-05,0.00015810276679841898,99.99570205431532,High
2128,0.0,0,2,14.0,24.0,0.0,10,0.0,1.0986122886681098,2.70805020110221,2.3978952727983707,2,1.0,0.0005300821627352239,0.00031620553359683795,99.97777342444601,High
2129,0.0,0,0,0.0,20.0,0.8,1,0.0,0.0,0.0,0.6931471805599453,2,1.0,0.0,0.0,100.0,High
2130,0.0,0,0,0.0,40.0,0.0,4,0.0,0.0,0.0,1.6094379124341003,2,1.0,0.0,0.0,100.0,High
2131,0.0,0,0,0.0,24.0,0.0,8,0.0,0.0,0.0,2.1972245773362196,2,1.0,0.0,0.0,100.0,High
2132,0.0,0,11,68.0,57.6,1.19,288,0.0,2.4849066497880004,4.23410650459726,5.666426688112432,2,1.0,0.0025746847904282305,0.0017391304347826088,99.8879768475915,High
2133,0.849,0,17,151.0,108.0,1.19,1800,0.6146449524049877,2.8903717578961645,5.0238805208462765,7.496097345175956,2,1.0,0.00571731475521563,0.0026877470355731225,99.77472561663207,High
2134,0.32,0,22,2790.0,108.24,0.0,1968,0.2776317365982795,3.1354942159291497,7.934155233536322,7.585281078639126,2,1.0,0.10563780243080535,0.0034782608695652175,96.76130070968453,High
2135,0.0,0,0,0.0,162.0,0.0,1620,0.0,0.0,0.0,7.390798521735676,2,1.0,0.0,0.0,100.0,High
2136,0.0,0,49,616.0,84.0,0.0,120,0.0,3.912023005428146,6.424869023905388,4.795790545596741,2,1.0,0.023323615160349854,0.00774703557312253,99.14535083372705,High
2137,0.0,0,135,330.0,92.4,0.0,132,0.0,4.912654885736052,5.802118375377063,4.890349128221754,2,1.0,0.012494793835901708,0.021343873517786563,99.19827871456721,High
2138,0.0,0,0,0.0,225.0,0.0,1500,0.0,0.0,0.0,7.313886831633462,2,1.0,0.0,0.0,100.0,High
2139,0.0,0,34,372.0,173.6,0.0,248,0.0,3.5553480614894135,5.921578419643816,5.517452896464707,2,1.0,0.01408504032410738,0.005375494071146245,99.46993890885385,High
2140,0.0,0,3,300.0,60.0,0.0,300,0.0,1.3862943611198906,5.707110264748875,5.707110264748875,2,1.0,0.01135890348718337,0.0004743083003952569,99.6497467293766,High
2141,0.0,0,0,0.0,11.0,1.19,5,0.0,0.0,0.0,1.791759469228055,2,1.0,0.0,0.0,100.0,High
2142,0.0,0,1,110.0,2.2,0.0,110,0.0,0.6931471805599453,4.709530201312334,4.709530201312334,2,1.0,0.004164931278633903,0.00015810276679841898,99.87189000630502,High
2143,0.0,0,1,220.0,29.92,0.0,1760,0.0,0.6931471805599453,5.3981627015177525,7.473637108496206,2,1.0,0.008329862557267805,0.00015810276679841898,99.746942067946,High
2144,0.0,0,3,4.0,80.0,0.0,4,0.0,1.3862943611198906,1.6094379124341003,1.6094379124341003,2,1.0,0.00015145204649577828,0.0004743083003952569,99.98597027259723,High
2145,0.0,0,1,1.0,78.0,0.0,4,0.0,0.6931471805599453,0.6931471805599453,1.6094379124341003,2,1.0,3.786301162394457e-05,0.00015810276679841898,99.99570205431532,High
2146,0.0,0,0,0.0,13.8,0.0,3,0.0,0.0,0.0,1.3862943611198906,2,1.0,0.0,0.0,100.0,High
2147,0.0,0,3,90.0,38.4,0.0,240,0.0,1.3862943611198906,4.51085950651685,5.484796933490655,2,1.0,0.0034076710461550114,0.0004743083003952569,99.88828370260744,High
2148,0.0,0,4,47.0,26.88,0.0,192,0.0,1.6094379124341003,3.871201010907891,5.262690188904886,2,1.0,0.0017795615463253947,0.0006324110671936759,99.93396493226636,High
2149,0.0,0,0,0.0,18.0,0.0,30,0.0,0.0,0.0,3.4339872044851463,2,1.0,0.0,0.0,100.0,High
2150,0.0,0,2,26.0,38.88,0.0,72,0.0,1.0986122886681098,3.295836866004329,4.290459441148391,2,1.0,0.0009844383022225589,0.00031620553359683795,99.96414274026138,High
2151,0.0,0,1,10.0,317.76,0.0,320,0.0,0.6931471805599453,2.3978952727983707,5.771441123130016,2,1.0,0.00037863011623944567,0.00015810276679841898,99.98547904117686,High
2152,0.58,0,0,0.0,21.6,0.0,2400,0.4574248470388754,0.0,0.0,7.783640596221253,2,1.0,0.0,0.0,100.0,High
2153,0.0,0,5,20.0,77.85,0.0,225,0.0,1.791759469228055,3.044522437723423,5.420534999272286,2,1.0,0.0007572602324788913,0.0007905138339920949,99.96147191634579,High
2154,0.0,0,0,0.0,48.0,0.0,6,0.0,0.0,0.0,1.9459101490553132,2,1.0,0.0,0.0,100.0,High
2155,0.0,0,7,430.0,13.44,0.0,960,0.0,2.0794415416798357,6.066108090103747,6.8679744089702925,2,1.0,0.016281094998296164,0.0011067193675889327,99.48943276269935,High
2156,0.0,0,13,2440.0,45.6,0.0,12000,0.0,2.6390573296152584,7.80016307039296,9.392745258631441,2,1.0,0.09238574836242475,0.0020553359683794467,97.18732082975967,High
2157,0.18,0,5,419.0,45.6,0.0,12000,0.16551443847757338,1.791759469228055,6.040254711277414,9.392745258631441,2,1.0,0.015864601870432773,0.0007905138339920949,99.50825166720718,High
2158,77.2,0,6,26.0,12.0,0.0,30,4.359269647551265,1.9459101490553132,3.295836866004329,3.4339872044851463,0,1.0,0.0009844383022225589,0.0009486166007905138,99.95149451891751,High
2159,0.0,0,1,3.0,10.8,0.0,30,0.0,0.6931471805599453,1.3862943611198906,3.4339872044851463,2,1.0,0.0001135890348718337,0.00015810276679841898,99.99343027361788,High
2160,20.0,0,6,29.0,10.8,0.0,12,3.044522437723423,1.9459101490553132,3.4011973816621555,2.5649493574615367,2,1.0,0.0010980273370943924,0.0009486166007905138,99.94808684787135,High
2161,0.0,0,23,3641.0,309.6,0.0,2400,0.0,3.1780538303479458,8.200288260287554,7.783640596221253,2,1.0,0.13785922532278216,0.0036363636363636364,95.79149596758927,High
2162,0.0,0,0,0.0,52.0,0.0,4,0.0,0.0,0.0,1.6094379124341003,2,1.0,0.0,0.0,100.0,High
2163,0.0,0,0,0.0,52.0,0.0,4,0.0,0.0,0.0,1.6094379124341003,2,1.0,0.0,0.0,100.0,High
2164,0.0,0,10,36.0,9.6,0.0,120,0.0,2.3978952727983707,3.6109179126442243,4.795790545596741,2,1.0,0.0013630684184620045,0.0015810276679841897,99.92748739408646,High
2165,0.0,0,10,128.0,11.52,0.0,640,0.0,2.3978952727983707,4.859812404361672,6.46302945692067,2,1.0,0.004846465487864905,0.0015810276679841897,99.82298548200437,High
2166,0.0,0,0,0.0,20.0,0.0,1,0.0,0.0,0.0,0.6931471805599453,2,1.0,0.0,0.0,100.0,High
2167,0.0,0,7,16.0,31.6,0.0,16,0.0,2.0794415416798357,2.833213344056216,2.833213344056216,2,1.0,0.0006058081859831131,0.0011067193675889327,99.95969136706873,High
2168,0.0,0,3,3.0,21.96,0.0,6,0.0,1.3862943611198906,1.3862943611198906,1.9459101490553132,2,1.0,0.0001135890348718337,0.0004743083003952569,99.98710616294593,High
2169,0.0,0,0,0.0,48.0,0.0,12000,0.0,0.0,0.0,9.392745258631441,2,1.0,0.0,0.0,100.0,High
2170,0.0,0,0,0.0,48.0,0.0,12000,0.0,0.0,0.0,9.392745258631441,2,1.0,0.0,0.0,100.0,High
2171,0.0,0,0,0.0,48.0,0.0,12000,0.0,0.0,0.0,9.392745258631441,2,1.0,0.0,0.0,100.0,High
2172,0.0,0,0,0.0,48.0,0.0,12000,0.0,0.0,0.0,9.392745258631441,2,1.0,0.0,0.0,100.0,High
2173,0.0,0,1,1.0,16.0,1.19,8,0.0,0.6931471805599453,0.6931471805599453,2.1972245773362196,2,1.0,3.786301162394457e-05,0.00015810276679841898,99.99570205431532,High
2174,0.0,0,1,1.0,30.0,0.0,3,0.0,0.6931471805599453,0.6931471805599453,1.3862943611198906,2,1.0,3.786301162394457e-05,0.00015810276679841898,99.99570205431532,High
2175,0.0,0,4,7.0,1.2,0.0,12,0.0,1.6094379124341003,2.0794415416798357,2.5649493574615367,2,1.0,0.00026504108136761196,0.0006324110671936759,99.97940054621509,High
2176,0.0,0,2,3.0,36.0,0.0,12,0.0,1.0986122886681098,1.3862943611198906,2.5649493574615367,2,1.0,0.0001135890348718337,0.00031620553359683795,99.99026821828191,High
2177,0.0,0,0,0.0,84.0,0.0,6,0.0,0.0,0.0,1.9459101490553132,2,1.0,0.0,0.0,100.0,High
2178,0.0,0,1,3.0,80.0,0.0,4,0.0,0.6931471805599453,1.3862943611198906,1.6094379124341003,2,1.0,0.0001135890348718337,0.00015810276679841898,99.99343027361788,High
2179,0.0,0,5,5.0,14.688,0.0,36,0.0,1.791759469228055,1.791759469228055,3.6109179126442243,2,1.0,0.00018931505811972283,0.0007905138339920949,99.97851027157657,High
2180,0.0,0,1,1.0,20.0,0.0,1,0.0,0.6931471805599453,0.6931471805599453,0.6931471805599453,2,1.0,3.786301162394457e-05,0.00015810276679841898,99.99570205431532,High
2181,0.0,0,1,17.0,19.2,0.0,48,0.0,0.6931471805599453,2.8903717578961645,3.8918202981106265,2,1.0,0.0006436711976070576,0.00015810276679841898,99.97752780873583,High
2182,0.0,0,2,42.0,19.2,0.0,48,0.0,1.0986122886681098,3.7612001156935624,3.8918202981106265,2,1.0,0.0015902464882056719,0.00031620553359683795,99.94596849468189,High
2183,0.0,0,1,40.0,153.6,0.0,384,0.0,0.6931471805599453,3.713572066704308,5.953243334287785,2,1.0,0.0015145204649577827,0.00015810276679841898,99.9514023307153,High
2184,0.532,730,115,896.0,163.584,0.0,384,0.4265740713183996,4.7535901911063645,6.799055862058796,5.953243334287785,1,0.00544959128065392,0.03392525841505433,0.01818181818181818,48.891085447944704,Medium
2185,0.0,0,26,541.0,173.6,0.0,248,0.0,3.295836866004329,6.295266001439646,5.517452896464707,2,1.0,0.020483889288554012,0.004110671936758893,99.3032698826082,High
2186,0.0,0,20,575.0,20.16,0.0,144,0.0,3.044522437723423,6.3561076606958915,4.976733742420574,2,1.0,0.021771231683768127,0.0031620553359683794,99.28362194276758,High
2187,208.48,0,1,2.0,40.0,0.0,2,5.344628269411287,0.6931471805599453,1.0986122886681098,1.0986122886681098,0,1.0,7.572602324788914e-05,0.00015810276679841898,99.9945661639666,High
2188,0.0,0,22,626.0,77.76,0.0,288,0.0,3.1354942159291497,6.440946540632921,5.666426688112432,2,1.0,0.0237022452765893,0.0034782608695652175,99.21936742431102,High
2189,6.05,547,447,961.0,226.8,0.0,108,1.9530276168241774,6.104793232414985,6.8690144506657065,4.6913478822291435,1,0.25476839237057225,0.03638635417061073,0.07067193675889329,60.23339025823242,Medium
2190,1.5,0,1,100.0,450.0,0.0,2500,0.9162907318741551,0.6931471805599453,4.61512051684126,7.824445930877619,2,1.0,0.003786301162394457,0.00015810276679841898,99.8832489097922,High
2191,6.35,0,12,44.0,92.8,0.0,160,1.9947003132247452,2.5649493574615367,3.8066624897703196,5.081404364984463,2,1.0,0.001665972511453561,0.0018972332015810276,99.91207616062476,High
2192,0.0,0,0,0.0,150.0,0.0,1500,0.0,0.0,0.0,7.313886831633462,2,1.0,0.0,0.0,100.0,High
2193,0.0,0,0,0.0,150.0,0.0,1500,0.0,0.0,0.0,7.313886831633462,2,1.0,0.0,0.0,100.0,High
2194,0.0,0,41,106.0,83.2,0.0,80,0.0,3.7376696182833684,4.672828834461906,4.394449154672439,2,1.0,0.004013479232138124,0.006482213438735178,99.74995135426116,High
2195,0.0,0,34,638.0,250.0,0.0,2500,0.0,3.5553480614894135,6.459904454377535,7.824445930877619,2,1.0,0.024156601416076635,0.005375494071146245,99.16779207609477,High
2196,0.62,0,69,2708.0,16.0,0.0,8000,0.4824261492442927,4.248495242049359,7.904334842085095,8.987321812850125,2,1.0,0.10253303547764189,0.01090909090909091,96.70582711748892,High
2197,0.869,730,85,1013.0,180.48,0.0,384,0.6254035284734257,4.454347296253507,6.921658184151129,5.953243334287785,1,0.00544959128065392,0.03835523077505585,0.013438735177865613,48.85304793722371,Medium
2198,2.76,730,57,323.0,336.96,0.0,288,1.324418957401803,4.060443010546419,5.780743515792329,5.666426688112432,1,0.00544959128065392,0.012229752754534095,0.009011857707509882,49.725349827246475,Medium
2199,0.0,0,13,458.0,50.0,0.0,100,0.0,2.6390573296152584,6.129050210060545,4.61512051684126,2,1.0,0.017341259323766612,0.0020553359683794467,99.43865550091941,High
2200,0.0,0,1,1.0,18.0,0.0,1,0.0,0.6931471805599453,0.6931471805599453,0.6931471805599453,2,1.0,3.786301162394457e-05,0.00015810276679841898,99.99570205431532,High
2201,0.0,0,300,697.0,84.0,0.0,120,0.0,5.707110264748875,6.548219102762372,4.795790545596741,2,1.0,0.026390519101889363,0.04743083003952569,98.2596678261528,High
2202,0.0,0,12,316.0,60.0,0.0,1200,0.0,2.5649493574615367,5.75890177387728,7.0909098220799835,2,1.0,0.011964711673166484,0.0018972332015810276,99.60311398577338,High
2203,0.0,0,7,15.0,180.0,0.0,900,0.0,2.0794415416798357,2.772588722239781,6.803505257608338,2,1.0,0.0005679451743591685,0.0011067193675889327,99.96082725741745,High
2204,0.0,0,15,64.0,180.0,0.0,1800,0.0,2.772588722239781,4.174387269895637,7.496097345175956,2,1.0,0.0024232327439324525,0.0023715415019762848,99.8798721876425,High
2205,0.0,0,9,58.0,207.0,0.0,900,0.0,2.302585092994046,4.07753744390572,6.803505257608338,2,1.0,0.002196054674188785,0.0014229249011857706,99.90565986175062,High
2206,0.0,0,11,95.0,130.56,0.0,384,0.0,2.4849066497880004,4.564348191467836,5.953243334287785,2,1.0,0.003596986104274734,0.0017391304347826088,99.8573078081761,High
2207,0.0,0,2,160.0,800.0,0.0,200000,0.0,1.0986122886681098,5.081404364984463,12.206077645517674,2,1.0,0.006058081859831131,0.00031620553359683795,99.81193343353313,High
2208,0.0,0,8,12.0,152.0,0.0,160,0.0,2.1972245773362196,2.5649493574615367,5.081404364984463,2,1.0,0.0004543561394873348,0.0012648221343873518,99.96107287312763,High
2209,0.0,0,4,10.0,112.128,0.0,192,0.0,1.6094379124341003,2.3978952727983707,5.262690188904886,2,1.0,0.00037863011623944567,0.0006324110671936759,99.97599287516896,High
2210,0.0,0,34,121.0,180.0,0.0,900,0.0,3.5553480614894135,4.804021044733257,6.803505257608338,2,1.0,0.004581424406497293,0.005375494071146245,99.75504738638216,High
2211,0.0,0,4,21.0,16.0,0.0,800,0.0,1.6094379124341003,3.091042453358316,6.68586094706836,2,1.0,0.0007951232441028359,0.0006324110671936759,99.96349808133303,High
2212,0.0,0,2,9.0,144.0,0.0,1600,0.0,1.0986122886681098,2.302585092994046,7.3783837129967145,2,1.0,0.0003407671046155011,0.00031620553359683795,99.9834528761896,High
2213,0.0,0,6,300.0,36.0,0.0,1200,0.0,1.9459101490553132,5.707110264748875,7.0909098220799835,2,1.0,0.01135890348718337,0.0009486166007905138,99.6402605633687,High
2214,0.0,0,2,5.0,2.5,0.0,5,0.0,1.0986122886681098,1.791759469228055,1.791759469228055,2,1.0,0.00018931505811972283,0.00031620553359683795,99.98799643758448,High
2215,3.27,547,112,216.0,262.98,0.0,108,1.451613827240533,4.727387818712341,5.37989735354046,4.6913478822291435,1,0.25476839237057225,0.008178410510772028,0.017707509881422924,62.13891710557699,Medium
2216,5.905,0,7,19.0,240.0,0.0,400,1.9322457868612555,2.0794415416798357,2.995732273553991,5.993961427306569,2,1.0,0.0007193972208549468,0.0011067193675889327,99.95628369602258,High
2217,0.0,0,5,700.0,21.0,0.0,4200,0.0,1.791759469228055,6.55250788703459,8.343077871169383,2,1.0,0.026504108136761198,0.0007905138339920949,99.18906647921732,High
2218,0.0,0,10,508.0,192.0,0.0,1600,0.0,2.3978952727983707,6.2324480165505225,7.3783837129967145,2,1.0,0.01923440990496384,0.0015810276679841897,99.39134714949141,High
2219,0.0,0,18,235.0,36.0,0.0,180,0.0,2.9444389791664403,5.4638318050256105,5.198497031265826,2,1.0,0.008897807731626973,0.0028458498023715413,99.67614877200376,High
2220,0.0,0,28,359.0,12.0,0.0,600,0.0,3.367295829986474,5.886104031450156,6.398594934535208,2,1.0,0.0135928211729961,0.004426877470355731,99.50367781540301,High
2221,0.0,547,6,100.0,93.12,1.19,32,0.0,1.9459101490553132,4.61512051684126,3.4965075614664802,0,0.25476839237057225,0.003786301162394457,0.0009486166007905138,62.60585825164098,Medium
2222,0.0,0,1,10.0,6.0,0.0,10,0.0,0.6931471805599453,2.3978952727983707,2.3978952727983707,2,1.0,0.00037863011623944567,0.00015810276679841898,99.98547904117686,High
2223,0.0,0,4,8.0,44.0,0.0,8,0.0,1.6094379124341003,2.1972245773362196,2.1972245773362196,2,1.0,0.00030290409299155657,0.0006324110671936759,99.97826465586638,High
2224,0.0,0,1,1.0,67.2,0.0,12,0.0,0.6931471805599453,0.6931471805599453,2.5649493574615367,2,1.0,3.786301162394457e-05,0.00015810276679841898,99.99570205431532,High
2225,0.0,0,4,4.0,37.2,0.0,12,0.0,1.6094379124341003,1.6094379124341003,2.5649493574615367,2,1.0,0.00015145204649577828,0.0006324110671936759,99.98280821726125,High
2226,0.0,0,2,2.0,52.44,0.0,6,0.0,1.0986122886681098,1.0986122886681098,1.9459101490553132,2,1.0,7.572602324788914e-05,0.00031620553359683795,99.99140410863062,High
2227,0.0,0,5,6.0,33.0,0.0,6,0.0,1.791759469228055,1.9459101490553132,1.9459101490553132,2,1.0,0.0002271780697436674,0.0007905138339920949,99.97737438122785,High
2228,0.0,0,2,2.0,9.04,0.0,2,0.0,1.0986122886681098,1.0986122886681098,1.0986122886681098,2,1.0,7.572602324788914e-05,0.00031620553359683795,99.99140410863062,High
2229,0.0,0,1,1.0,30.0,0.0,2,0.0,0.6931471805599453,0.6931471805599453,1.0986122886681098,2,1.0,3.786301162394457e-05,0.00015810276679841898,99.99570205431532,High
2230,0.0,0,6,6.0,60.0,0.0,4,0.0,1.9459101490553132,1.9459101490553132,1.6094379124341003,2,1.0,0.0002271780697436674,0.0009486166007905138,99.97421232589187,High
2231,0.0,0,3,4.0,60.0,0.0,4,0.0,1.3862943611198906,1.6094379124341003,1.6094379124341003,2,1.0,0.00015145204649577828,0.0004743083003952569,99.98597027259723,High
2232,0.0,0,1,1.0,5.47,0.0,1,0.0,0.6931471805599453,0.6931471805599453,0.6931471805599453,2,1.0,3.786301162394457e-05,0.00015810276679841898,99.99570205431532,High
2233,0.0,0,0,0.0,44.0,0.0,8,0.0,0.0,0.0,2.1972245773362196,2,1.0,0.0,0.0,100.0,High
2234,0.0,0,16,284.0,20.16,0.0,144,0.0,2.833213344056216,5.652489180268651,4.976733742420574,2,1.0,0.010753095301200258,0.0025296442687747036,99.62681425558849,High
2235,0.0,0,32,294.0,20.16,0.0,144,0.0,3.4965075614664802,5.68697535633982,4.976733742420574,2,1.0,0.011131725417439703,0.005059288537549407,99.56486246672583,High
2236,0.0,0,28,185.0,92.8,0.0,160,0.0,3.367295829986474,5.225746673713202,5.081404364984463,2,1.0,0.007004657150429745,0.004426877470355731,99.70132273608,High
2237,0.0,0,144,967.0,120.0,0.0,2400,0.0,4.976733742420574,6.875232087276577,7.783640596221253,2,1.0,0.0366135322403544,0.02276679841897233,98.44625806440992,High
2238,1.038,0,132,1306.0,60.0,0.0,1200,0.7119689348005331,4.890349128221754,7.175489713624222,7.0909098220799835,2,1.0,0.04944909318087161,0.020869565217391306,98.09913590022602,High
2239,0.0,0,2,7.0,79.2,0.0,120,0.0,1.0986122886681098,2.0794415416798357,4.795790545596741,2,1.0,0.00026504108136761196,0.00031620553359683795,99.98572465688703,High
2240,0.92,730,19,140.0,88.704,0.0,144,0.6523251860396903,2.995732273553991,4.948759890378168,4.976733742420574,1,0.00544959128065392,0.005300821627352239,0.0030039525691699606,50.053375863828734,Medium
2241,0.0,547,0,0.0,105.6,0.0,1920,0.0,0.0,0.0,7.560601162768557,0,0.25476839237057225,0.0,0.0,62.73841961852862,Medium
2242,0.0,0,41,1636.0,330.0,0.0,6000,0.0,3.7376696182833684,7.400620577371135,8.699681400989514,2,1.0,0.061943887016773315,0.006482213438735178,98.0120391207221,High
2243,0.0,0,2,60.0,96.0,0.0,240,0.0,1.0986122886681098,4.110873864173311,5.484796933490655,2,1.0,0.002271780697436674,0.00031620553359683795,99.92552246840496,High
2244,2.02,730,354,710.0,322.56,0.0,288,1.1052568313867783,5.872117789475416,6.566672429803241,5.666426688112432,1,0.00544959128065392,0.026882738253000645,0.055968379446640314,48.346629827509865,Medium
2245,1.99,730,363,765.0,322.56,0.0,288,1.095273387402595,5.8971538676367405,6.641182169740591,5.666426688112432,1,0.00544959128065392,0.028965203892317593,0.057391304347826085,48.25569736030665,Medium
2246,0.0,0,12,119.0,126.0,0.0,100,0.0,2.5649493574615367,4.787491742782046,4.61512051684126,2,1.0,0.004505698383249403,0.0018972332015810276,99.82688438447089,High
2247,0.0,0,6,59.0,518.4,0.0,1920,0.0,1.9459101490553132,4.0943445622221,7.560601162768557,2,1.0,0.0022339176858127297,0.0009486166007905138,99.91401013740982,High
2248,0.0,0,0,0.0,3.0,0.0,1,0.0,0.0,0.0,0.6931471805599453,2,1.0,0.0,0.0,100.0,High
2249,0.0,0,0,0.0,5.0,0.0,1,0.0,0.0,0.0,0.6931471805599453,2,1.0,0.0,0.0,100.0,High
2250,0.0,730,1,120.0,88.704,0.0,144,0.0,0.6931471805599453,4.795790545596741,4.976733742420574,0,0.00544959128065392,0.004543561394873348,0.00015810276679841898,50.13301066685053,Medium
2251,0.0,0,1,2.0,3.37,0.0,1,0.0,0.6931471805599453,1.0986122886681098,0.6931471805599453,2,1.0,7.572602324788914e-05,0.00015810276679841898,99.9945661639666,High
2252,0.0,0,1,2.0,8.28,0.0,2,0.0,0.6931471805599453,1.0986122886681098,1.0986122886681098,2,1.0,7.572602324788914e-05,0.00015810276679841898,99.9945661639666,High
2253,0.0,0,0,0.0,2.7,0.0,10,0.0,0.0,0.0,2.3978952727983707,2,1.0,0.0,0.0,100.0,High
2254,0.0,0,0,0.0,2.7,0.0,10,0.0,0.0,0.0,2.3978952727983707,2,1.0,0.0,0.0,100.0,High
2255,0.0,0,0,0.0,8.67,0.0,1,0.0,0.0,0.0,0.6931471805599453,2,1.0,0.0,0.0,100.0,High
2256,0.0,0,1,1.0,6.55,0.0,1,0.0,0.6931471805599453,0.6931471805599453,0.6931471805599453,2,1.0,3.786301162394457e-05,0.00015810276679841898,99.99570205431532,High
2257,0.0,0,2,2.0,20.0,0.0,1,0.0,1.0986122886681098,1.0986122886681098,0.6931471805599453,2,1.0,7.572602324788914e-05,0.00031620553359683795,99.99140410863062,High
2258,0.0,0,0,0.0,14.06,0.0,1,0.0,0.0,0.0,0.6931471805599453,2,1.0,0.0,0.0,100.0,High
2259,0.0,0,1,1.0,18.47,0.0,1,0.0,0.6931471805599453,0.6931471805599453,0.6931471805599453,2,1.0,3.786301162394457e-05,0.00015810276679841898,99.99570205431532,High
2260,0.0,730,170,408.0,336.96,0.9,288,0.0,5.14166355650266,6.013715156042802,5.666426688112432,1,0.00544959128065392,0.015448108742569385,0.026877470355731226,49.271486894640994,Medium
2261,0.0,0,4,30.0,15.0,0.0,15,0.0,1.6094379124341003,3.4339872044851463,2.772588722239781,2,1.0,0.001135890348718337,0.0006324110671936759,99.95327506819457,High
2262,0.0,0,4,17.0,5.76,0.0,24,0.0,1.6094379124341003,2.8903717578961645,3.2188758248682006,2,1.0,0.0006436711976070576,0.0006324110671936759,99.96804164272791,High
2263,0.0,0,38,42.0,6.0,0.0,12,0.0,3.6635616461296463,3.7612001156935624,2.5649493574615367,2,1.0,0.0015902464882056719,0.006007905138339921,99.83213450258704,High
2264,0.0,0,29,309.0,9.12,0.0,48,0.0,3.4011973816621555,5.736572297479192,3.8918202981106265,2,1.0,0.011699670591798871,0.00458498023715415,99.55731027750295,High
2265,0.0,0,0,0.0,20.0,0.0,1,0.0,0.0,0.0,0.6931471805599453,2,1.0,0.0,0.0,100.0,High
2266,0.0,0,0,0.0,50.0,0.0,5,0.0,0.0,0.0,1.791759469228055,2,1.0,0.0,0.0,100.0,High
2267,0.0,0,31,36.0,105.6,0.0,1920,0.0,3.4657359027997265,3.6109179126442243,7.560601162768557,2,1.0,0.0013630684184620045,0.004901185770750988,99.86108423203113,High
2268,0.0,0,105,420.0,160.0,1.25,1600,0.0,4.663439094112067,6.042632833682381,7.3783837129967145,2,1.0,0.015902464882056717,0.016600790513833993,99.19091024326163,High
2269,0.0,0,0,0.0,18.0,0.0,1,0.0,0.0,0.0,0.6931471805599453,2,1.0,0.0,0.0,100.0,High
2270,0.0,0,0,0.0,2.7,0.0,10,0.0,0.0,0.0,2.3978952727983707,2,1.0,0.0,0.0,100.0,High
2271,0.0,0,0,0.0,2.7,0.0,10,0.0,0.0,0.0,2.3978952727983707,2,1.0,0.0,0.0,100.0,High
2272,0.0,0,0,0.0,2.7,0.0,10,0.0,0.0,0.0,2.3978952727983707,2,1.0,0.0,0.0,100.0,High
2273,0.0,0,0,0.0,2.7,0.0,10,0.0,0.0,0.0,2.3978952727983707,2,1.0,0.0,0.0,100.0,High
2274,0.0,0,0,0.0,2.7,0.0,10,0.0,0.0,0.0,2.3978952727983707,2,1.0,0.0,0.0,100.0,High
2275,0.0,0,0,0.0,2.7,0.0,10,0.0,0.0,0.0,2.3978952727983707,2,1.0,0.0,0.0,100.0,High
2276,0.0,0,1,1.0,9.58,0.0,1,0.0,0.6931471805599453,0.6931471805599453,0.6931471805599453,2,1.0,3.786301162394457e-05,0.00015810276679841898,99.99570205431532,High
2277,0.0,0,0,0.0,38.36,0.0,4,0.0,0.0,0.0,1.6094379124341003,2,1.0,0.0,0.0,100.0,High
2278,0.0,0,1,1.0,25.11,0.0,3,0.0,0.6931471805599453,0.6931471805599453,1.3862943611198906,2,1.0,3.786301162394457e-05,0.00015810276679841898,99.99570205431532,High
2279,0.0,547,76,1570.0,105.6,0.0,1920,0.0,4.343805421853684,7.359467638255621,7.560601162768557,1,0.25476839237057225,0.05944492824959297,0.012015810276679842,60.714755565507225,Medium
